Date,Campaign,Channel,Category,IsHoliday,HolidayName,Season,Spend,Clicks,Impressions,Conversions,ConversionValue,CTR,CPC,ConvRate,CPA,ROAS,Profit,AnalysisStartDate,AnalysisEndDate
2026-01-01,Demo Campaign 020,Demo Channel 003,Demo Category 010,1,New Year's Day,Winter,143.887971,12,5467,0.0,0.0,0.002194988110481,11.99066425,0.0,0.0,0.0,-143.887971,2026-01-01,2026-01-31
2026-01-01,Demo Campaign 020,Demo Channel 003,Demo Category 012,1,New Year's Day,Winter,443.92014,23,14387,0.0,0.0,0.0015986654618753,19.300875652173914,0.0,0.0,0.0,-443.92014,2026-01-01,2026-01-31
2026-01-01,Demo Campaign 007,Demo Channel 001,Demo Category 004,1,New Year's Day,Winter,62.28,20,57,1.20331,1876.922938,0.3508771929824561,3.114,0.0601655,51.75723628990036,30.13684871547848,1814.642938,2026-01-01,2026-01-31
2026-01-01,Demo Campaign 007,Demo Channel 001,Demo Category 003,1,New Year's Day,Winter,120.733882,26,76,1.0,1059.8,0.3421052631578947,4.643610846153846,0.0384615384615384,120.733882,8.777983300495547,939.066118,2026-01-01,2026-01-31
2026-01-01,Demo Campaign 007,Demo Channel 001,Demo Category 014,1,New Year's Day,Winter,1024.87567,229,1009,9.0,39807.68,0.2269573835480673,4.475439606986899,0.0393013100436681,113.87507444444444,38.84147235147069,38782.80433,2026-01-01,2026-01-31
2026-01-01,Demo Campaign 007,Demo Channel 001,Demo Category 005,1,New Year's Day,Winter,116.224737,29,99,0.09694,170.595012,0.2929292929292929,4.007749551724138,0.0033427586206896,1198.9347740870642,1.4678029514491393,54.37027499999999,2026-01-01,2026-01-31
2026-01-01,Demo Campaign 007,Demo Channel 001,Demo Category 015,1,New Year's Day,Winter,446.326941,75,270,0.0,0.0,0.2777777777777778,5.95102588,0.0,0.0,0.0,-446.326941,2026-01-01,2026-01-31
2026-01-01,Demo Campaign 001,Demo Channel 001,Demo Category 004,1,New Year's Day,Winter,29.81826,6,27,0.0,0.0,0.2222222222222222,4.96971,0.0,0.0,0.0,-29.81826,2026-01-01,2026-01-31
2026-01-01,Demo Campaign 001,Demo Channel 001,Demo Category 003,1,New Year's Day,Winter,24.92,11,42,0.0,0.0,0.2619047619047619,2.2654545454545456,0.0,0.0,0.0,-24.92,2026-01-01,2026-01-31
2026-01-01,Demo Campaign 001,Demo Channel 001,Demo Category 005,1,New Year's Day,Winter,1.43,1,21,0.0,0.0,0.0476190476190476,1.43,0.0,0.0,0.0,-1.43,2026-01-01,2026-01-31
2026-01-01,Demo Campaign 001,Demo Channel 001,Demo Category 001,1,New Year's Day,Winter,198.46337,55,214,3.0,4606.4,0.2570093457943925,3.608424909090909,0.0545454545454545,66.15445666666666,23.210328434914715,4407.936629999999,2026-01-01,2026-01-31
2026-01-01,Demo Campaign 014,Demo Channel 001,Demo Category 023,1,New Year's Day,Winter,122.186868,18,183,0.0,0.0,0.0983606557377049,6.788159333333334,0.0,0.0,0.0,-122.186868,2026-01-01,2026-01-31
2026-01-01,Demo Campaign 014,Demo Channel 001,Demo Category 007,1,New Year's Day,Winter,82.087228,19,142,0.0,0.0,0.1338028169014084,4.320380421052631,0.0,0.0,0.0,-82.087228,2026-01-01,2026-01-31
2026-01-01,Demo Campaign 012,Demo Channel 001,Demo Category 004,1,New Year's Day,Winter,10.81,1,4,0.0,0.0,0.25,10.81,0.0,0.0,0.0,-10.81,2026-01-01,2026-01-31
2026-01-01,Demo Campaign 012,Demo Channel 001,Demo Category 003,1,New Year's Day,Winter,4.5,1,6,0.0,0.0,0.1666666666666666,4.5,0.0,0.0,0.0,-4.5,2026-01-01,2026-01-31
2026-01-01,Demo Campaign 012,Demo Channel 001,Demo Category 014,1,New Year's Day,Winter,51.652846,7,37,0.0,0.0,0.1891891891891892,7.378977999999999,0.0,0.0,0.0,-51.652846,2026-01-01,2026-01-31
2026-01-01,Demo Campaign 012,Demo Channel 001,Demo Category 005,1,New Year's Day,Winter,7.7,1,7,0.0,0.0,0.1428571428571428,7.7,0.0,0.0,0.0,-7.7,2026-01-01,2026-01-31
2026-01-01,Demo Campaign 012,Demo Channel 001,Demo Category 015,1,New Year's Day,Winter,0.0,0,10,0.0,0.0,0.0,0.0,0.0,0.0,0.0,0.0,2026-01-01,2026-01-31
2026-01-01,Demo Campaign 012,Demo Channel 001,Demo Category 001,1,New Year's Day,Winter,0.0,0,1,0.0,0.0,0.0,0.0,0.0,0.0,0.0,0.0,2026-01-01,2026-01-31
2026-01-01,Demo Campaign 009,Demo Channel 001,Demo Category 014,1,New Year's Day,Winter,163.61,5,11,0.0,0.0,0.4545454545454545,32.722,0.0,0.0,0.0,-163.61,2026-01-01,2026-01-31
2026-01-01,Demo Campaign 009,Demo Channel 001,Demo Category 005,1,New Year's Day,Winter,48.358891,9,26,0.0,0.0,0.3461538461538461,5.373210111111111,0.0,0.0,0.0,-48.358891,2026-01-01,2026-01-31
2026-01-01,Demo Campaign 009,Demo Channel 001,Demo Category 015,1,New Year's Day,Winter,0.0,0,2,0.0,0.0,0.0,0.0,0.0,0.0,0.0,0.0,2026-01-01,2026-01-31
2026-01-01,Demo Campaign 006,Demo Channel 001,Demo Category 003,1,New Year's Day,Winter,8.24,3,15,0.0,0.0,0.2,2.7466666666666666,0.0,0.0,0.0,-8.24,2026-01-01,2026-01-31
2026-01-01,Demo Campaign 006,Demo Channel 001,Demo Category 014,1,New Year's Day,Winter,92.090163,13,102,0.0,0.0,0.1274509803921568,7.083858692307692,0.0,0.0,0.0,-92.090163,2026-01-01,2026-01-31
2026-01-01,Demo Campaign 006,Demo Channel 001,Demo Category 005,1,New Year's Day,Winter,9.743049,5,27,0.0,0.0,0.1851851851851851,1.9486098,0.0,0.0,0.0,-9.743049,2026-01-01,2026-01-31
2026-01-01,Demo Campaign 006,Demo Channel 001,Demo Category 015,1,New Year's Day,Winter,56.94,8,51,0.0,0.0,0.1568627450980392,7.1175,0.0,0.0,0.0,-56.94,2026-01-01,2026-01-31
2026-01-01,Demo Campaign 010,Demo Channel 001,Demo Category 014,1,New Year's Day,Winter,29.604004,8,21,0.0,0.0,0.3809523809523809,3.7005005,0.0,0.0,0.0,-29.604004,2026-01-01,2026-01-31
2026-01-01,Demo Campaign 010,Demo Channel 001,Demo Category 005,1,New Year's Day,Winter,264.76,34,234,0.0,0.0,0.1452991452991453,7.787058823529412,0.0,0.0,0.0,-264.76,2026-01-01,2026-01-31
2026-01-01,Demo Campaign 003,Demo Channel 001,Demo Category 013,1,New Year's Day,Winter,1786.108664,1687,4295,60.737555,168533.43259917,0.3927823050058207,1.0587484671013634,0.0360032928275044,29.40698985989805,94.35788314342446,166747.32393517,2026-01-01,2026-01-31
2026-01-01,Demo Campaign 003,Demo Channel 001,Demo Category 017,1,New Year's Day,Winter,30.21,16,224,0.0,0.0,0.0714285714285714,1.888125,0.0,0.0,0.0,-30.21,2026-01-01,2026-01-31
2026-01-01,Demo Campaign 003,Demo Channel 001,Demo Category 031,1,New Year's Day,Winter,26.004088,14,189,0.0,0.0,0.074074074074074,1.8574348571428567,0.0,0.0,0.0,-26.004088,2026-01-01,2026-01-31
2026-01-01,Demo Campaign 003,Demo Channel 001,Demo Category 002,1,New Year's Day,Winter,94.050046,63,183,1.0,999.9,0.3442622950819672,1.492857873015873,0.0158730158730158,94.050046,10.63157374744931,905.849954,2026-01-01,2026-01-31
2026-01-01,Demo Campaign 013,Demo Channel 001,Demo Category 024,1,New Year's Day,Winter,0.0,0,1,0.0,0.0,0.0,0.0,0.0,0.0,0.0,0.0,2026-01-01,2026-01-31
2026-01-01,Demo Campaign 013,Demo Channel 001,Demo Category 021,1,New Year's Day,Winter,0.0,0,6,0.0,0.0,0.0,0.0,0.0,0.0,0.0,0.0,2026-01-01,2026-01-31
2026-01-01,Demo Campaign 013,Demo Channel 001,Demo Category 030,1,New Year's Day,Winter,0.0,0,1,0.0,0.0,0.0,0.0,0.0,0.0,0.0,0.0,2026-01-01,2026-01-31
2026-01-01,Demo Campaign 013,Demo Channel 001,Demo Category 006,1,New Year's Day,Winter,0.0,0,2,0.0,0.0,0.0,0.0,0.0,0.0,0.0,0.0,2026-01-01,2026-01-31
2026-01-01,Demo Campaign 008,Demo Channel 001,Demo Category 004,1,New Year's Day,Winter,77.39,19,221,2.0,4119.6,0.085972850678733,4.073157894736842,0.1052631578947368,38.695,53.23168368006203,4042.210000000001,2026-01-01,2026-01-31
2026-01-01,Demo Campaign 008,Demo Channel 001,Demo Category 003,1,New Year's Day,Winter,49.933193,14,283,0.0,0.0,0.0494699646643109,3.5666566428571427,0.0,0.0,0.0,-49.933193,2026-01-01,2026-01-31
2026-01-01,Demo Campaign 008,Demo Channel 001,Demo Category 005,1,New Year's Day,Winter,87.117086,20,328,0.0,0.0,0.0609756097560975,4.3558543,0.0,0.0,0.0,-87.117086,2026-01-01,2026-01-31
2026-01-01,Demo Campaign 008,Demo Channel 001,Demo Category 015,1,New Year's Day,Winter,273.084896,57,1032,0.0,0.0,0.0552325581395348,4.790963087719298,0.0,0.0,0.0,-273.084896,2026-01-01,2026-01-31
2026-01-01,Demo Campaign 008,Demo Channel 001,Demo Category 001,1,New Year's Day,Winter,4.33,1,7,0.0,0.0,0.1428571428571428,4.33,0.0,0.0,0.0,-4.33,2026-01-01,2026-01-31
2026-01-01,Demo Campaign 002,Demo Channel 001,Demo Category 004,1,New Year's Day,Winter,56.18,9,80,0.0,0.0,0.1125,6.242222222222222,0.0,0.0,0.0,-56.18,2026-01-01,2026-01-31
2026-01-01,Demo Campaign 002,Demo Channel 001,Demo Category 005,1,New Year's Day,Winter,4.61,1,6,0.0,0.0,0.1666666666666666,4.61,0.0,0.0,0.0,-4.61,2026-01-01,2026-01-31
2026-01-01,Demo Campaign 002,Demo Channel 001,Demo Category 001,1,New Year's Day,Winter,112.32441,27,202,1.864826,2535.7903948,0.1336633663366336,4.160163333333333,0.0690676296296296,60.23318529449932,22.575595053648623,2423.4659848,2026-01-01,2026-01-31
2026-01-01,Demo Campaign 015,Demo Channel 001,Demo Category 016,1,New Year's Day,Winter,136.579228,13,136,2.127198,3332.7666284,0.0955882352941176,10.506094461538462,0.1636306153846153,64.20616604566194,24.401709375601392,3196.1874004,2026-01-01,2026-01-31
2026-01-01,Demo Campaign 015,Demo Channel 001,Demo Category 008,1,New Year's Day,Winter,53.463106,5,72,0.0,0.0,0.0694444444444444,10.6926212,0.0,0.0,0.0,-53.463106,2026-01-01,2026-01-31
2026-01-01,Demo Campaign 005,Demo Channel 001,Demo Category 004,1,New Year's Day,Winter,9.71,4,88,0.0,0.0,0.0454545454545454,2.4275,0.0,0.0,0.0,-9.71,2026-01-01,2026-01-31
2026-01-01,Demo Campaign 005,Demo Channel 001,Demo Category 003,1,New Year's Day,Winter,0.0,0,8,0.0,0.0,0.0,0.0,0.0,0.0,0.0,0.0,2026-01-01,2026-01-31
2026-01-01,Demo Campaign 005,Demo Channel 001,Demo Category 014,1,New Year's Day,Winter,7.95,2,59,0.0,0.0,0.0338983050847457,3.975,0.0,0.0,0.0,-7.95,2026-01-01,2026-01-31
2026-01-01,Demo Campaign 005,Demo Channel 001,Demo Category 005,1,New Year's Day,Winter,3.65,1,3,0.0,0.0,0.3333333333333333,3.65,0.0,0.0,0.0,-3.65,2026-01-01,2026-01-31
2026-01-01,Demo Campaign 005,Demo Channel 001,Demo Category 015,1,New Year's Day,Winter,1.47,1,47,0.0,0.0,0.0212765957446808,1.47,0.0,0.0,0.0,-1.47,2026-01-01,2026-01-31
2026-01-01,Demo Campaign 005,Demo Channel 001,Demo Category 001,1,New Year's Day,Winter,0.0,0,1,0.0,0.0,0.0,0.0,0.0,0.0,0.0,0.0,2026-01-01,2026-01-31
2026-01-01,Demo Campaign 004,Demo Channel 001,Demo Category 004,1,New Year's Day,Winter,4.16,1,36,0.0,0.0,0.0277777777777777,4.16,0.0,0.0,0.0,-4.16,2026-01-01,2026-01-31
2026-01-01,Demo Campaign 004,Demo Channel 001,Demo Category 003,1,New Year's Day,Winter,0.0,0,185,0.0,0.0,0.0,0.0,0.0,0.0,0.0,0.0,2026-01-01,2026-01-31
2026-01-01,Demo Campaign 004,Demo Channel 001,Demo Category 005,1,New Year's Day,Winter,44.91,7,147,0.0,0.0,0.0476190476190476,6.4157142857142855,0.0,0.0,0.0,-44.91,2026-01-01,2026-01-31
2026-01-01,Demo Campaign 004,Demo Channel 001,Demo Category 015,1,New Year's Day,Winter,80.43,8,285,0.0,0.0,0.0280701754385964,10.05375,0.0,0.0,0.0,-80.43,2026-01-01,2026-01-31
2026-01-01,Demo Campaign 004,Demo Channel 001,Demo Category 001,1,New Year's Day,Winter,0.0,0,5,0.0,0.0,0.0,0.0,0.0,0.0,0.0,0.0,2026-01-01,2026-01-31
2026-01-01,Demo Campaign 016,Demo Channel 001,Demo Category 018,1,New Year's Day,Winter,2.528824,2,10,0.0,0.0,0.2,1.264412,0.0,0.0,0.0,-2.528824,2026-01-01,2026-01-31
2026-01-01,Demo Campaign 016,Demo Channel 001,Demo Category 027,1,New Year's Day,Winter,0.0,0,1,0.0,0.0,0.0,0.0,0.0,0.0,0.0,0.0,2026-01-01,2026-01-31
2026-01-01,Demo Campaign 016,Demo Channel 001,Demo Category 009,1,New Year's Day,Winter,0.0,0,17,0.0,0.0,0.0,0.0,0.0,0.0,0.0,0.0,2026-01-01,2026-01-31
2026-01-01,Demo Campaign 017,Demo Channel 002,Demo Category 010,1,New Year's Day,Winter,238.288468,175,24628,0.0,0.0,0.0071057333116777,1.3616483885714286,0.0,0.0,0.0,-238.288468,2026-01-01,2026-01-31
2026-01-01,Demo Campaign 018,Demo Channel 002,Demo Category 011,1,New Year's Day,Winter,226.283933,239,11413,0.0,0.0,0.0209410321563129,0.9467946987447698,0.0,0.0,0.0,-226.283933,2026-01-01,2026-01-31
2026-01-01,Demo Campaign 019,Demo Channel 002,Demo Category 012,1,New Year's Day,Winter,241.902027,90,1999,0.0,0.0,0.0450225112556278,2.6878003,0.0,0.0,0.0,-241.902027,2026-01-01,2026-01-31
2026-01-02,Demo Campaign 020,Demo Channel 003,Demo Category 010,0,,Winter,266.266299,21,8970,0.0,0.0,0.0023411371237458,12.679347571428572,0.0,0.0,0.0,-266.266299,2026-01-01,2026-01-31
2026-01-02,Demo Campaign 020,Demo Channel 003,Demo Category 012,0,,Winter,233.080697,35,9629,0.0,0.0,0.0036348530480839,6.659448485714285,0.0,0.0,0.0,-233.080697,2026-01-01,2026-01-31
2026-01-02,Demo Campaign 007,Demo Channel 001,Demo Category 004,0,,Winter,67.68,22,52,0.0,0.0,0.4230769230769231,3.0763636363636366,0.0,0.0,0.0,-67.68,2026-01-01,2026-01-31
2026-01-02,Demo Campaign 007,Demo Channel 001,Demo Category 003,0,,Winter,84.92,19,55,2.0,5959.66,0.3454545454545454,4.469473684210526,0.1052631578947368,42.46,70.17969853980216,5874.74,2026-01-01,2026-01-31
2026-01-02,Demo Campaign 007,Demo Channel 001,Demo Category 014,0,,Winter,1032.67922,292,768,5.5,9732.459982504,0.3802083333333333,3.536572671232877,0.0188356164383561,187.75985818181815,9.424475475069595,8699.780762504,2026-01-01,2026-01-31
2026-01-02,Demo Campaign 007,Demo Channel 001,Demo Category 005,0,,Winter,169.28,33,86,0.0,0.0,0.3837209302325581,5.12969696969697,0.0,0.0,0.0,-169.28,2026-01-01,2026-01-31
2026-01-02,Demo Campaign 007,Demo Channel 001,Demo Category 015,0,,Winter,411.543107,82,237,0.25,566.699991252,0.3459915611814346,5.018818378048781,0.0030487804878048,1646.172428,1.37701247235809,155.156884252,2026-01-01,2026-01-31
2026-01-02,Demo Campaign 001,Demo Channel 001,Demo Category 004,0,,Winter,23.27,5,16,0.0,0.0,0.3125,4.654,0.0,0.0,0.0,-23.27,2026-01-01,2026-01-31
2026-01-02,Demo Campaign 001,Demo Channel 001,Demo Category 003,0,,Winter,29.24,6,14,0.0,0.0,0.4285714285714285,4.873333333333333,0.0,0.0,0.0,-29.24,2026-01-01,2026-01-31
2026-01-02,Demo Campaign 001,Demo Channel 001,Demo Category 005,0,,Winter,8.63,1,16,0.0,0.0,0.0625,8.63,0.0,0.0,0.0,-8.63,2026-01-01,2026-01-31
2026-01-02,Demo Campaign 001,Demo Channel 001,Demo Category 001,0,,Winter,258.683707,61,149,0.0,0.0,0.4093959731543624,4.240716508196722,0.0,0.0,0.0,-258.683707,2026-01-01,2026-01-31
2026-01-02,Demo Campaign 014,Demo Channel 001,Demo Category 023,0,,Winter,104.83,20,100,0.0,0.0,0.2,5.2415,0.0,0.0,0.0,-104.83,2026-01-01,2026-01-31
2026-01-02,Demo Campaign 014,Demo Channel 001,Demo Category 007,0,,Winter,88.904024,14,83,0.0,0.0,0.1686746987951807,6.350287428571429,0.0,0.0,0.0,-88.904024,2026-01-01,2026-01-31
2026-01-02,Demo Campaign 012,Demo Channel 001,Demo Category 004,0,,Winter,0.0,0,1,0.0,0.0,0.0,0.0,0.0,0.0,0.0,0.0,2026-01-01,2026-01-31
2026-01-02,Demo Campaign 012,Demo Channel 001,Demo Category 003,0,,Winter,12.42,5,11,0.0,0.0,0.4545454545454545,2.484,0.0,0.0,0.0,-12.42,2026-01-01,2026-01-31
2026-01-02,Demo Campaign 012,Demo Channel 001,Demo Category 014,0,,Winter,16.89,5,14,0.0,0.0,0.3571428571428571,3.378,0.0,0.0,0.0,-16.89,2026-01-01,2026-01-31
2026-01-02,Demo Campaign 012,Demo Channel 001,Demo Category 005,0,,Winter,47.37,4,8,0.0,0.0,0.5,11.8425,0.0,0.0,0.0,-47.37,2026-01-01,2026-01-31
2026-01-02,Demo Campaign 012,Demo Channel 001,Demo Category 015,0,,Winter,1.43,1,5,0.0,0.0,0.2,1.43,0.0,0.0,0.0,-1.43,2026-01-01,2026-01-31
2026-01-02,Demo Campaign 009,Demo Channel 001,Demo Category 014,0,,Winter,72.854373,11,56,0.0,0.0,0.1964285714285714,6.623124818181818,0.0,0.0,0.0,-72.854373,2026-01-01,2026-01-31
2026-01-02,Demo Campaign 009,Demo Channel 001,Demo Category 005,0,,Winter,23.06,5,26,0.0,0.0,0.1923076923076923,4.612,0.0,0.0,0.0,-23.06,2026-01-01,2026-01-31
2026-01-02,Demo Campaign 009,Demo Channel 001,Demo Category 015,0,,Winter,32.322871,4,25,0.0,0.0,0.16,8.08071775,0.0,0.0,0.0,-32.322871,2026-01-01,2026-01-31
2026-01-02,Demo Campaign 006,Demo Channel 001,Demo Category 004,0,,Winter,18.7,3,7,0.0,0.0,0.4285714285714285,6.233333333333333,0.0,0.0,0.0,-18.7,2026-01-01,2026-01-31
2026-01-02,Demo Campaign 006,Demo Channel 001,Demo Category 003,0,,Winter,25.84,5,29,0.25,566.699991252,0.1724137931034483,5.168,0.05,103.36,21.931114212538706,540.859991252,2026-01-01,2026-01-31
2026-01-02,Demo Campaign 006,Demo Channel 001,Demo Category 014,0,,Winter,38.47,12,67,0.0,0.0,0.1791044776119403,3.205833333333333,0.0,0.0,0.0,-38.47,2026-01-01,2026-01-31
2026-01-02,Demo Campaign 006,Demo Channel 001,Demo Category 005,0,,Winter,11.38,4,32,0.0,0.0,0.125,2.845,0.0,0.0,0.0,-11.38,2026-01-01,2026-01-31
2026-01-02,Demo Campaign 006,Demo Channel 001,Demo Category 015,0,,Winter,52.33,9,45,0.16984,147.7166416,0.2,5.814444444444444,0.0188711111111111,308.1135186057466,2.8227907815784445,95.3866416,2026-01-01,2026-01-31
2026-01-02,Demo Campaign 010,Demo Channel 001,Demo Category 003,0,,Winter,7.6,1,2,0.0,0.0,0.5,7.6,0.0,0.0,0.0,-7.6,2026-01-01,2026-01-31
2026-01-02,Demo Campaign 010,Demo Channel 001,Demo Category 014,0,,Winter,24.53,6,21,0.0,0.0,0.2857142857142857,4.088333333333334,0.0,0.0,0.0,-24.53,2026-01-01,2026-01-31
2026-01-02,Demo Campaign 010,Demo Channel 001,Demo Category 005,0,,Winter,256.830852,47,250,0.0,0.0,0.188,5.464486212765958,0.0,0.0,0.0,-256.830852,2026-01-01,2026-01-31
2026-01-02,Demo Campaign 010,Demo Channel 001,Demo Category 001,0,,Winter,12.24,2,2,0.0,0.0,1.0,6.12,0.0,0.0,0.0,-12.24,2026-01-01,2026-01-31
2026-01-02,Demo Campaign 003,Demo Channel 001,Demo Category 013,0,,Winter,1962.646699,1710,4242,51.430037,132186.117724029,0.4031117397454031,1.147746607602339,0.0300760450292397,38.16148720639652,67.35094899728003,130223.471025029,2026-01-01,2026-01-31
2026-01-02,Demo Campaign 003,Demo Channel 001,Demo Category 017,0,,Winter,24.05,16,165,2.0,6519.66,0.0969696969696969,1.503125,0.125,12.025,271.08773388773386,6495.61,2026-01-01,2026-01-31
2026-01-02,Demo Campaign 003,Demo Channel 001,Demo Category 031,0,,Winter,11.714332,6,118,0.0,0.0,0.0508474576271186,1.9523886666666668,0.0,0.0,0.0,-11.714332,2026-01-01,2026-01-31
2026-01-02,Demo Campaign 003,Demo Channel 001,Demo Category 002,0,,Winter,68.853786,45,151,2.11346,4187.664654,0.2980132450331126,1.5300841333333333,0.0469657777777777,32.57870316921068,60.8196716154432,4118.8108680000005,2026-01-01,2026-01-31
2026-01-02,Demo Campaign 013,Demo Channel 001,Demo Category 024,0,,Winter,0.0,0,2,0.0,0.0,0.0,0.0,0.0,0.0,0.0,0.0,2026-01-01,2026-01-31
2026-01-02,Demo Campaign 013,Demo Channel 001,Demo Category 021,0,,Winter,0.0,0,1,0.0,0.0,0.0,0.0,0.0,0.0,0.0,0.0,2026-01-01,2026-01-31
2026-01-02,Demo Campaign 013,Demo Channel 001,Demo Category 006,0,,Winter,0.0,0,2,0.0,0.0,0.0,0.0,0.0,0.0,0.0,0.0,2026-01-01,2026-01-31
2026-01-02,Demo Campaign 013,Demo Channel 001,Demo Category 032,0,,Winter,0.0,0,2,0.0,0.0,0.0,0.0,0.0,0.0,0.0,0.0,2026-01-01,2026-01-31
2026-01-02,Demo Campaign 008,Demo Channel 001,Demo Category 004,0,,Winter,72.50967,18,315,2.518544,5103.1639712,0.0571428571428571,4.028315,0.1399191111111111,28.790312974480493,70.3790814549287,5030.654301199999,2026-01-01,2026-01-31
2026-01-02,Demo Campaign 008,Demo Channel 001,Demo Category 003,0,,Winter,79.81323499999999,18,314,2.0,4519.46,0.0573248407643312,4.434068611111111,0.1111111111111111,39.9066175,56.62544564194147,4439.646765,2026-01-01,2026-01-31
2026-01-02,Demo Campaign 008,Demo Channel 001,Demo Category 005,0,,Winter,92.878976,21,387,0.0,0.0,0.0542635658914728,4.422808380952381,0.0,0.0,0.0,-92.878976,2026-01-01,2026-01-31
2026-01-02,Demo Campaign 008,Demo Channel 001,Demo Category 015,0,,Winter,223.583365,55,1027,0.0,0.0,0.053554040895813,4.06515209090909,0.0,0.0,0.0,-223.583365,2026-01-01,2026-01-31
2026-01-02,Demo Campaign 008,Demo Channel 001,Demo Category 001,0,,Winter,26.38,5,65,0.0,0.0,0.0769230769230769,5.276,0.0,0.0,0.0,-26.38,2026-01-01,2026-01-31
2026-01-02,Demo Campaign 002,Demo Channel 001,Demo Category 023,0,,Winter,0.0,0,1,0.0,0.0,0.0,0.0,0.0,0.0,0.0,0.0,2026-01-01,2026-01-31
2026-01-02,Demo Campaign 002,Demo Channel 001,Demo Category 004,0,,Winter,63.63252,10,60,2.0,2133.6,0.1666666666666666,6.363252,0.2,31.81626,33.5300252135229,2069.96748,2026-01-01,2026-01-31
2026-01-02,Demo Campaign 002,Demo Channel 001,Demo Category 003,0,,Winter,4.41,1,1,0.0,0.0,1.0,4.41,0.0,0.0,0.0,-4.41,2026-01-01,2026-01-31
2026-01-02,Demo Campaign 002,Demo Channel 001,Demo Category 001,0,,Winter,235.017653,38,193,1.0,2935.32,0.1968911917098445,6.184675078947368,0.0263157894736842,235.017653,12.489785182222036,2700.3023470000003,2026-01-01,2026-01-31
2026-01-02,Demo Campaign 015,Demo Channel 001,Demo Category 016,0,,Winter,284.021361,21,125,0.0,0.0,0.168,13.524826714285714,0.0,0.0,0.0,-284.021361,2026-01-01,2026-01-31
2026-01-02,Demo Campaign 015,Demo Channel 001,Demo Category 008,0,,Winter,26.84,2,71,0.0,0.0,0.028169014084507,13.42,0.0,0.0,0.0,-26.84,2026-01-01,2026-01-31
2026-01-02,Demo Campaign 005,Demo Channel 001,Demo Category 004,0,,Winter,5.21,2,67,0.0,0.0,0.0298507462686567,2.605,0.0,0.0,0.0,-5.21,2026-01-01,2026-01-31
2026-01-02,Demo Campaign 005,Demo Channel 001,Demo Category 003,0,,Winter,0.0,0,3,0.0,0.0,0.0,0.0,0.0,0.0,0.0,0.0,2026-01-01,2026-01-31
2026-01-02,Demo Campaign 005,Demo Channel 001,Demo Category 014,0,,Winter,10.74,3,44,0.0,0.0,0.0681818181818181,3.58,0.0,0.0,0.0,-10.74,2026-01-01,2026-01-31
2026-01-02,Demo Campaign 005,Demo Channel 001,Demo Category 005,0,,Winter,0.0,0,4,0.0,0.0,0.0,0.0,0.0,0.0,0.0,0.0,2026-01-01,2026-01-31
2026-01-02,Demo Campaign 005,Demo Channel 001,Demo Category 015,0,,Winter,9.97,1,40,0.0,0.0,0.025,9.97,0.0,0.0,0.0,-9.97,2026-01-01,2026-01-31
2026-01-02,Demo Campaign 005,Demo Channel 001,Demo Category 001,0,,Winter,0.0,0,1,0.0,0.0,0.0,0.0,0.0,0.0,0.0,0.0,2026-01-01,2026-01-31
2026-01-02,Demo Campaign 011,Demo Channel 001,Demo Category 004,0,,Winter,0.0,0,3,0.0,0.0,0.0,0.0,0.0,0.0,0.0,0.0,2026-01-01,2026-01-31
2026-01-02,Demo Campaign 004,Demo Channel 001,Demo Category 004,0,,Winter,0.0,0,60,0.0,0.0,0.0,0.0,0.0,0.0,0.0,0.0,2026-01-01,2026-01-31
2026-01-02,Demo Campaign 004,Demo Channel 001,Demo Category 003,0,,Winter,68.82,13,215,0.0,0.0,0.0604651162790697,5.293846153846153,0.0,0.0,0.0,-68.82,2026-01-01,2026-01-31
2026-01-02,Demo Campaign 004,Demo Channel 001,Demo Category 005,0,,Winter,52.89635,10,176,0.0,0.0,0.0568181818181818,5.289635,0.0,0.0,0.0,-52.89635,2026-01-01,2026-01-31
2026-01-02,Demo Campaign 004,Demo Channel 001,Demo Category 015,0,,Winter,129.944342,14,403,0.0,0.0,0.0347394540942928,9.281738714285714,0.0,0.0,0.0,-129.944342,2026-01-01,2026-01-31
2026-01-02,Demo Campaign 004,Demo Channel 001,Demo Category 001,0,,Winter,0.0,0,1,0.0,0.0,0.0,0.0,0.0,0.0,0.0,0.0,2026-01-01,2026-01-31
2026-01-02,Demo Campaign 016,Demo Channel 001,Demo Category 018,0,,Winter,0.0,0,15,0.0,0.0,0.0,0.0,0.0,0.0,0.0,0.0,2026-01-01,2026-01-31
2026-01-02,Demo Campaign 016,Demo Channel 001,Demo Category 027,0,,Winter,0.0,0,8,0.0,0.0,0.0,0.0,0.0,0.0,0.0,0.0,2026-01-01,2026-01-31
2026-01-02,Demo Campaign 016,Demo Channel 001,Demo Category 009,0,,Winter,0.0,0,25,0.0,0.0,0.0,0.0,0.0,0.0,0.0,0.0,2026-01-01,2026-01-31
2026-01-02,Demo Campaign 017,Demo Channel 002,Demo Category 010,0,,Winter,238.881696,202,19951,0.0,0.0,0.0101248057741466,1.1825826534653463,0.0,0.0,0.0,-238.881696,2026-01-01,2026-01-31
2026-01-02,Demo Campaign 018,Demo Channel 002,Demo Category 011,0,,Winter,218.352691,192,16210,0.0,0.0,0.011844540407156,1.1372535989583332,0.0,0.0,0.0,-218.352691,2026-01-01,2026-01-31
2026-01-02,Demo Campaign 019,Demo Channel 002,Demo Category 012,0,,Winter,235.900084,132,4412,0.0,0.0,0.0299184043517679,1.7871218484848483,0.0,0.0,0.0,-235.900084,2026-01-01,2026-01-31
2026-01-03,Demo Campaign 020,Demo Channel 003,Demo Category 010,0,,Winter,202.183271,31,9634,0.0,0.0,0.0032177703965123,6.522041,0.0,0.0,0.0,-202.183271,2026-01-01,2026-01-31
2026-01-03,Demo Campaign 020,Demo Channel 003,Demo Category 012,0,,Winter,322.282645,49,12777,0.0,0.0,0.0038350160444548,6.577196836734694,0.0,0.0,0.0,-322.282645,2026-01-01,2026-01-31
2026-01-03,Demo Campaign 007,Demo Channel 001,Demo Category 004,0,,Winter,138.981375,34,105,0.0,0.0,0.3238095238095238,4.0876875,0.0,0.0,0.0,-138.981375,2026-01-01,2026-01-31
2026-01-03,Demo Campaign 007,Demo Channel 001,Demo Category 003,0,,Winter,73.883417,17,103,0.0,0.0,0.1650485436893204,4.346083352941176,0.0,0.0,0.0,-73.883417,2026-01-01,2026-01-31
2026-01-03,Demo Campaign 007,Demo Channel 001,Demo Category 014,0,,Winter,971.685123,236,1334,2.0,4553.46,0.176911544227886,4.1173098432203385,0.0084745762711864,485.8425615,4.686147695604886,3581.774877,2026-01-01,2026-01-31
2026-01-03,Demo Campaign 007,Demo Channel 001,Demo Category 005,0,,Winter,155.249111,28,162,0.0,0.0,0.1728395061728395,5.544611107142857,0.0,0.0,0.0,-155.249111,2026-01-01,2026-01-31
2026-01-03,Demo Campaign 007,Demo Channel 001,Demo Category 015,0,,Winter,426.661855,74,369,0.0,0.0,0.2005420054200542,5.765700743243244,0.0,0.0,0.0,-426.661855,2026-01-01,2026-01-31
2026-01-03,Demo Campaign 001,Demo Channel 001,Demo Category 004,0,,Winter,6.54,1,4,0.0,0.0,0.25,6.54,0.0,0.0,0.0,-6.54,2026-01-01,2026-01-31
2026-01-03,Demo Campaign 001,Demo Channel 001,Demo Category 003,0,,Winter,20.22,4,16,0.0,0.0,0.25,5.055,0.0,0.0,0.0,-20.22,2026-01-01,2026-01-31
2026-01-03,Demo Campaign 001,Demo Channel 001,Demo Category 005,0,,Winter,6.65,1,4,0.0,0.0,0.25,6.65,0.0,0.0,0.0,-6.65,2026-01-01,2026-01-31
2026-01-03,Demo Campaign 001,Demo Channel 001,Demo Category 001,0,,Winter,266.424732,56,124,0.0,0.0,0.4516129032258064,4.7575845,0.0,0.0,0.0,-266.424732,2026-01-01,2026-01-31
2026-01-03,Demo Campaign 014,Demo Channel 001,Demo Category 023,0,,Winter,125.460941,18,211,0.0,0.0,0.0853080568720379,6.9700522777777785,0.0,0.0,0.0,-125.460941,2026-01-01,2026-01-31
2026-01-03,Demo Campaign 014,Demo Channel 001,Demo Category 007,0,,Winter,85.082202,16,129,0.0,0.0,0.1240310077519379,5.317637625,0.0,0.0,0.0,-85.082202,2026-01-01,2026-01-31
2026-01-03,Demo Campaign 012,Demo Channel 001,Demo Category 003,0,,Winter,5.36,2,8,0.0,0.0,0.25,2.68,0.0,0.0,0.0,-5.36,2026-01-01,2026-01-31
2026-01-03,Demo Campaign 012,Demo Channel 001,Demo Category 014,0,,Winter,16.5,5,38,0.0,0.0,0.131578947368421,3.3,0.0,0.0,0.0,-16.5,2026-01-01,2026-01-31
2026-01-03,Demo Campaign 012,Demo Channel 001,Demo Category 005,0,,Winter,11.06,1,7,0.0,0.0,0.1428571428571428,11.06,0.0,0.0,0.0,-11.06,2026-01-01,2026-01-31
2026-01-03,Demo Campaign 012,Demo Channel 001,Demo Category 015,0,,Winter,4.93,1,9,0.0,0.0,0.1111111111111111,4.93,0.0,0.0,0.0,-4.93,2026-01-01,2026-01-31
2026-01-03,Demo Campaign 009,Demo Channel 001,Demo Category 014,0,,Winter,117.88,16,94,0.0,0.0,0.1702127659574468,7.3675,0.0,0.0,0.0,-117.88,2026-01-01,2026-01-31
2026-01-03,Demo Campaign 009,Demo Channel 001,Demo Category 005,0,,Winter,56.44,9,28,0.0,0.0,0.3214285714285714,6.271111111111111,0.0,0.0,0.0,-56.44,2026-01-01,2026-01-31
2026-01-03,Demo Campaign 009,Demo Channel 001,Demo Category 015,0,,Winter,41.431178,7,36,0.187158,561.44218314,0.1944444444444444,5.9187397142857145,0.0267368571428571,221.37006165913292,13.551200092355568,520.01100514,2026-01-01,2026-01-31
2026-01-03,Demo Campaign 006,Demo Channel 001,Demo Category 004,0,,Winter,33.53,3,10,0.0,0.0,0.3,11.176666666666668,0.0,0.0,0.0,-33.53,2026-01-01,2026-01-31
2026-01-03,Demo Campaign 006,Demo Channel 001,Demo Category 003,0,,Winter,33.22,6,21,0.0,0.0,0.2857142857142857,5.536666666666666,0.0,0.0,0.0,-33.22,2026-01-01,2026-01-31
2026-01-03,Demo Campaign 006,Demo Channel 001,Demo Category 014,0,,Winter,76.55,22,92,0.0,0.0,0.2391304347826087,3.4795454545454545,0.0,0.0,0.0,-76.55,2026-01-01,2026-01-31
2026-01-03,Demo Campaign 006,Demo Channel 001,Demo Category 005,0,,Winter,5.56,2,13,0.0,0.0,0.1538461538461538,2.78,0.0,0.0,0.0,-5.56,2026-01-01,2026-01-31
2026-01-03,Demo Campaign 006,Demo Channel 001,Demo Category 015,0,,Winter,55.78,6,46,0.0,0.0,0.1304347826086956,9.296666666666669,0.0,0.0,0.0,-55.78,2026-01-01,2026-01-31
2026-01-03,Demo Campaign 006,Demo Channel 001,Demo Category 001,0,,Winter,22.16,1,2,0.0,0.0,0.5,22.16,0.0,0.0,0.0,-22.16,2026-01-01,2026-01-31
2026-01-03,Demo Campaign 010,Demo Channel 001,Demo Category 014,0,,Winter,23.81,5,15,0.0,0.0,0.3333333333333333,4.762,0.0,0.0,0.0,-23.81,2026-01-01,2026-01-31
2026-01-03,Demo Campaign 010,Demo Channel 001,Demo Category 005,0,,Winter,274.99882,46,298,2.898716,6350.5184168,0.1543624161073825,5.978235217391305,0.0630155652173913,94.86918345915916,23.092893332415024,6075.5195968,2026-01-01,2026-01-31
2026-01-03,Demo Campaign 010,Demo Channel 001,Demo Category 001,0,,Winter,0.0,0,3,0.0,0.0,0.0,0.0,0.0,0.0,0.0,0.0,2026-01-01,2026-01-31
2026-01-03,Demo Campaign 003,Demo Channel 001,Demo Category 013,0,,Winter,1611.771565,1431,3520,40.447163,83865.673357796,0.4065340909090909,1.1263253424178896,0.0282649636617749,39.84881621981744,52.03322553825796,82253.901792796,2026-01-01,2026-01-31
2026-01-03,Demo Campaign 003,Demo Channel 001,Demo Category 017,0,,Winter,36.83,21,152,0.0,0.0,0.1381578947368421,1.7538095238095237,0.0,0.0,0.0,-36.83,2026-01-01,2026-01-31
2026-01-03,Demo Campaign 003,Demo Channel 001,Demo Category 031,0,,Winter,1.77,1,37,0.0,0.0,0.027027027027027,1.77,0.0,0.0,0.0,-1.77,2026-01-01,2026-01-31
2026-01-03,Demo Campaign 003,Demo Channel 001,Demo Category 002,0,,Winter,54.762002,36,113,0.0,0.0,0.3185840707964602,1.5211667222222225,0.0,0.0,0.0,-54.762002,2026-01-01,2026-01-31
2026-01-03,Demo Campaign 013,Demo Channel 001,Demo Category 024,0,,Winter,0.0,0,1,0.0,0.0,0.0,0.0,0.0,0.0,0.0,0.0,2026-01-01,2026-01-31
2026-01-03,Demo Campaign 013,Demo Channel 001,Demo Category 021,0,,Winter,0.0,0,3,0.0,0.0,0.0,0.0,0.0,0.0,0.0,0.0,2026-01-01,2026-01-31
2026-01-03,Demo Campaign 013,Demo Channel 001,Demo Category 006,0,,Winter,0.0,0,1,0.0,0.0,0.0,0.0,0.0,0.0,0.0,0.0,2026-01-01,2026-01-31
2026-01-03,Demo Campaign 008,Demo Channel 001,Demo Category 004,0,,Winter,71.963376,20,212,1.0,3739.83,0.0943396226415094,3.5981688,0.05,71.963376,51.96851798614895,3667.866624,2026-01-01,2026-01-31
2026-01-03,Demo Campaign 008,Demo Channel 001,Demo Category 003,0,,Winter,40.190000000000005,9,222,0.0,0.0,0.0405405405405405,4.465555555555556,0.0,0.0,0.0,-40.190000000000005,2026-01-01,2026-01-31
2026-01-03,Demo Campaign 008,Demo Channel 001,Demo Category 005,0,,Winter,78.709881,14,226,0.0,0.0,0.0619469026548672,5.622134357142857,0.0,0.0,0.0,-78.709881,2026-01-01,2026-01-31
2026-01-03,Demo Campaign 008,Demo Channel 001,Demo Category 015,0,,Winter,263.436321,45,608,1.0,2539.84,0.0740131578947368,5.854140466666667,0.0222222222222222,263.436321,9.64119142857298,2276.403679,2026-01-01,2026-01-31
2026-01-03,Demo Campaign 008,Demo Channel 001,Demo Category 001,0,,Winter,69.54,13,95,0.0,0.0,0.1368421052631579,5.34923076923077,0.0,0.0,0.0,-69.54,2026-01-01,2026-01-31
2026-01-03,Demo Campaign 002,Demo Channel 001,Demo Category 004,0,,Winter,34.832435,10,69,0.0,0.0,0.144927536231884,3.4832434999999995,0.0,0.0,0.0,-34.832435,2026-01-01,2026-01-31
2026-01-03,Demo Campaign 002,Demo Channel 001,Demo Category 003,0,,Winter,0.0,0,1,0.0,0.0,0.0,0.0,0.0,0.0,0.0,0.0,2026-01-01,2026-01-31
2026-01-03,Demo Campaign 002,Demo Channel 001,Demo Category 005,0,,Winter,0.0,0,2,0.0,0.0,0.0,0.0,0.0,0.0,0.0,0.0,2026-01-01,2026-01-31
2026-01-03,Demo Campaign 002,Demo Channel 001,Demo Category 001,0,,Winter,232.915438,31,194,0.0,0.0,0.1597938144329896,7.513401225806452,0.0,0.0,0.0,-232.915438,2026-01-01,2026-01-31
2026-01-03,Demo Campaign 015,Demo Channel 001,Demo Category 016,0,,Winter,125.42,9,109,2.0,2119.6,0.0825688073394495,13.935555555555556,0.2222222222222222,62.71,16.900015946420027,1994.18,2026-01-01,2026-01-31
2026-01-03,Demo Campaign 015,Demo Channel 001,Demo Category 008,0,,Winter,49.35,4,105,0.0,0.0,0.0380952380952381,12.3375,0.0,0.0,0.0,-49.35,2026-01-01,2026-01-31
2026-01-03,Demo Campaign 005,Demo Channel 001,Demo Category 004,0,,Winter,15.57,3,71,0.0,0.0,0.0422535211267605,5.19,0.0,0.0,0.0,-15.57,2026-01-01,2026-01-31
2026-01-03,Demo Campaign 005,Demo Channel 001,Demo Category 003,0,,Winter,1.31,1,14,0.0,0.0,0.0714285714285714,1.31,0.0,0.0,0.0,-1.31,2026-01-01,2026-01-31
2026-01-03,Demo Campaign 005,Demo Channel 001,Demo Category 014,0,,Winter,0.0,0,51,0.0,0.0,0.0,0.0,0.0,0.0,0.0,0.0,2026-01-01,2026-01-31
2026-01-03,Demo Campaign 005,Demo Channel 001,Demo Category 005,0,,Winter,0.0,0,3,0.0,0.0,0.0,0.0,0.0,0.0,0.0,0.0,2026-01-01,2026-01-31
2026-01-03,Demo Campaign 005,Demo Channel 001,Demo Category 015,0,,Winter,9.2,2,36,0.0,0.0,0.0555555555555555,4.6,0.0,0.0,0.0,-9.2,2026-01-01,2026-01-31
2026-01-03,Demo Campaign 011,Demo Channel 001,Demo Category 004,0,,Winter,1.94,1,1,0.0,0.0,1.0,1.94,0.0,0.0,0.0,-1.94,2026-01-01,2026-01-31
2026-01-03,Demo Campaign 004,Demo Channel 001,Demo Category 004,0,,Winter,41.59,4,68,0.0,0.0,0.0588235294117647,10.3975,0.0,0.0,0.0,-41.59,2026-01-01,2026-01-31
2026-01-03,Demo Campaign 004,Demo Channel 001,Demo Category 003,0,,Winter,93.33,13,141,0.0,0.0,0.0921985815602836,7.179230769230769,0.0,0.0,0.0,-93.33,2026-01-01,2026-01-31
2026-01-03,Demo Campaign 004,Demo Channel 001,Demo Category 005,0,,Winter,66.340927,8,164,0.0,0.0,0.048780487804878,8.292615875,0.0,0.0,0.0,-66.340927,2026-01-01,2026-01-31
2026-01-03,Demo Campaign 004,Demo Channel 001,Demo Category 015,0,,Winter,58.19,13,288,0.0,0.0,0.0451388888888888,4.476153846153846,0.0,0.0,0.0,-58.19,2026-01-01,2026-01-31
2026-01-03,Demo Campaign 004,Demo Channel 001,Demo Category 001,0,,Winter,0.0,0,2,0.0,0.0,0.0,0.0,0.0,0.0,0.0,0.0,2026-01-01,2026-01-31
2026-01-03,Demo Campaign 016,Demo Channel 001,Demo Category 018,0,,Winter,2.48,2,11,0.0,0.0,0.1818181818181818,1.24,0.0,0.0,0.0,-2.48,2026-01-01,2026-01-31
2026-01-03,Demo Campaign 016,Demo Channel 001,Demo Category 027,0,,Winter,0.0,0,7,0.0,0.0,0.0,0.0,0.0,0.0,0.0,0.0,2026-01-01,2026-01-31
2026-01-03,Demo Campaign 016,Demo Channel 001,Demo Category 009,0,,Winter,0.0,0,2,0.0,0.0,0.0,0.0,0.0,0.0,0.0,0.0,2026-01-01,2026-01-31
2026-01-03,Demo Campaign 017,Demo Channel 002,Demo Category 010,0,,Winter,189.761426,116,19073,0.0,0.0,0.0060818958737482,1.6358743620689655,0.0,0.0,0.0,-189.761426,2026-01-01,2026-01-31
2026-01-03,Demo Campaign 018,Demo Channel 002,Demo Category 011,0,,Winter,195.192745,240,13818,0.0,0.0,0.0173686495874945,0.8133031041666666,0.0,0.0,0.0,-195.192745,2026-01-01,2026-01-31
2026-01-03,Demo Campaign 019,Demo Channel 002,Demo Category 012,0,,Winter,197.151151,55,1942,0.0,0.0,0.0283213182286302,3.5845663818181817,0.0,0.0,0.0,-197.151151,2026-01-01,2026-01-31
2026-01-04,Demo Campaign 020,Demo Channel 003,Demo Category 010,0,,Winter,177.197089,15,7914,0.0,0.0,0.0018953752843062,11.813139266666669,0.0,0.0,0.0,-177.197089,2026-01-01,2026-01-31
2026-01-04,Demo Campaign 020,Demo Channel 003,Demo Category 012,0,,Winter,346.367087,32,14582,0.0,0.0,0.0021944863530379,10.82397146875,0.0,0.0,0.0,-346.367087,2026-01-01,2026-01-31
2026-01-04,Demo Campaign 007,Demo Channel 001,Demo Category 004,0,,Winter,55.2,18,71,1.0,2059.799967913,0.2535211267605634,3.066666666666667,0.0555555555555555,55.2,37.31521681001811,2004.599967913,2026-01-01,2026-01-31
2026-01-04,Demo Campaign 007,Demo Channel 001,Demo Category 003,0,,Winter,76.16000000000001,18,76,0.0,0.0,0.2368421052631578,4.231111111111112,0.0,0.0,0.0,-76.16000000000001,2026-01-01,2026-01-31
2026-01-04,Demo Campaign 007,Demo Channel 001,Demo Category 014,0,,Winter,1227.423833,313,1403,10.0,12438.0,0.2230933713471133,3.92148189456869,0.0319488817891373,122.7423833,10.133419007841605,11210.576167,2026-01-01,2026-01-31
2026-01-04,Demo Campaign 007,Demo Channel 001,Demo Category 005,0,,Winter,185.127592,42,163,0.0,0.0,0.2576687116564417,4.40779980952381,0.0,0.0,0.0,-185.127592,2026-01-01,2026-01-31
2026-01-04,Demo Campaign 007,Demo Channel 001,Demo Category 015,0,,Winter,290.55384,47,305,0.0,0.0,0.1540983606557377,6.18199659574468,0.0,0.0,0.0,-290.55384,2026-01-01,2026-01-31
2026-01-04,Demo Campaign 001,Demo Channel 001,Demo Category 004,0,,Winter,29.984836,7,18,0.0,0.0,0.3888888888888889,4.283548000000001,0.0,0.0,0.0,-29.984836,2026-01-01,2026-01-31
2026-01-04,Demo Campaign 001,Demo Channel 001,Demo Category 003,0,,Winter,21.108974,5,10,0.0,0.0,0.5,4.2217948,0.0,0.0,0.0,-21.108974,2026-01-01,2026-01-31
2026-01-04,Demo Campaign 001,Demo Channel 001,Demo Category 001,0,,Winter,244.821057,60,147,0.0,0.0,0.4081632653061224,4.08035095,0.0,0.0,0.0,-244.821057,2026-01-01,2026-01-31
2026-01-04,Demo Campaign 014,Demo Channel 001,Demo Category 023,0,,Winter,94.51,21,221,0.0,0.0,0.0950226244343891,4.50047619047619,0.0,0.0,0.0,-94.51,2026-01-01,2026-01-31
2026-01-04,Demo Campaign 014,Demo Channel 001,Demo Category 007,0,,Winter,104.222856,20,199,0.0,0.0,0.100502512562814,5.211142799999999,0.0,0.0,0.0,-104.222856,2026-01-01,2026-01-31
2026-01-04,Demo Campaign 012,Demo Channel 001,Demo Category 003,0,,Winter,3.222257,2,12,0.0,0.0,0.1666666666666666,1.6111285,0.0,0.0,0.0,-3.222257,2026-01-01,2026-01-31
2026-01-04,Demo Campaign 012,Demo Channel 001,Demo Category 014,0,,Winter,29.49,4,33,0.0,0.0,0.1212121212121212,7.3725,0.0,0.0,0.0,-29.49,2026-01-01,2026-01-31
2026-01-04,Demo Campaign 012,Demo Channel 001,Demo Category 005,0,,Winter,6.1,1,2,0.0,0.0,0.5,6.1,0.0,0.0,0.0,-6.1,2026-01-01,2026-01-31
2026-01-04,Demo Campaign 012,Demo Channel 001,Demo Category 015,0,,Winter,6.9,1,16,0.0,0.0,0.0625,6.9,0.0,0.0,0.0,-6.9,2026-01-01,2026-01-31
2026-01-04,Demo Campaign 009,Demo Channel 001,Demo Category 014,0,,Winter,78.056639,12,71,0.0,0.0,0.1690140845070422,6.504719916666667,0.0,0.0,0.0,-78.056639,2026-01-01,2026-01-31
2026-01-04,Demo Campaign 009,Demo Channel 001,Demo Category 005,0,,Winter,79.21,11,42,0.0,0.0,0.2619047619047619,7.20090909090909,0.0,0.0,0.0,-79.21,2026-01-01,2026-01-31
2026-01-04,Demo Campaign 009,Demo Channel 001,Demo Category 015,0,,Winter,64.733812,6,34,0.0,0.0,0.1764705882352941,10.788968666666667,0.0,0.0,0.0,-64.733812,2026-01-01,2026-01-31
2026-01-04,Demo Campaign 006,Demo Channel 001,Demo Category 004,0,,Winter,0.0,0,2,0.0,0.0,0.0,0.0,0.0,0.0,0.0,0.0,2026-01-01,2026-01-31
2026-01-04,Demo Campaign 006,Demo Channel 001,Demo Category 003,0,,Winter,82.738019,9,35,0.0,0.0,0.2571428571428571,9.19311322222222,0.0,0.0,0.0,-82.738019,2026-01-01,2026-01-31
2026-01-04,Demo Campaign 006,Demo Channel 001,Demo Category 014,0,,Winter,49.93,17,97,0.0,0.0,0.1752577319587628,2.937058823529412,0.0,0.0,0.0,-49.93,2026-01-01,2026-01-31
2026-01-04,Demo Campaign 006,Demo Channel 001,Demo Category 005,0,,Winter,37.41,5,27,0.0,0.0,0.1851851851851851,7.481999999999999,0.0,0.0,0.0,-37.41,2026-01-01,2026-01-31
2026-01-04,Demo Campaign 006,Demo Channel 001,Demo Category 015,0,,Winter,62.66,8,53,0.0,0.0,0.1509433962264151,7.8325,0.0,0.0,0.0,-62.66,2026-01-01,2026-01-31
2026-01-04,Demo Campaign 010,Demo Channel 001,Demo Category 003,0,,Winter,0.0,0,5,0.0,0.0,0.0,0.0,0.0,0.0,0.0,0.0,2026-01-01,2026-01-31
2026-01-04,Demo Campaign 010,Demo Channel 001,Demo Category 014,0,,Winter,16.92,5,32,0.0,0.0,0.15625,3.3840000000000003,0.0,0.0,0.0,-16.92,2026-01-01,2026-01-31
2026-01-04,Demo Campaign 010,Demo Channel 001,Demo Category 005,0,,Winter,284.239481,45,446,0.0,0.0,0.100896860986547,6.316432911111112,0.0,0.0,0.0,-284.239481,2026-01-01,2026-01-31
2026-01-04,Demo Campaign 003,Demo Channel 001,Demo Category 013,0,,Winter,1626.261118,1360,3518,24.574658,56673.73134977,0.3865832859579306,1.1957802338235293,0.0180696014705882,66.17634792720207,34.849096939283775,55047.47023177,2026-01-01,2026-01-31
2026-01-04,Demo Campaign 003,Demo Channel 001,Demo Category 017,0,,Winter,30.6,17,142,0.0,0.0,0.1197183098591549,1.8,0.0,0.0,0.0,-30.6,2026-01-01,2026-01-31
2026-01-04,Demo Campaign 003,Demo Channel 001,Demo Category 031,0,,Winter,15.56,8,78,0.0,0.0,0.1025641025641025,1.945,0.0,0.0,0.0,-15.56,2026-01-01,2026-01-31
2026-01-04,Demo Campaign 003,Demo Channel 001,Demo Category 002,0,,Winter,63.670362,44,125,1.0,3859.0,0.352,1.4470536818181818,0.0227272727272727,63.670362,60.60904758166759,3795.329638,2026-01-01,2026-01-31
2026-01-04,Demo Campaign 013,Demo Channel 001,Demo Category 021,0,,Winter,1.96,1,2,0.0,0.0,0.5,1.96,0.0,0.0,0.0,-1.96,2026-01-01,2026-01-31
2026-01-04,Demo Campaign 008,Demo Channel 001,Demo Category 004,0,,Winter,121.180799,29,243,1.0,1071.24,0.1193415637860082,4.17864824137931,0.0344827586206896,121.180799,8.840014332633672,950.059201,2026-01-01,2026-01-31
2026-01-04,Demo Campaign 008,Demo Channel 001,Demo Category 003,0,,Winter,71.37,12,155,0.0,0.0,0.0774193548387096,5.947500000000001,0.0,0.0,0.0,-71.37,2026-01-01,2026-01-31
2026-01-04,Demo Campaign 008,Demo Channel 001,Demo Category 005,0,,Winter,61.72,10,243,0.0,0.0,0.0411522633744856,6.172,0.0,0.0,0.0,-61.72,2026-01-01,2026-01-31
2026-01-04,Demo Campaign 008,Demo Channel 001,Demo Category 015,0,,Winter,218.754608,46,718,0.0,0.0,0.064066852367688,4.755534956521739,0.0,0.0,0.0,-218.754608,2026-01-01,2026-01-31
2026-01-04,Demo Campaign 008,Demo Channel 001,Demo Category 001,0,,Winter,39.093892,11,62,1.0,499.9,0.1774193548387097,3.5539901818181816,0.0909090909090909,39.093892,12.78716378507415,460.806108,2026-01-01,2026-01-31
2026-01-04,Demo Campaign 002,Demo Channel 001,Demo Category 023,0,,Winter,0.0,0,2,0.0,0.0,0.0,0.0,0.0,0.0,0.0,0.0,2026-01-01,2026-01-31
2026-01-04,Demo Campaign 002,Demo Channel 001,Demo Category 004,0,,Winter,81.804471,9,70,0.0,0.0,0.1285714285714285,9.089385666666669,0.0,0.0,0.0,-81.804471,2026-01-01,2026-01-31
2026-01-04,Demo Campaign 002,Demo Channel 001,Demo Category 003,0,,Winter,0.0,0,1,0.0,0.0,0.0,0.0,0.0,0.0,0.0,0.0,2026-01-01,2026-01-31
2026-01-04,Demo Campaign 002,Demo Channel 001,Demo Category 005,0,,Winter,0.0,0,6,0.0,0.0,0.0,0.0,0.0,0.0,0.0,0.0,2026-01-01,2026-01-31
2026-01-04,Demo Campaign 002,Demo Channel 001,Demo Category 001,0,,Winter,175.9907,35,198,0.0,0.0,0.1767676767676767,5.028305714285715,0.0,0.0,0.0,-175.9907,2026-01-01,2026-01-31
2026-01-04,Demo Campaign 015,Demo Channel 001,Demo Category 016,0,,Winter,286.267145,22,149,0.0,0.0,0.1476510067114094,13.012142954545457,0.0,0.0,0.0,-286.267145,2026-01-01,2026-01-31
2026-01-04,Demo Campaign 015,Demo Channel 001,Demo Category 008,0,,Winter,36.43,3,66,0.0,0.0,0.0454545454545454,12.143333333333333,0.0,0.0,0.0,-36.43,2026-01-01,2026-01-31
2026-01-04,Demo Campaign 005,Demo Channel 001,Demo Category 004,0,,Winter,10.91,4,40,0.0,0.0,0.1,2.7275,0.0,0.0,0.0,-10.91,2026-01-01,2026-01-31
2026-01-04,Demo Campaign 005,Demo Channel 001,Demo Category 003,0,,Winter,0.0,0,6,0.0,0.0,0.0,0.0,0.0,0.0,0.0,0.0,2026-01-01,2026-01-31
2026-01-04,Demo Campaign 005,Demo Channel 001,Demo Category 014,0,,Winter,4.52,1,30,0.0,0.0,0.0333333333333333,4.52,0.0,0.0,0.0,-4.52,2026-01-01,2026-01-31
2026-01-04,Demo Campaign 005,Demo Channel 001,Demo Category 005,0,,Winter,0.0,0,4,0.0,0.0,0.0,0.0,0.0,0.0,0.0,0.0,2026-01-01,2026-01-31
2026-01-04,Demo Campaign 005,Demo Channel 001,Demo Category 015,0,,Winter,10.65,1,40,1.0,1829.82,0.025,10.65,1.0,10.65,171.81408450704225,1819.17,2026-01-01,2026-01-31
2026-01-04,Demo Campaign 011,Demo Channel 001,Demo Category 004,0,,Winter,1.67,1,2,0.0,0.0,0.5,1.67,0.0,0.0,0.0,-1.67,2026-01-01,2026-01-31
2026-01-04,Demo Campaign 004,Demo Channel 001,Demo Category 004,0,,Winter,38.966687,7,94,0.0,0.0,0.0744680851063829,5.566669571428571,0.0,0.0,0.0,-38.966687,2026-01-01,2026-01-31
2026-01-04,Demo Campaign 004,Demo Channel 001,Demo Category 003,0,,Winter,76.83,12,227,0.0,0.0,0.052863436123348,6.4025,0.0,0.0,0.0,-76.83,2026-01-01,2026-01-31
2026-01-04,Demo Campaign 004,Demo Channel 001,Demo Category 005,0,,Winter,58.065302,12,236,0.0,0.0,0.0508474576271186,4.838775166666667,0.0,0.0,0.0,-58.065302,2026-01-01,2026-01-31
2026-01-04,Demo Campaign 004,Demo Channel 001,Demo Category 015,0,,Winter,72.922019,10,448,0.0,0.0,0.0223214285714285,7.2922019,0.0,0.0,0.0,-72.922019,2026-01-01,2026-01-31
2026-01-04,Demo Campaign 004,Demo Channel 001,Demo Category 001,0,,Winter,0.0,0,5,0.0,0.0,0.0,0.0,0.0,0.0,0.0,0.0,2026-01-01,2026-01-31
2026-01-04,Demo Campaign 016,Demo Channel 001,Demo Category 018,0,,Winter,1.06,1,33,0.0,0.0,0.0303030303030303,1.06,0.0,0.0,0.0,-1.06,2026-01-01,2026-01-31
2026-01-04,Demo Campaign 016,Demo Channel 001,Demo Category 027,0,,Winter,0.0,0,7,0.0,0.0,0.0,0.0,0.0,0.0,0.0,0.0,2026-01-01,2026-01-31
2026-01-04,Demo Campaign 016,Demo Channel 001,Demo Category 009,0,,Winter,0.0,0,5,0.0,0.0,0.0,0.0,0.0,0.0,0.0,0.0,2026-01-01,2026-01-31
2026-01-04,Demo Campaign 017,Demo Channel 002,Demo Category 010,0,,Winter,198.501846,113,17739,0.0,0.0,0.0063701448785162,1.7566535044247789,0.0,0.0,0.0,-198.501846,2026-01-01,2026-01-31
2026-01-04,Demo Campaign 018,Demo Channel 002,Demo Category 011,0,,Winter,190.948183,223,14983,0.0,0.0,0.0148835346726289,0.8562698789237668,0.0,0.0,0.0,-190.948183,2026-01-01,2026-01-31
2026-01-04,Demo Campaign 019,Demo Channel 002,Demo Category 012,0,,Winter,209.469566,63,1498,0.0,0.0,0.0420560747663551,3.3249137460317457,0.0,0.0,0.0,-209.469566,2026-01-01,2026-01-31
2026-01-05,Demo Campaign 020,Demo Channel 003,Demo Category 010,0,,Winter,117.560699,10,4842,0.0,0.0,0.0020652622883106,11.7560699,0.0,0.0,0.0,-117.560699,2026-01-01,2026-01-31
2026-01-05,Demo Campaign 020,Demo Channel 003,Demo Category 012,0,,Winter,182.7113,22,7735,0.0,0.0,0.0028442146089204,8.30505909090909,0.0,0.0,0.0,-182.7113,2026-01-01,2026-01-31
2026-01-05,Demo Campaign 007,Demo Channel 001,Demo Category 004,0,,Winter,46.362292,12,98,0.0,0.0,0.1224489795918367,3.863524333333333,0.0,0.0,0.0,-46.362292,2026-01-01,2026-01-31
2026-01-05,Demo Campaign 007,Demo Channel 001,Demo Category 003,0,,Winter,129.513594,29,138,3.872802,6127.96333277,0.2101449275362318,4.465986,0.1335448965517241,33.44183203788885,47.315213357217154,5998.44973877,2026-01-01,2026-01-31
2026-01-05,Demo Campaign 007,Demo Channel 001,Demo Category 014,0,,Winter,719.614346,170,841,2.0,3139.6,0.2021403091557669,4.233025564705882,0.0117647058823529,359.807173,4.362892454064555,2419.985654,2026-01-01,2026-01-31
2026-01-05,Demo Campaign 007,Demo Channel 001,Demo Category 005,0,,Winter,171.174908,50,230,0.0,0.0,0.217391304347826,3.42349816,0.0,0.0,0.0,-171.174908,2026-01-01,2026-01-31
2026-01-05,Demo Campaign 007,Demo Channel 001,Demo Category 015,0,,Winter,516.707542,95,446,5.898716,15915.3389052,0.2130044843049327,5.439026757894736,0.062091747368421,87.59661288999165,30.80144494039532,15398.6313632,2026-01-01,2026-01-31
2026-01-05,Demo Campaign 001,Demo Channel 001,Demo Category 004,0,,Winter,2.62,1,3,0.0,0.0,0.3333333333333333,2.62,0.0,0.0,0.0,-2.62,2026-01-01,2026-01-31
2026-01-05,Demo Campaign 001,Demo Channel 001,Demo Category 003,0,,Winter,26.39,9,11,0.0,0.0,0.8181818181818182,2.9322222222222223,0.0,0.0,0.0,-26.39,2026-01-01,2026-01-31
2026-01-05,Demo Campaign 001,Demo Channel 001,Demo Category 001,0,,Winter,171.439401,62,166,1.0,1071.24,0.3734939759036144,2.765151629032258,0.0161290322580645,171.439401,6.2485052663010645,899.800599,2026-01-01,2026-01-31
2026-01-05,Demo Campaign 014,Demo Channel 001,Demo Category 023,0,,Winter,102.971981,13,116,0.0,0.0,0.1120689655172413,7.920921615384615,0.0,0.0,0.0,-102.971981,2026-01-01,2026-01-31
2026-01-05,Demo Campaign 014,Demo Channel 001,Demo Category 007,0,,Winter,80.27,12,139,0.0,0.0,0.0863309352517985,6.689166666666666,0.0,0.0,0.0,-80.27,2026-01-01,2026-01-31
2026-01-05,Demo Campaign 012,Demo Channel 001,Demo Category 003,0,,Winter,6.41,2,12,0.0,0.0,0.1666666666666666,3.205,0.0,0.0,0.0,-6.41,2026-01-01,2026-01-31
2026-01-05,Demo Campaign 012,Demo Channel 001,Demo Category 014,0,,Winter,47.7,6,34,0.0,0.0,0.1764705882352941,7.95,0.0,0.0,0.0,-47.7,2026-01-01,2026-01-31
2026-01-05,Demo Campaign 012,Demo Channel 001,Demo Category 005,0,,Winter,20.292684,3,8,0.0,0.0,0.375,6.764228,0.0,0.0,0.0,-20.292684,2026-01-01,2026-01-31
2026-01-05,Demo Campaign 012,Demo Channel 001,Demo Category 015,0,,Winter,9.08,1,13,0.0,0.0,0.0769230769230769,9.08,0.0,0.0,0.0,-9.08,2026-01-01,2026-01-31
2026-01-05,Demo Campaign 009,Demo Channel 001,Demo Category 014,0,,Winter,82.219903,11,99,0.0,0.0,0.1111111111111111,7.474536636363637,0.0,0.0,0.0,-82.219903,2026-01-01,2026-01-31
2026-01-05,Demo Campaign 009,Demo Channel 001,Demo Category 005,0,,Winter,33.11,5,50,0.0,0.0,0.1,6.622,0.0,0.0,0.0,-33.11,2026-01-01,2026-01-31
2026-01-05,Demo Campaign 009,Demo Channel 001,Demo Category 015,0,,Winter,95.731306,11,66,0.0,0.0,0.1666666666666666,8.702846000000001,0.0,0.0,0.0,-95.731306,2026-01-01,2026-01-31
2026-01-05,Demo Campaign 006,Demo Channel 001,Demo Category 004,0,,Winter,0.0,0,1,0.0,0.0,0.0,0.0,0.0,0.0,0.0,0.0,2026-01-01,2026-01-31
2026-01-05,Demo Campaign 006,Demo Channel 001,Demo Category 003,0,,Winter,119.59,14,53,0.0,0.0,0.2641509433962264,8.542142857142858,0.0,0.0,0.0,-119.59,2026-01-01,2026-01-31
2026-01-05,Demo Campaign 006,Demo Channel 001,Demo Category 014,0,,Winter,214.340636,14,70,0.0,0.0,0.2,15.310045428571428,0.0,0.0,0.0,-214.340636,2026-01-01,2026-01-31
2026-01-05,Demo Campaign 006,Demo Channel 001,Demo Category 005,0,,Winter,1.94,2,26,1.0,3519.84,0.0769230769230769,0.97,0.5,1.94,1814.3505154639172,3517.9,2026-01-01,2026-01-31
2026-01-05,Demo Campaign 006,Demo Channel 001,Demo Category 015,0,,Winter,16.34,2,22,0.0,0.0,0.0909090909090909,8.17,0.0,0.0,0.0,-16.34,2026-01-01,2026-01-31
2026-01-05,Demo Campaign 010,Demo Channel 001,Demo Category 014,0,,Winter,37.59,5,22,0.0,0.0,0.2272727272727272,7.518000000000001,0.0,0.0,0.0,-37.59,2026-01-01,2026-01-31
2026-01-05,Demo Campaign 010,Demo Channel 001,Demo Category 005,0,,Winter,134.76,24,144,3.0,6209.4,0.1666666666666666,5.614999999999999,0.125,44.92,46.07747105966162,6074.639999999999,2026-01-01,2026-01-31
2026-01-05,Demo Campaign 003,Demo Channel 001,Demo Category 013,0,,Winter,1577.145153,1251,3095,43.667851,93632.85734464,0.404200323101777,1.260707556354916,0.0349063557154276,36.11684836517373,59.3685731250128,92055.71219164,2026-01-01,2026-01-31
2026-01-05,Demo Campaign 003,Demo Channel 001,Demo Category 017,0,,Winter,24.699398,13,95,0.0,0.0,0.1368421052631579,1.8999536923076925,0.0,0.0,0.0,-24.699398,2026-01-01,2026-01-31
2026-01-05,Demo Campaign 003,Demo Channel 001,Demo Category 031,0,,Winter,2.0,1,35,0.0,0.0,0.0285714285714285,2.0,0.0,0.0,0.0,-2.0,2026-01-01,2026-01-31
2026-01-05,Demo Campaign 003,Demo Channel 001,Demo Category 002,0,,Winter,72.091663,42,133,2.0,2519.6,0.3157894736842105,1.7164681666666666,0.0476190476190476,36.0458315,34.94994976048756,2447.508337,2026-01-01,2026-01-31
2026-01-05,Demo Campaign 013,Demo Channel 001,Demo Category 024,0,,Winter,0.0,0,1,0.0,0.0,0.0,0.0,0.0,0.0,0.0,0.0,2026-01-01,2026-01-31
2026-01-05,Demo Campaign 013,Demo Channel 001,Demo Category 021,0,,Winter,0.0,0,4,0.0,0.0,0.0,0.0,0.0,0.0,0.0,0.0,2026-01-01,2026-01-31
2026-01-05,Demo Campaign 013,Demo Channel 001,Demo Category 030,0,,Winter,0.0,0,1,0.0,0.0,0.0,0.0,0.0,0.0,0.0,0.0,2026-01-01,2026-01-31
2026-01-05,Demo Campaign 013,Demo Channel 001,Demo Category 006,0,,Winter,0.0,0,7,0.0,0.0,0.0,0.0,0.0,0.0,0.0,0.0,2026-01-01,2026-01-31
2026-01-05,Demo Campaign 008,Demo Channel 001,Demo Category 004,0,,Winter,148.55,23,208,0.0,0.0,0.110576923076923,6.458695652173914,0.0,0.0,0.0,-148.55,2026-01-01,2026-01-31
2026-01-05,Demo Campaign 008,Demo Channel 001,Demo Category 003,0,,Winter,46.59,8,148,0.0,0.0,0.054054054054054,5.82375,0.0,0.0,0.0,-46.59,2026-01-01,2026-01-31
2026-01-05,Demo Campaign 008,Demo Channel 001,Demo Category 005,0,,Winter,49.919066,10,228,0.0,0.0,0.043859649122807,4.9919066,0.0,0.0,0.0,-49.919066,2026-01-01,2026-01-31
2026-01-05,Demo Campaign 008,Demo Channel 001,Demo Category 015,0,,Winter,125.883473,30,502,0.0,0.0,0.0597609561752988,4.196115766666667,0.0,0.0,0.0,-125.883473,2026-01-01,2026-01-31
2026-01-05,Demo Campaign 008,Demo Channel 001,Demo Category 001,0,,Winter,85.978187,20,118,0.0,0.0,0.1694915254237288,4.298909350000001,0.0,0.0,0.0,-85.978187,2026-01-01,2026-01-31
2026-01-05,Demo Campaign 002,Demo Channel 001,Demo Category 004,0,,Winter,93.37,5,32,0.0,0.0,0.15625,18.674,0.0,0.0,0.0,-93.37,2026-01-01,2026-01-31
2026-01-05,Demo Campaign 002,Demo Channel 001,Demo Category 003,0,,Winter,0.0,0,1,0.0,0.0,0.0,0.0,0.0,0.0,0.0,0.0,2026-01-01,2026-01-31
2026-01-05,Demo Campaign 002,Demo Channel 001,Demo Category 005,0,,Winter,5.13,1,2,0.0,0.0,0.5,5.13,0.0,0.0,0.0,-5.13,2026-01-01,2026-01-31
2026-01-05,Demo Campaign 002,Demo Channel 001,Demo Category 001,0,,Winter,98.68,13,89,0.0,0.0,0.146067415730337,7.590769230769231,0.0,0.0,0.0,-98.68,2026-01-01,2026-01-31
2026-01-05,Demo Campaign 015,Demo Channel 001,Demo Category 016,0,,Winter,118.84,9,65,0.0,0.0,0.1384615384615384,13.204444444444444,0.0,0.0,0.0,-118.84,2026-01-01,2026-01-31
2026-01-05,Demo Campaign 015,Demo Channel 001,Demo Category 008,0,,Winter,39.05,3,29,0.0,0.0,0.1034482758620689,13.016666666666666,0.0,0.0,0.0,-39.05,2026-01-01,2026-01-31
2026-01-05,Demo Campaign 005,Demo Channel 001,Demo Category 004,0,,Winter,0.0,0,47,0.0,0.0,0.0,0.0,0.0,0.0,0.0,0.0,2026-01-01,2026-01-31
2026-01-05,Demo Campaign 005,Demo Channel 001,Demo Category 003,0,,Winter,0.0,0,11,0.0,0.0,0.0,0.0,0.0,0.0,0.0,0.0,2026-01-01,2026-01-31
2026-01-05,Demo Campaign 005,Demo Channel 001,Demo Category 014,0,,Winter,0.0,0,29,0.0,0.0,0.0,0.0,0.0,0.0,0.0,0.0,2026-01-01,2026-01-31
2026-01-05,Demo Campaign 005,Demo Channel 001,Demo Category 005,0,,Winter,0.0,0,1,0.0,0.0,0.0,0.0,0.0,0.0,0.0,0.0,2026-01-01,2026-01-31
2026-01-05,Demo Campaign 005,Demo Channel 001,Demo Category 015,0,,Winter,5.5,1,26,0.0,0.0,0.0384615384615384,5.5,0.0,0.0,0.0,-5.5,2026-01-01,2026-01-31
2026-01-05,Demo Campaign 011,Demo Channel 001,Demo Category 029,0,,Winter,0.0,0,1,0.0,0.0,0.0,0.0,0.0,0.0,0.0,0.0,2026-01-01,2026-01-31
2026-01-05,Demo Campaign 004,Demo Channel 001,Demo Category 004,0,,Winter,29.03,2,75,1.0,2733.03,0.0266666666666666,14.515,0.5,29.03,94.1450223906304,2704.0,2026-01-01,2026-01-31
2026-01-05,Demo Campaign 004,Demo Channel 001,Demo Category 003,0,,Winter,42.10046,4,220,0.0,0.0,0.0181818181818181,10.525115,0.0,0.0,0.0,-42.10046,2026-01-01,2026-01-31
2026-01-05,Demo Campaign 004,Demo Channel 001,Demo Category 005,0,,Winter,81.089917,10,205,0.0,0.0,0.048780487804878,8.1089917,0.0,0.0,0.0,-81.089917,2026-01-01,2026-01-31
2026-01-05,Demo Campaign 004,Demo Channel 001,Demo Category 015,0,,Winter,57.2,12,421,0.0,0.0,0.0285035629453681,4.766666666666667,0.0,0.0,0.0,-57.2,2026-01-01,2026-01-31
2026-01-05,Demo Campaign 004,Demo Channel 001,Demo Category 001,0,,Winter,0.0,0,5,0.0,0.0,0.0,0.0,0.0,0.0,0.0,0.0,2026-01-01,2026-01-31
2026-01-05,Demo Campaign 016,Demo Channel 001,Demo Category 018,0,,Winter,0.0,0,12,0.0,0.0,0.0,0.0,0.0,0.0,0.0,0.0,2026-01-01,2026-01-31
2026-01-05,Demo Campaign 016,Demo Channel 001,Demo Category 019,0,,Winter,0.0,0,2,0.0,0.0,0.0,0.0,0.0,0.0,0.0,0.0,2026-01-01,2026-01-31
2026-01-05,Demo Campaign 016,Demo Channel 001,Demo Category 027,0,,Winter,0.0,0,2,0.0,0.0,0.0,0.0,0.0,0.0,0.0,0.0,2026-01-01,2026-01-31
2026-01-05,Demo Campaign 016,Demo Channel 001,Demo Category 009,0,,Winter,0.0,0,6,0.0,0.0,0.0,0.0,0.0,0.0,0.0,0.0,2026-01-01,2026-01-31
2026-01-05,Demo Campaign 017,Demo Channel 002,Demo Category 010,0,,Winter,85.692662,66,26014,0.0,0.0,0.0025370954101637,1.2983736666666663,0.0,0.0,0.0,-85.692662,2026-01-01,2026-01-31
2026-01-05,Demo Campaign 018,Demo Channel 002,Demo Category 011,0,,Winter,100.403109,106,9059,0.0,0.0,0.0117010707583618,0.947199141509434,0.0,0.0,0.0,-100.403109,2026-01-01,2026-01-31
2026-01-05,Demo Campaign 019,Demo Channel 002,Demo Category 012,0,,Winter,128.821399,50,1577,0.0,0.0,0.0317057704502219,2.57642798,0.0,0.0,0.0,-128.821399,2026-01-01,2026-01-31
2026-01-06,Demo Campaign 020,Demo Channel 003,Demo Category 010,0,,Winter,93.57792,7,4433,0.0,0.0,0.0015790660951951,13.368274285714287,0.0,0.0,0.0,-93.57792,2026-01-01,2026-01-31
2026-01-06,Demo Campaign 020,Demo Channel 003,Demo Category 012,0,,Winter,220.623453,23,10640,0.0,0.0,0.0021616541353383,9.59232404347826,0.0,0.0,0.0,-220.623453,2026-01-01,2026-01-31
2026-01-06,Demo Campaign 007,Demo Channel 001,Demo Category 004,0,,Winter,75.43,19,80,0.0,0.0,0.2375,3.97,0.0,0.0,0.0,-75.43,2026-01-01,2026-01-31
2026-01-06,Demo Campaign 007,Demo Channel 001,Demo Category 003,0,,Winter,87.845501,26,96,0.0,0.0,0.2708333333333333,3.3786731153846152,0.0,0.0,0.0,-87.845501,2026-01-01,2026-01-31
2026-01-06,Demo Campaign 007,Demo Channel 001,Demo Category 014,0,,Winter,1005.906895,229,843,7.0,17758.75,0.2716488730723606,4.392606528384279,0.0305676855895196,143.700985,17.654466917636547,16752.843105,2026-01-01,2026-01-31
2026-01-06,Demo Campaign 007,Demo Channel 001,Demo Category 005,0,,Winter,216.497234,43,153,2.0,6279.66,0.2810457516339869,5.034819395348837,0.0465116279069767,108.248617,29.005728544319417,6063.162766,2026-01-01,2026-01-31
2026-01-06,Demo Campaign 007,Demo Channel 001,Demo Category 015,0,,Winter,406.534672,62,330,1.0,2569.72997361,0.1878787878787878,6.557010838709678,0.0161290322580645,406.534672,6.321059802766343,2163.19530161,2026-01-01,2026-01-31
2026-01-06,Demo Campaign 001,Demo Channel 001,Demo Category 004,0,,Winter,0.32,1,5,0.0,0.0,0.2,0.32,0.0,0.0,0.0,-0.32,2026-01-01,2026-01-31
2026-01-06,Demo Campaign 001,Demo Channel 001,Demo Category 003,0,,Winter,17.48,7,12,0.0,0.0,0.5833333333333334,2.4971428571428573,0.0,0.0,0.0,-17.48,2026-01-01,2026-01-31
2026-01-06,Demo Campaign 001,Demo Channel 001,Demo Category 005,0,,Winter,6.28,2,6,0.0,0.0,0.3333333333333333,3.14,0.0,0.0,0.0,-6.28,2026-01-01,2026-01-31
2026-01-06,Demo Campaign 001,Demo Channel 001,Demo Category 001,0,,Winter,173.587183,60,152,2.0,2739.6,0.3947368421052631,2.893119716666667,0.0333333333333333,86.7935915,15.782271206048662,2566.012817,2026-01-01,2026-01-31
2026-01-06,Demo Campaign 014,Demo Channel 001,Demo Category 023,0,,Winter,88.542971,20,157,0.0,0.0,0.1273885350318471,4.42714855,0.0,0.0,0.0,-88.542971,2026-01-01,2026-01-31
2026-01-06,Demo Campaign 014,Demo Channel 001,Demo Category 007,0,,Winter,68.456709,17,137,0.0,0.0,0.1240875912408759,4.026865235294117,0.0,0.0,0.0,-68.456709,2026-01-01,2026-01-31
2026-01-06,Demo Campaign 012,Demo Channel 001,Demo Category 004,0,,Winter,10.08,2,3,0.0,0.0,0.6666666666666666,5.04,0.0,0.0,0.0,-10.08,2026-01-01,2026-01-31
2026-01-06,Demo Campaign 012,Demo Channel 001,Demo Category 003,0,,Winter,0.0,0,10,0.0,0.0,0.0,0.0,0.0,0.0,0.0,0.0,2026-01-01,2026-01-31
2026-01-06,Demo Campaign 012,Demo Channel 001,Demo Category 014,0,,Winter,34.248919,8,49,0.0,0.0,0.1632653061224489,4.281114875,0.0,0.0,0.0,-34.248919,2026-01-01,2026-01-31
2026-01-06,Demo Campaign 012,Demo Channel 001,Demo Category 005,0,,Winter,25.59,6,17,0.0,0.0,0.3529411764705882,4.265,0.0,0.0,0.0,-25.59,2026-01-01,2026-01-31
2026-01-06,Demo Campaign 012,Demo Channel 001,Demo Category 015,0,,Winter,36.120679,4,27,0.0,0.0,0.1481481481481481,9.03016975,0.0,0.0,0.0,-36.120679,2026-01-01,2026-01-31
2026-01-06,Demo Campaign 009,Demo Channel 001,Demo Category 014,0,,Winter,100.029861,8,62,0.0,0.0,0.1290322580645161,12.503732625,0.0,0.0,0.0,-100.029861,2026-01-01,2026-01-31
2026-01-06,Demo Campaign 009,Demo Channel 001,Demo Category 005,0,,Winter,37.62,7,36,0.0,0.0,0.1944444444444444,5.374285714285714,0.0,0.0,0.0,-37.62,2026-01-01,2026-01-31
2026-01-06,Demo Campaign 009,Demo Channel 001,Demo Category 015,0,,Winter,18.58,4,45,0.0,0.0,0.0888888888888888,4.645,0.0,0.0,0.0,-18.58,2026-01-01,2026-01-31
2026-01-06,Demo Campaign 006,Demo Channel 001,Demo Category 004,0,,Winter,0.0,0,3,0.0,0.0,0.0,0.0,0.0,0.0,0.0,0.0,2026-01-01,2026-01-31
2026-01-06,Demo Campaign 006,Demo Channel 001,Demo Category 003,0,,Winter,71.84,11,45,0.238846,351.06301618,0.2444444444444444,6.530909090909091,0.0217132727272727,300.779581822597,4.886734635022271,279.22301617999995,2026-01-01,2026-01-31
2026-01-06,Demo Campaign 006,Demo Channel 001,Demo Category 014,0,,Winter,87.230765,10,42,0.0,0.0,0.238095238095238,8.723076500000001,0.0,0.0,0.0,-87.230765,2026-01-01,2026-01-31
2026-01-06,Demo Campaign 006,Demo Channel 001,Demo Category 005,0,,Winter,12.51,2,21,0.0,0.0,0.0952380952380952,6.255,0.0,0.0,0.0,-12.51,2026-01-01,2026-01-31
2026-01-06,Demo Campaign 006,Demo Channel 001,Demo Category 015,0,,Winter,140.24,1,16,0.0,0.0,0.0625,140.24,0.0,0.0,0.0,-140.24,2026-01-01,2026-01-31
2026-01-06,Demo Campaign 006,Demo Channel 001,Demo Category 001,0,,Winter,0.0,0,8,0.0,0.0,0.0,0.0,0.0,0.0,0.0,0.0,2026-01-01,2026-01-31
2026-01-06,Demo Campaign 010,Demo Channel 001,Demo Category 003,0,,Winter,0.0,0,1,0.0,0.0,0.0,0.0,0.0,0.0,0.0,0.0,2026-01-01,2026-01-31
2026-01-06,Demo Campaign 010,Demo Channel 001,Demo Category 014,0,,Winter,9.64,4,11,0.0,0.0,0.3636363636363636,2.41,0.0,0.0,0.0,-9.64,2026-01-01,2026-01-31
2026-01-06,Demo Campaign 010,Demo Channel 001,Demo Category 005,0,,Winter,158.847754,29,213,0.0,0.0,0.136150234741784,5.47750875862069,0.0,0.0,0.0,-158.847754,2026-01-01,2026-01-31
2026-01-06,Demo Campaign 003,Demo Channel 001,Demo Category 013,0,,Winter,1370.321674,1109,2700,36.644089,94652.050287635,0.4107407407407407,1.2356372173128944,0.0330424607754734,37.39543570042088,69.07286959224948,93281.728613635,2026-01-01,2026-01-31
2026-01-06,Demo Campaign 003,Demo Channel 001,Demo Category 017,0,,Winter,16.94,9,92,0.0,0.0,0.0978260869565217,1.8822222222222225,0.0,0.0,0.0,-16.94,2026-01-01,2026-01-31
2026-01-06,Demo Campaign 003,Demo Channel 001,Demo Category 031,0,,Winter,0.0,0,24,0.0,0.0,0.0,0.0,0.0,0.0,0.0,0.0,2026-01-01,2026-01-31
2026-01-06,Demo Campaign 003,Demo Channel 001,Demo Category 002,0,,Winter,63.643916,36,120,4.0,10845.94,0.3,1.7678865555555554,0.1111111111111111,15.910979,170.4159750320832,10782.296084,2026-01-01,2026-01-31
2026-01-06,Demo Campaign 013,Demo Channel 001,Demo Category 021,0,,Winter,0.0,0,2,0.0,0.0,0.0,0.0,0.0,0.0,0.0,0.0,2026-01-01,2026-01-31
2026-01-06,Demo Campaign 013,Demo Channel 001,Demo Category 006,0,,Winter,2.0,1,5,1.0,2431.75,0.2,2.0,1.0,2.0,1215.875,2429.75,2026-01-01,2026-01-31
2026-01-06,Demo Campaign 008,Demo Channel 001,Demo Category 004,0,,Winter,98.633256,21,183,2.0,4131.46,0.1147540983606557,4.696821714285714,0.0952380952380952,49.316628,41.88708927950224,4032.826744,2026-01-01,2026-01-31
2026-01-06,Demo Campaign 008,Demo Channel 001,Demo Category 003,0,,Winter,22.72,4,92,0.0,0.0,0.0434782608695652,5.68,0.0,0.0,0.0,-22.72,2026-01-01,2026-01-31
2026-01-06,Demo Campaign 008,Demo Channel 001,Demo Category 005,0,,Winter,60.044616000000005,14,166,0.0,0.0,0.0843373493975903,4.288901142857143,0.0,0.0,0.0,-60.044616000000005,2026-01-01,2026-01-31
2026-01-06,Demo Campaign 008,Demo Channel 001,Demo Category 015,0,,Winter,83.367529,19,330,0.0,0.0,0.0575757575757575,4.387764684210526,0.0,0.0,0.0,-83.367529,2026-01-01,2026-01-31
2026-01-06,Demo Campaign 008,Demo Channel 001,Demo Category 001,0,,Winter,91.357429,16,82,0.0,0.0,0.1951219512195122,5.7098393125,0.0,0.0,0.0,-91.357429,2026-01-01,2026-01-31
2026-01-06,Demo Campaign 002,Demo Channel 001,Demo Category 004,0,,Winter,25.7,6,41,0.0,0.0,0.1463414634146341,4.283333333333333,0.0,0.0,0.0,-25.7,2026-01-01,2026-01-31
2026-01-06,Demo Campaign 002,Demo Channel 001,Demo Category 003,0,,Winter,0.0,0,3,0.0,0.0,0.0,0.0,0.0,0.0,0.0,0.0,2026-01-01,2026-01-31
2026-01-06,Demo Campaign 002,Demo Channel 001,Demo Category 005,0,,Winter,0.0,0,3,0.0,0.0,0.0,0.0,0.0,0.0,0.0,0.0,2026-01-01,2026-01-31
2026-01-06,Demo Campaign 002,Demo Channel 001,Demo Category 001,0,,Winter,157.591375,27,131,0.0,0.0,0.2061068702290076,5.836717592592593,0.0,0.0,0.0,-157.591375,2026-01-01,2026-01-31
2026-01-06,Demo Campaign 015,Demo Channel 001,Demo Category 016,0,,Winter,145.13,20,74,0.0,0.0,0.2702702702702703,7.2565,0.0,0.0,0.0,-145.13,2026-01-01,2026-01-31
2026-01-06,Demo Campaign 015,Demo Channel 001,Demo Category 008,0,,Winter,0.0,0,21,0.0,0.0,0.0,0.0,0.0,0.0,0.0,0.0,2026-01-01,2026-01-31
2026-01-06,Demo Campaign 005,Demo Channel 001,Demo Category 004,0,,Winter,22.290471,5,57,0.0,0.0,0.087719298245614,4.4580942,0.0,0.0,0.0,-22.290471,2026-01-01,2026-01-31
2026-01-06,Demo Campaign 005,Demo Channel 001,Demo Category 003,0,,Winter,0.0,0,1,0.0,0.0,0.0,0.0,0.0,0.0,0.0,0.0,2026-01-01,2026-01-31
2026-01-06,Demo Campaign 005,Demo Channel 001,Demo Category 014,0,,Winter,6.12,3,40,0.0,0.0,0.075,2.04,0.0,0.0,0.0,-6.12,2026-01-01,2026-01-31
2026-01-06,Demo Campaign 005,Demo Channel 001,Demo Category 005,0,,Winter,0.0,0,1,0.0,0.0,0.0,0.0,0.0,0.0,0.0,0.0,2026-01-01,2026-01-31
2026-01-06,Demo Campaign 005,Demo Channel 001,Demo Category 015,0,,Winter,0.0,0,23,0.0,0.0,0.0,0.0,0.0,0.0,0.0,0.0,2026-01-01,2026-01-31
2026-01-06,Demo Campaign 011,Demo Channel 001,Demo Category 004,0,,Winter,0.0,0,1,0.0,0.0,0.0,0.0,0.0,0.0,0.0,0.0,2026-01-01,2026-01-31
2026-01-06,Demo Campaign 011,Demo Channel 001,Demo Category 003,0,,Winter,0.0,0,1,0.0,0.0,0.0,0.0,0.0,0.0,0.0,0.0,2026-01-01,2026-01-31
2026-01-06,Demo Campaign 004,Demo Channel 001,Demo Category 004,0,,Winter,8.72,1,60,0.0,0.0,0.0166666666666666,8.72,0.0,0.0,0.0,-8.72,2026-01-01,2026-01-31
2026-01-06,Demo Campaign 004,Demo Channel 001,Demo Category 003,0,,Winter,54.35,7,133,0.0,0.0,0.0526315789473684,7.764285714285714,0.0,0.0,0.0,-54.35,2026-01-01,2026-01-31
2026-01-06,Demo Campaign 004,Demo Channel 001,Demo Category 005,0,,Winter,58.55,8,112,0.0,0.0,0.0714285714285714,7.31875,0.0,0.0,0.0,-58.55,2026-01-01,2026-01-31
2026-01-06,Demo Campaign 004,Demo Channel 001,Demo Category 015,0,,Winter,69.607037,12,239,0.0,0.0,0.0502092050209205,5.800586416666667,0.0,0.0,0.0,-69.607037,2026-01-01,2026-01-31
2026-01-06,Demo Campaign 004,Demo Channel 001,Demo Category 001,0,,Winter,0.0,0,3,0.0,0.0,0.0,0.0,0.0,0.0,0.0,0.0,2026-01-01,2026-01-31
2026-01-06,Demo Campaign 016,Demo Channel 001,Demo Category 018,0,,Winter,0.0,0,28,0.0,0.0,0.0,0.0,0.0,0.0,0.0,0.0,2026-01-01,2026-01-31
2026-01-06,Demo Campaign 016,Demo Channel 001,Demo Category 027,0,,Winter,0.0,0,4,0.0,0.0,0.0,0.0,0.0,0.0,0.0,0.0,2026-01-01,2026-01-31
2026-01-06,Demo Campaign 016,Demo Channel 001,Demo Category 009,0,,Winter,0.0,0,11,0.0,0.0,0.0,0.0,0.0,0.0,0.0,0.0,2026-01-01,2026-01-31
2026-01-06,Demo Campaign 017,Demo Channel 002,Demo Category 010,0,,Winter,113.653231,45,21245,0.0,0.0,0.0021181454459872,2.525627355555556,0.0,0.0,0.0,-113.653231,2026-01-01,2026-01-31
2026-01-06,Demo Campaign 018,Demo Channel 002,Demo Category 011,0,,Winter,109.741741,98,10122,0.0,0.0,0.0096818810511756,1.1198136836734691,0.0,0.0,0.0,-109.741741,2026-01-01,2026-01-31
2026-01-06,Demo Campaign 019,Demo Channel 002,Demo Category 012,0,,Winter,104.538637,26,961,0.0,0.0,0.0270551508844953,4.020716807692308,0.0,0.0,0.0,-104.538637,2026-01-01,2026-01-31
2026-01-07,Demo Campaign 020,Demo Channel 003,Demo Category 010,0,,Winter,49.270984,6,1809,0.0,0.0,0.0033167495854063,8.211830666666666,0.0,0.0,0.0,-49.270984,2026-01-01,2026-01-31
2026-01-07,Demo Campaign 020,Demo Channel 003,Demo Category 012,0,,Winter,100.719555,6,4435,0.0,0.0,0.0013528748590755,16.7865925,0.0,0.0,0.0,-100.719555,2026-01-01,2026-01-31
2026-01-07,Demo Campaign 007,Demo Channel 001,Demo Category 004,0,,Winter,91.319456,22,68,0.0,0.0,0.3235294117647059,4.150884363636364,0.0,0.0,0.0,-91.319456,2026-01-01,2026-01-31
2026-01-07,Demo Campaign 007,Demo Channel 001,Demo Category 003,0,,Winter,119.288358,29,63,0.0,0.0,0.4603174603174603,4.113391655172414,0.0,0.0,0.0,-119.288358,2026-01-01,2026-01-31
2026-01-07,Demo Campaign 007,Demo Channel 001,Demo Category 014,0,,Winter,865.058238,216,679,5.0,12838.849963452,0.3181148748159057,4.00489925,0.0231481481481481,173.0116476,14.841601870800288,11973.791725452,2026-01-01,2026-01-31
2026-01-07,Demo Campaign 007,Demo Channel 001,Demo Category 005,0,,Winter,120.604017,22,63,0.0,0.0,0.3492063492063492,5.482000772727273,0.0,0.0,0.0,-120.604017,2026-01-01,2026-01-31
2026-01-07,Demo Campaign 007,Demo Channel 001,Demo Category 015,0,,Winter,204.734424,35,154,0.0,0.0,0.2272727272727272,5.849554971428571,0.0,0.0,0.0,-204.734424,2026-01-01,2026-01-31
2026-01-07,Demo Campaign 001,Demo Channel 001,Demo Category 004,0,,Winter,12.84,4,12,0.0,0.0,0.3333333333333333,3.21,0.0,0.0,0.0,-12.84,2026-01-01,2026-01-31
2026-01-07,Demo Campaign 001,Demo Channel 001,Demo Category 003,0,,Winter,18.3,5,14,0.0,0.0,0.3571428571428571,3.66,0.0,0.0,0.0,-18.3,2026-01-01,2026-01-31
2026-01-07,Demo Campaign 001,Demo Channel 001,Demo Category 005,0,,Winter,4.36,1,4,0.0,0.0,0.25,4.36,0.0,0.0,0.0,-4.36,2026-01-01,2026-01-31
2026-01-07,Demo Campaign 001,Demo Channel 001,Demo Category 001,0,,Winter,175.986689,48,143,1.0,2039.73,0.3356643356643357,3.666389354166667,0.0208333333333333,175.986689,11.590251578629337,1863.743311,2026-01-01,2026-01-31
2026-01-07,Demo Campaign 014,Demo Channel 001,Demo Category 023,0,,Winter,49.326833,10,85,0.0,0.0,0.1176470588235294,4.9326833,0.0,0.0,0.0,-49.326833,2026-01-01,2026-01-31
2026-01-07,Demo Campaign 014,Demo Channel 001,Demo Category 007,0,,Winter,52.652114,14,101,0.0,0.0,0.1386138613861386,3.7608652857142855,0.0,0.0,0.0,-52.652114,2026-01-01,2026-01-31
2026-01-07,Demo Campaign 012,Demo Channel 001,Demo Category 004,0,,Winter,0.0,0,1,0.0,0.0,0.0,0.0,0.0,0.0,0.0,0.0,2026-01-01,2026-01-31
2026-01-07,Demo Campaign 012,Demo Channel 001,Demo Category 003,0,,Winter,3.380044,1,5,0.0,0.0,0.2,3.380044,0.0,0.0,0.0,-3.380044,2026-01-01,2026-01-31
2026-01-07,Demo Campaign 012,Demo Channel 001,Demo Category 014,0,,Winter,32.09,5,33,0.0,0.0,0.1515151515151515,6.418000000000001,0.0,0.0,0.0,-32.09,2026-01-01,2026-01-31
2026-01-07,Demo Campaign 012,Demo Channel 001,Demo Category 005,0,,Winter,4.261461,3,20,0.0,0.0,0.15,1.4204869999999998,0.0,0.0,0.0,-4.261461,2026-01-01,2026-01-31
2026-01-07,Demo Campaign 012,Demo Channel 001,Demo Category 015,0,,Winter,103.9912,4,14,1.0,1899.9,0.2857142857142857,25.9978,0.25,103.9912,18.269815138204,1795.9088000000002,2026-01-01,2026-01-31
2026-01-07,Demo Campaign 009,Demo Channel 001,Demo Category 014,0,,Winter,203.98,11,93,0.0,0.0,0.1182795698924731,18.543636363636363,0.0,0.0,0.0,-203.98,2026-01-01,2026-01-31
2026-01-07,Demo Campaign 009,Demo Channel 001,Demo Category 005,0,,Winter,22.07,5,14,0.0,0.0,0.3571428571428571,4.414,0.0,0.0,0.0,-22.07,2026-01-01,2026-01-31
2026-01-07,Demo Campaign 009,Demo Channel 001,Demo Category 015,0,,Winter,54.84,5,58,0.0,0.0,0.0862068965517241,10.968,0.0,0.0,0.0,-54.84,2026-01-01,2026-01-31
2026-01-07,Demo Campaign 006,Demo Channel 001,Demo Category 004,0,,Winter,69.58,1,16,0.0,0.0,0.0625,69.58,0.0,0.0,0.0,-69.58,2026-01-01,2026-01-31
2026-01-07,Demo Campaign 006,Demo Channel 001,Demo Category 003,0,,Winter,49.474689,9,47,0.0,0.0,0.1914893617021276,5.497187666666666,0.0,0.0,0.0,-49.474689,2026-01-01,2026-01-31
2026-01-07,Demo Campaign 006,Demo Channel 001,Demo Category 014,0,,Winter,40.61,8,74,0.0,0.0,0.1081081081081081,5.07625,0.0,0.0,0.0,-40.61,2026-01-01,2026-01-31
2026-01-07,Demo Campaign 006,Demo Channel 001,Demo Category 005,0,,Winter,45.49,7,11,0.0,0.0,0.6363636363636364,6.498571428571429,0.0,0.0,0.0,-45.49,2026-01-01,2026-01-31
2026-01-07,Demo Campaign 006,Demo Channel 001,Demo Category 015,0,,Winter,66.488072,7,45,0.0,0.0,0.1555555555555555,9.498296,0.0,0.0,0.0,-66.488072,2026-01-01,2026-01-31
2026-01-07,Demo Campaign 006,Demo Channel 001,Demo Category 001,0,,Winter,45.83,1,6,0.0,0.0,0.1666666666666666,45.83,0.0,0.0,0.0,-45.83,2026-01-01,2026-01-31
2026-01-07,Demo Campaign 010,Demo Channel 001,Demo Category 014,0,,Winter,14.01,2,25,0.0,0.0,0.08,7.005,0.0,0.0,0.0,-14.01,2026-01-01,2026-01-31
2026-01-07,Demo Campaign 010,Demo Channel 001,Demo Category 005,0,,Winter,159.269363,28,231,0.0,0.0,0.1212121212121212,5.688191535714286,0.0,0.0,0.0,-159.269363,2026-01-01,2026-01-31
2026-01-07,Demo Campaign 003,Demo Channel 001,Demo Category 013,0,,Winter,1402.187872,1078,2760,24.875227,57710.405842867,0.3905797101449275,1.3007308645640074,0.0230753497217068,56.36884728730315,41.157399087008365,56308.217970867,2026-01-01,2026-01-31
2026-01-07,Demo Campaign 003,Demo Channel 001,Demo Category 017,0,,Winter,9.645979,5,89,0.0,0.0,0.0561797752808988,1.9291958,0.0,0.0,0.0,-9.645979,2026-01-01,2026-01-31
2026-01-07,Demo Campaign 003,Demo Channel 001,Demo Category 031,0,,Winter,9.78,5,84,0.0,0.0,0.0595238095238095,1.956,0.0,0.0,0.0,-9.78,2026-01-01,2026-01-31
2026-01-07,Demo Campaign 003,Demo Channel 001,Demo Category 002,0,,Winter,58.392098,36,127,1.0,1979.8,0.2834645669291338,1.6220027222222222,0.0277777777777777,58.392098,33.90527259356223,1921.407902,2026-01-01,2026-01-31
2026-01-07,Demo Campaign 013,Demo Channel 001,Demo Category 021,0,,Winter,0.0,0,3,0.0,0.0,0.0,0.0,0.0,0.0,0.0,0.0,2026-01-01,2026-01-31
2026-01-07,Demo Campaign 013,Demo Channel 001,Demo Category 006,0,,Winter,1.870858,1,3,0.0,0.0,0.3333333333333333,1.870858,0.0,0.0,0.0,-1.870858,2026-01-01,2026-01-31
2026-01-07,Demo Campaign 008,Demo Channel 001,Demo Category 004,0,,Winter,107.380572,19,191,0.0,0.0,0.0994764397905759,5.651609052631579,0.0,0.0,0.0,-107.380572,2026-01-01,2026-01-31
2026-01-07,Demo Campaign 008,Demo Channel 001,Demo Category 003,0,,Winter,44.21167,8,110,0.0,0.0,0.0727272727272727,5.52645875,0.0,0.0,0.0,-44.21167,2026-01-01,2026-01-31
2026-01-07,Demo Campaign 008,Demo Channel 001,Demo Category 005,0,,Winter,35.65,7,164,0.0,0.0,0.0426829268292682,5.092857142857143,0.0,0.0,0.0,-35.65,2026-01-01,2026-01-31
2026-01-07,Demo Campaign 008,Demo Channel 001,Demo Category 015,0,,Winter,111.629859,19,351,0.0,0.0,0.0541310541310541,5.875255736842105,0.0,0.0,0.0,-111.629859,2026-01-01,2026-01-31
2026-01-07,Demo Campaign 008,Demo Channel 001,Demo Category 001,0,,Winter,103.357794,24,115,0.0,0.0,0.208695652173913,4.30657475,0.0,0.0,0.0,-103.357794,2026-01-01,2026-01-31
2026-01-07,Demo Campaign 002,Demo Channel 001,Demo Category 004,0,,Winter,47.595892,5,38,0.0,0.0,0.131578947368421,9.5191784,0.0,0.0,0.0,-47.595892,2026-01-01,2026-01-31
2026-01-07,Demo Campaign 002,Demo Channel 001,Demo Category 003,0,,Winter,0.0,0,3,0.0,0.0,0.0,0.0,0.0,0.0,0.0,0.0,2026-01-01,2026-01-31
2026-01-07,Demo Campaign 002,Demo Channel 001,Demo Category 005,0,,Winter,0.0,0,3,0.0,0.0,0.0,0.0,0.0,0.0,0.0,0.0,2026-01-01,2026-01-31
2026-01-07,Demo Campaign 002,Demo Channel 001,Demo Category 001,0,,Winter,145.983815,26,135,3.0,8149.39,0.1925925925925926,5.614762115384616,0.1153846153846153,48.66127166666666,55.82392815258322,8003.406185000001,2026-01-01,2026-01-31
2026-01-07,Demo Campaign 015,Demo Channel 001,Demo Category 016,0,,Winter,154.77,15,135,0.0,0.0,0.1111111111111111,10.318,0.0,0.0,0.0,-154.77,2026-01-01,2026-01-31
2026-01-07,Demo Campaign 015,Demo Channel 001,Demo Category 008,0,,Winter,0.0,0,32,0.0,0.0,0.0,0.0,0.0,0.0,0.0,0.0,2026-01-01,2026-01-31
2026-01-07,Demo Campaign 005,Demo Channel 001,Demo Category 004,0,,Winter,21.83,3,83,0.0,0.0,0.036144578313253,7.276666666666666,0.0,0.0,0.0,-21.83,2026-01-01,2026-01-31
2026-01-07,Demo Campaign 005,Demo Channel 001,Demo Category 003,0,,Winter,12.186362,2,14,0.0,0.0,0.1428571428571428,6.093181,0.0,0.0,0.0,-12.186362,2026-01-01,2026-01-31
2026-01-07,Demo Campaign 005,Demo Channel 001,Demo Category 014,0,,Winter,3.74,1,49,0.0,0.0,0.0204081632653061,3.74,0.0,0.0,0.0,-3.74,2026-01-01,2026-01-31
2026-01-07,Demo Campaign 005,Demo Channel 001,Demo Category 005,0,,Winter,0.0,0,8,0.0,0.0,0.0,0.0,0.0,0.0,0.0,0.0,2026-01-01,2026-01-31
2026-01-07,Demo Campaign 005,Demo Channel 001,Demo Category 015,0,,Winter,12.72,2,45,0.0,0.0,0.0444444444444444,6.36,0.0,0.0,0.0,-12.72,2026-01-01,2026-01-31
2026-01-07,Demo Campaign 004,Demo Channel 001,Demo Category 004,0,,Winter,15.15,2,63,0.0,0.0,0.0317460317460317,7.575,0.0,0.0,0.0,-15.15,2026-01-01,2026-01-31
2026-01-07,Demo Campaign 004,Demo Channel 001,Demo Category 003,0,,Winter,23.35,4,107,0.0,0.0,0.0373831775700934,5.8375,0.0,0.0,0.0,-23.35,2026-01-01,2026-01-31
2026-01-07,Demo Campaign 004,Demo Channel 001,Demo Category 005,0,,Winter,40.58,6,103,0.0,0.0,0.058252427184466,6.763333333333333,0.0,0.0,0.0,-40.58,2026-01-01,2026-01-31
2026-01-07,Demo Campaign 004,Demo Channel 001,Demo Category 015,0,,Winter,82.791401,11,194,1.0,1969.8,0.056701030927835,7.526490999999999,0.0909090909090909,82.791401,23.792325968731948,1887.008599,2026-01-01,2026-01-31
2026-01-07,Demo Campaign 004,Demo Channel 001,Demo Category 001,0,,Winter,0.0,0,1,0.0,0.0,0.0,0.0,0.0,0.0,0.0,0.0,2026-01-01,2026-01-31
2026-01-07,Demo Campaign 016,Demo Channel 001,Demo Category 018,0,,Winter,3.92,2,6,0.0,0.0,0.3333333333333333,1.96,0.0,0.0,0.0,-3.92,2026-01-01,2026-01-31
2026-01-07,Demo Campaign 016,Demo Channel 001,Demo Category 019,0,,Winter,0.0,0,1,0.0,0.0,0.0,0.0,0.0,0.0,0.0,0.0,2026-01-01,2026-01-31
2026-01-07,Demo Campaign 017,Demo Channel 002,Demo Category 010,0,,Winter,117.979041,54,26933,0.0,0.0,0.0020049753091003,2.184797055555556,0.0,0.0,0.0,-117.979041,2026-01-01,2026-01-31
2026-01-07,Demo Campaign 018,Demo Channel 002,Demo Category 011,0,,Winter,101.428827,107,10100,0.0,0.0,0.0105940594059405,0.9479329626168224,0.0,0.0,0.0,-101.428827,2026-01-01,2026-01-31
2026-01-07,Demo Campaign 019,Demo Channel 002,Demo Category 012,0,,Winter,104.999402,60,3925,0.0,0.0,0.0152866242038216,1.7499900333333334,0.0,0.0,0.0,-104.999402,2026-01-01,2026-01-31
2026-01-08,Demo Campaign 020,Demo Channel 003,Demo Category 010,0,,Winter,37.91983,10,1470,0.0,0.0,0.0068027210884353,3.791983,0.0,0.0,0.0,-37.91983,2026-01-01,2026-01-31
2026-01-08,Demo Campaign 020,Demo Channel 003,Demo Category 012,0,,Winter,119.574265,20,8009,0.0,0.0,0.0024971906605069,5.97871325,0.0,0.0,0.0,-119.574265,2026-01-01,2026-01-31
2026-01-08,Demo Campaign 007,Demo Channel 001,Demo Category 004,0,,Winter,121.771435,27,92,0.0,0.0,0.2934782608695652,4.510053148148148,0.0,0.0,0.0,-121.771435,2026-01-01,2026-01-31
2026-01-08,Demo Campaign 007,Demo Channel 001,Demo Category 003,0,,Winter,121.66,26,79,0.0,0.0,0.3291139240506329,4.679230769230769,0.0,0.0,0.0,-121.66,2026-01-01,2026-01-31
2026-01-08,Demo Campaign 007,Demo Channel 001,Demo Category 014,0,,Winter,746.991506,185,910,1.129904,3132.7244992,0.2032967032967033,4.037791924324324,0.0061075891891891,661.1105952364094,4.193788649586064,2385.7329932,2026-01-01,2026-01-31
2026-01-08,Demo Campaign 007,Demo Channel 001,Demo Category 005,0,,Winter,94.632181,26,114,0.0,0.0,0.2280701754385964,3.6396992692307695,0.0,0.0,0.0,-94.632181,2026-01-01,2026-01-31
2026-01-08,Demo Campaign 007,Demo Channel 001,Demo Category 015,0,,Winter,309.172474,52,303,0.0,0.0,0.1716171617161716,5.9456245,0.0,0.0,0.0,-309.172474,2026-01-01,2026-01-31
2026-01-08,Demo Campaign 001,Demo Channel 001,Demo Category 004,0,,Winter,6.47,2,8,0.0,0.0,0.25,3.235,0.0,0.0,0.0,-6.47,2026-01-01,2026-01-31
2026-01-08,Demo Campaign 001,Demo Channel 001,Demo Category 003,0,,Winter,8.989456,4,18,0.0,0.0,0.2222222222222222,2.247364,0.0,0.0,0.0,-8.989456,2026-01-01,2026-01-31
2026-01-08,Demo Campaign 001,Demo Channel 001,Demo Category 005,0,,Winter,0.0,0,1,0.0,0.0,0.0,0.0,0.0,0.0,0.0,0.0,2026-01-01,2026-01-31
2026-01-08,Demo Campaign 001,Demo Channel 001,Demo Category 001,0,,Winter,186.145111,58,183,1.0,779.83,0.3169398907103825,3.209398465517242,0.0172413793103448,186.145111,4.189366004890668,593.684889,2026-01-01,2026-01-31
2026-01-08,Demo Campaign 014,Demo Channel 001,Demo Category 023,0,,Winter,46.393049,12,64,0.0,0.0,0.1875,3.8660874166666654,0.0,0.0,0.0,-46.393049,2026-01-01,2026-01-31
2026-01-08,Demo Campaign 014,Demo Channel 001,Demo Category 007,0,,Winter,51.91,12,49,0.0,0.0,0.2448979591836734,4.325833333333333,0.0,0.0,0.0,-51.91,2026-01-01,2026-01-31
2026-01-08,Demo Campaign 012,Demo Channel 001,Demo Category 004,0,,Winter,0.0,0,1,0.0,0.0,0.0,0.0,0.0,0.0,0.0,0.0,2026-01-01,2026-01-31
2026-01-08,Demo Campaign 012,Demo Channel 001,Demo Category 003,0,,Winter,12.720792,3,7,0.0,0.0,0.4285714285714285,4.240264,0.0,0.0,0.0,-12.720792,2026-01-01,2026-01-31
2026-01-08,Demo Campaign 012,Demo Channel 001,Demo Category 014,0,,Winter,127.319421,8,22,0.0,0.0,0.3636363636363636,15.914927625,0.0,0.0,0.0,-127.319421,2026-01-01,2026-01-31
2026-01-08,Demo Campaign 012,Demo Channel 001,Demo Category 005,0,,Winter,0.0,0,1,0.0,0.0,0.0,0.0,0.0,0.0,0.0,0.0,2026-01-01,2026-01-31
2026-01-08,Demo Campaign 012,Demo Channel 001,Demo Category 015,0,,Winter,1.3,1,2,0.0,0.0,0.5,1.3,0.0,0.0,0.0,-1.3,2026-01-01,2026-01-31
2026-01-08,Demo Campaign 009,Demo Channel 001,Demo Category 014,0,,Winter,142.0,13,75,0.0,0.0,0.1733333333333333,10.923076923076923,0.0,0.0,0.0,-142.0,2026-01-01,2026-01-31
2026-01-08,Demo Campaign 009,Demo Channel 001,Demo Category 005,0,,Winter,156.798954,7,25,0.0,0.0,0.28,22.399850571428573,0.0,0.0,0.0,-156.798954,2026-01-01,2026-01-31
2026-01-08,Demo Campaign 009,Demo Channel 001,Demo Category 015,0,,Winter,51.839671,5,41,0.0,0.0,0.1219512195121951,10.3679342,0.0,0.0,0.0,-51.839671,2026-01-01,2026-01-31
2026-01-08,Demo Campaign 006,Demo Channel 001,Demo Category 004,0,,Winter,22.9,2,12,0.0,0.0,0.1666666666666666,11.45,0.0,0.0,0.0,-22.9,2026-01-01,2026-01-31
2026-01-08,Demo Campaign 006,Demo Channel 001,Demo Category 003,0,,Winter,54.42,9,59,0.0,0.0,0.1525423728813559,6.046666666666667,0.0,0.0,0.0,-54.42,2026-01-01,2026-01-31
2026-01-08,Demo Campaign 006,Demo Channel 001,Demo Category 014,0,,Winter,176.135366,18,69,0.0,0.0,0.2608695652173913,9.78529811111111,0.0,0.0,0.0,-176.135366,2026-01-01,2026-01-31
2026-01-08,Demo Campaign 006,Demo Channel 001,Demo Category 005,0,,Winter,58.01,4,33,0.0,0.0,0.1212121212121212,14.5025,0.0,0.0,0.0,-58.01,2026-01-01,2026-01-31
2026-01-08,Demo Campaign 006,Demo Channel 001,Demo Category 015,0,,Winter,33.065672,8,53,0.0,0.0,0.1509433962264151,4.133209,0.0,0.0,0.0,-33.065672,2026-01-01,2026-01-31
2026-01-08,Demo Campaign 010,Demo Channel 001,Demo Category 003,0,,Winter,2.37,1,4,0.0,0.0,0.25,2.37,0.0,0.0,0.0,-2.37,2026-01-01,2026-01-31
2026-01-08,Demo Campaign 010,Demo Channel 001,Demo Category 014,0,,Winter,38.71,8,22,0.0,0.0,0.3636363636363636,4.83875,0.0,0.0,0.0,-38.71,2026-01-01,2026-01-31
2026-01-08,Demo Campaign 010,Demo Channel 001,Demo Category 005,0,,Winter,118.569789,24,182,0.0,0.0,0.1318681318681318,4.940407875,0.0,0.0,0.0,-118.569789,2026-01-01,2026-01-31
2026-01-08,Demo Campaign 003,Demo Channel 001,Demo Category 013,0,,Winter,1354.621244,1017,2440,25.596765,62911.26094418,0.4168032786885245,1.331977624385447,0.0251688938053097,52.92157989495938,46.44195654160286,61556.63970018,2026-01-01,2026-01-31
2026-01-08,Demo Campaign 003,Demo Channel 001,Demo Category 017,0,,Winter,11.36,6,83,0.0,0.0,0.072289156626506,1.893333333333333,0.0,0.0,0.0,-11.36,2026-01-01,2026-01-31
2026-01-08,Demo Campaign 003,Demo Channel 001,Demo Category 031,0,,Winter,3.92,2,34,0.0,0.0,0.0588235294117647,1.96,0.0,0.0,0.0,-3.92,2026-01-01,2026-01-31
2026-01-08,Demo Campaign 003,Demo Channel 001,Demo Category 002,0,,Winter,57.911551,38,127,0.0,0.0,0.2992125984251969,1.5239881842105265,0.0,0.0,0.0,-57.911551,2026-01-01,2026-01-31
2026-01-08,Demo Campaign 013,Demo Channel 001,Demo Category 006,0,,Winter,1.98,1,1,0.0,0.0,1.0,1.98,0.0,0.0,0.0,-1.98,2026-01-01,2026-01-31
2026-01-08,Demo Campaign 008,Demo Channel 001,Demo Category 004,0,,Winter,72.551046,13,369,0.0,0.0,0.035230352303523,5.580849692307693,0.0,0.0,0.0,-72.551046,2026-01-01,2026-01-31
2026-01-08,Demo Campaign 008,Demo Channel 001,Demo Category 003,0,,Winter,85.88000000000001,16,307,1.0,1869.8,0.0521172638436482,5.367500000000001,0.0625,85.88000000000001,21.77224033535165,1783.9199999999998,2026-01-01,2026-01-31
2026-01-08,Demo Campaign 008,Demo Channel 001,Demo Category 005,0,,Winter,111.856795,20,458,0.0,0.0,0.0436681222707423,5.59283975,0.0,0.0,0.0,-111.856795,2026-01-01,2026-01-31
2026-01-08,Demo Campaign 008,Demo Channel 001,Demo Category 015,0,,Winter,220.635522,36,993,0.0,0.0,0.0362537764350453,6.1287645,0.0,0.0,0.0,-220.635522,2026-01-01,2026-01-31
2026-01-08,Demo Campaign 008,Demo Channel 001,Demo Category 001,0,,Winter,151.652036,24,156,0.0,0.0,0.1538461538461538,6.318834833333334,0.0,0.0,0.0,-151.652036,2026-01-01,2026-01-31
2026-01-08,Demo Campaign 002,Demo Channel 001,Demo Category 023,0,,Winter,0.0,0,1,0.0,0.0,0.0,0.0,0.0,0.0,0.0,0.0,2026-01-01,2026-01-31
2026-01-08,Demo Campaign 002,Demo Channel 001,Demo Category 004,0,,Winter,41.893768,6,45,0.0,0.0,0.1333333333333333,6.982294666666667,0.0,0.0,0.0,-41.893768,2026-01-01,2026-01-31
2026-01-08,Demo Campaign 002,Demo Channel 001,Demo Category 003,0,,Winter,0.0,0,3,0.0,0.0,0.0,0.0,0.0,0.0,0.0,0.0,2026-01-01,2026-01-31
2026-01-08,Demo Campaign 002,Demo Channel 001,Demo Category 005,0,,Winter,0.0,0,2,0.0,0.0,0.0,0.0,0.0,0.0,0.0,0.0,2026-01-01,2026-01-31
2026-01-08,Demo Campaign 002,Demo Channel 001,Demo Category 001,0,,Winter,88.646312,17,128,0.0,0.0,0.1328125,5.21448894117647,0.0,0.0,0.0,-88.646312,2026-01-01,2026-01-31
2026-01-08,Demo Campaign 015,Demo Channel 001,Demo Category 016,0,,Winter,119.24,12,83,0.0,0.0,0.144578313253012,9.936666666666666,0.0,0.0,0.0,-119.24,2026-01-01,2026-01-31
2026-01-08,Demo Campaign 015,Demo Channel 001,Demo Category 008,0,,Winter,39.317201,3,51,0.0,0.0,0.0588235294117647,13.105733666666666,0.0,0.0,0.0,-39.317201,2026-01-01,2026-01-31
2026-01-08,Demo Campaign 005,Demo Channel 001,Demo Category 004,0,,Winter,20.87,4,53,0.0,0.0,0.0754716981132075,5.2175,0.0,0.0,0.0,-20.87,2026-01-01,2026-01-31
2026-01-08,Demo Campaign 005,Demo Channel 001,Demo Category 003,0,,Winter,0.0,0,7,0.0,0.0,0.0,0.0,0.0,0.0,0.0,0.0,2026-01-01,2026-01-31
2026-01-08,Demo Campaign 005,Demo Channel 001,Demo Category 014,0,,Winter,6.21,2,51,0.0,0.0,0.0392156862745098,3.105,0.0,0.0,0.0,-6.21,2026-01-01,2026-01-31
2026-01-08,Demo Campaign 005,Demo Channel 001,Demo Category 005,0,,Winter,0.0,0,2,0.0,0.0,0.0,0.0,0.0,0.0,0.0,0.0,2026-01-01,2026-01-31
2026-01-08,Demo Campaign 005,Demo Channel 001,Demo Category 015,0,,Winter,0.0,0,28,0.0,0.0,0.0,0.0,0.0,0.0,0.0,0.0,2026-01-01,2026-01-31
2026-01-08,Demo Campaign 004,Demo Channel 001,Demo Category 004,0,,Winter,0.0,0,17,0.0,0.0,0.0,0.0,0.0,0.0,0.0,0.0,2026-01-01,2026-01-31
2026-01-08,Demo Campaign 004,Demo Channel 001,Demo Category 003,0,,Winter,34.26,2,43,0.0,0.0,0.0465116279069767,17.13,0.0,0.0,0.0,-34.26,2026-01-01,2026-01-31
2026-01-08,Demo Campaign 004,Demo Channel 001,Demo Category 005,0,,Winter,4.6,1,26,0.0,0.0,0.0384615384615384,4.6,0.0,0.0,0.0,-4.6,2026-01-01,2026-01-31
2026-01-08,Demo Campaign 004,Demo Channel 001,Demo Category 015,0,,Winter,105.47,6,88,0.0,0.0,0.0681818181818181,17.578333333333333,0.0,0.0,0.0,-105.47,2026-01-01,2026-01-31
2026-01-08,Demo Campaign 016,Demo Channel 001,Demo Category 018,0,,Winter,0.0,0,4,0.0,0.0,0.0,0.0,0.0,0.0,0.0,0.0,2026-01-01,2026-01-31
2026-01-08,Demo Campaign 016,Demo Channel 001,Demo Category 009,0,,Winter,0.0,0,7,0.0,0.0,0.0,0.0,0.0,0.0,0.0,0.0,2026-01-01,2026-01-31
2026-01-08,Demo Campaign 017,Demo Channel 002,Demo Category 010,0,,Winter,97.508697,37,15514,0.0,0.0,0.002384942632461,2.635370189189189,0.0,0.0,0.0,-97.508697,2026-01-01,2026-01-31
2026-01-08,Demo Campaign 018,Demo Channel 002,Demo Category 011,0,,Winter,102.866275,101,7479,0.0,0.0,0.0135044792084503,1.0184779702970297,0.0,0.0,0.0,-102.866275,2026-01-01,2026-01-31
2026-01-08,Demo Campaign 019,Demo Channel 002,Demo Category 012,0,,Winter,106.095873,30,967,0.0,0.0,0.031023784901758,3.5365291,0.0,0.0,0.0,-106.095873,2026-01-01,2026-01-31
2026-01-09,Demo Campaign 020,Demo Channel 003,Demo Category 010,0,,Winter,37.599383,5,1395,0.0,0.0,0.003584229390681,7.519876600000001,0.0,0.0,0.0,-37.599383,2026-01-01,2026-01-31
2026-01-09,Demo Campaign 020,Demo Channel 003,Demo Category 012,0,,Winter,62.52534,8,3602,0.0,0.0,0.0022209883398112,7.8156675,0.0,0.0,0.0,-62.52534,2026-01-01,2026-01-31
2026-01-09,Demo Campaign 007,Demo Channel 001,Demo Category 004,0,,Winter,115.872678,23,46,0.0,0.0,0.5,5.03794252173913,0.0,0.0,0.0,-115.872678,2026-01-01,2026-01-31
2026-01-09,Demo Campaign 007,Demo Channel 001,Demo Category 003,0,,Winter,92.166567,19,55,0.0,0.0,0.3454545454545454,4.850871947368421,0.0,0.0,0.0,-92.166567,2026-01-01,2026-01-31
2026-01-09,Demo Campaign 007,Demo Channel 001,Demo Category 014,0,,Winter,712.396476,167,536,2.0,4049.46,0.3115671641791044,4.265847161676647,0.0119760479041916,356.198238,5.6842785393003545,3337.063524,2026-01-01,2026-01-31
2026-01-09,Demo Campaign 007,Demo Channel 001,Demo Category 005,0,,Winter,93.78,17,53,0.0,0.0,0.320754716981132,5.516470588235294,0.0,0.0,0.0,-93.78,2026-01-01,2026-01-31
2026-01-09,Demo Campaign 007,Demo Channel 001,Demo Category 015,0,,Winter,186.604192,30,156,0.0,0.0,0.1923076923076923,6.220139733333334,0.0,0.0,0.0,-186.604192,2026-01-01,2026-01-31
2026-01-09,Demo Campaign 001,Demo Channel 001,Demo Category 004,0,,Winter,1.9,2,3,0.0,0.0,0.6666666666666666,0.95,0.0,0.0,0.0,-1.9,2026-01-01,2026-01-31
2026-01-09,Demo Campaign 001,Demo Channel 001,Demo Category 003,0,,Winter,11.97,3,12,0.0,0.0,0.25,3.99,0.0,0.0,0.0,-11.97,2026-01-01,2026-01-31
2026-01-09,Demo Campaign 001,Demo Channel 001,Demo Category 005,0,,Winter,0.32,1,1,0.0,0.0,1.0,0.32,0.0,0.0,0.0,-0.32,2026-01-01,2026-01-31
2026-01-09,Demo Campaign 001,Demo Channel 001,Demo Category 001,0,,Winter,137.291698,53,142,0.0,0.0,0.3732394366197183,2.590409396226415,0.0,0.0,0.0,-137.291698,2026-01-01,2026-01-31
2026-01-09,Demo Campaign 014,Demo Channel 001,Demo Category 023,0,,Winter,53.315357,9,148,0.0,0.0,0.0608108108108108,5.923928555555555,0.0,0.0,0.0,-53.315357,2026-01-01,2026-01-31
2026-01-09,Demo Campaign 014,Demo Channel 001,Demo Category 007,0,,Winter,61.598741,11,112,0.0,0.0,0.0982142857142857,5.599885545454545,0.0,0.0,0.0,-61.598741,2026-01-01,2026-01-31
2026-01-09,Demo Campaign 012,Demo Channel 001,Demo Category 004,0,,Winter,0.0,0,1,0.0,0.0,0.0,0.0,0.0,0.0,0.0,0.0,2026-01-01,2026-01-31
2026-01-09,Demo Campaign 012,Demo Channel 001,Demo Category 003,0,,Winter,0.0,0,6,0.0,0.0,0.0,0.0,0.0,0.0,0.0,0.0,2026-01-01,2026-01-31
2026-01-09,Demo Campaign 012,Demo Channel 001,Demo Category 014,0,,Winter,56.66,10,38,0.0,0.0,0.2631578947368421,5.666,0.0,0.0,0.0,-56.66,2026-01-01,2026-01-31
2026-01-09,Demo Campaign 012,Demo Channel 001,Demo Category 005,0,,Winter,5.84,1,8,0.0,0.0,0.125,5.84,0.0,0.0,0.0,-5.84,2026-01-01,2026-01-31
2026-01-09,Demo Campaign 012,Demo Channel 001,Demo Category 015,0,,Winter,53.709963,4,16,0.0,0.0,0.25,13.42749075,0.0,0.0,0.0,-53.709963,2026-01-01,2026-01-31
2026-01-09,Demo Campaign 009,Demo Channel 001,Demo Category 014,0,,Winter,135.69,10,37,0.0,0.0,0.2702702702702703,13.569,0.0,0.0,0.0,-135.69,2026-01-01,2026-01-31
2026-01-09,Demo Campaign 009,Demo Channel 001,Demo Category 005,0,,Winter,53.9,6,15,0.0,0.0,0.4,8.983333333333333,0.0,0.0,0.0,-53.9,2026-01-01,2026-01-31
2026-01-09,Demo Campaign 009,Demo Channel 001,Demo Category 015,0,,Winter,97.0,3,22,0.0,0.0,0.1363636363636363,32.333333333333336,0.0,0.0,0.0,-97.0,2026-01-01,2026-01-31
2026-01-09,Demo Campaign 006,Demo Channel 001,Demo Category 004,0,,Winter,3.68,1,4,0.0,0.0,0.25,3.68,0.0,0.0,0.0,-3.68,2026-01-01,2026-01-31
2026-01-09,Demo Campaign 006,Demo Channel 001,Demo Category 003,0,,Winter,44.93,4,34,0.0,0.0,0.1176470588235294,11.2325,0.0,0.0,0.0,-44.93,2026-01-01,2026-01-31
2026-01-09,Demo Campaign 006,Demo Channel 001,Demo Category 014,0,,Winter,81.45,15,50,0.0,0.0,0.3,5.430000000000001,0.0,0.0,0.0,-81.45,2026-01-01,2026-01-31
2026-01-09,Demo Campaign 006,Demo Channel 001,Demo Category 005,0,,Winter,27.911117,7,25,0.0,0.0,0.28,3.987302428571428,0.0,0.0,0.0,-27.911117,2026-01-01,2026-01-31
2026-01-09,Demo Campaign 006,Demo Channel 001,Demo Category 015,0,,Winter,45.214098,7,37,0.0,0.0,0.1891891891891892,6.459156857142857,0.0,0.0,0.0,-45.214098,2026-01-01,2026-01-31
2026-01-09,Demo Campaign 006,Demo Channel 001,Demo Category 001,0,,Winter,0.0,0,2,0.0,0.0,0.0,0.0,0.0,0.0,0.0,0.0,2026-01-01,2026-01-31
2026-01-09,Demo Campaign 010,Demo Channel 001,Demo Category 014,0,,Winter,22.336468,6,17,0.0,0.0,0.3529411764705882,3.722744666666667,0.0,0.0,0.0,-22.336468,2026-01-01,2026-01-31
2026-01-09,Demo Campaign 010,Demo Channel 001,Demo Category 005,0,,Winter,217.94,41,325,0.0,0.0,0.1261538461538461,5.315609756097561,0.0,0.0,0.0,-217.94,2026-01-01,2026-01-31
2026-01-09,Demo Campaign 010,Demo Channel 001,Demo Category 001,0,,Winter,2.72,1,3,0.0,0.0,0.3333333333333333,2.72,0.0,0.0,0.0,-2.72,2026-01-01,2026-01-31
2026-01-09,Demo Campaign 003,Demo Channel 001,Demo Category 013,0,,Winter,1323.181606,979,2171,27.463589,66160.23175276,0.4509442653155228,1.351564459652707,0.028052695607763,48.179486155287286,50.00087021521065,64837.05014676,2026-01-01,2026-01-31
2026-01-09,Demo Campaign 003,Demo Channel 001,Demo Category 017,0,,Winter,7.49,5,93,0.0,0.0,0.053763440860215,1.498,0.0,0.0,0.0,-7.49,2026-01-01,2026-01-31
2026-01-09,Demo Campaign 003,Demo Channel 001,Demo Category 031,0,,Winter,13.429925,7,44,0.0,0.0,0.1590909090909091,1.9185607142857144,0.0,0.0,0.0,-13.429925,2026-01-01,2026-01-31
2026-01-09,Demo Campaign 003,Demo Channel 001,Demo Category 002,0,,Winter,67.004952,35,101,0.0,0.0,0.3465346534653465,1.9144272,0.0,0.0,0.0,-67.004952,2026-01-01,2026-01-31
2026-01-09,Demo Campaign 013,Demo Channel 001,Demo Category 024,0,,Winter,0.0,0,2,0.0,0.0,0.0,0.0,0.0,0.0,0.0,0.0,2026-01-01,2026-01-31
2026-01-09,Demo Campaign 013,Demo Channel 001,Demo Category 021,0,,Winter,0.0,0,3,0.0,0.0,0.0,0.0,0.0,0.0,0.0,0.0,2026-01-01,2026-01-31
2026-01-09,Demo Campaign 013,Demo Channel 001,Demo Category 006,0,,Winter,0.0,0,5,0.0,0.0,0.0,0.0,0.0,0.0,0.0,0.0,2026-01-01,2026-01-31
2026-01-09,Demo Campaign 008,Demo Channel 001,Demo Category 004,0,,Winter,140.601651,19,295,0.0,0.0,0.0644067796610169,7.400086894736842,0.0,0.0,0.0,-140.601651,2026-01-01,2026-01-31
2026-01-09,Demo Campaign 008,Demo Channel 001,Demo Category 003,0,,Winter,44.27,11,207,1.0,2069.8,0.0531400966183574,4.024545454545454,0.0909090909090909,44.27,46.75400948723741,2025.53,2026-01-01,2026-01-31
2026-01-09,Demo Campaign 008,Demo Channel 001,Demo Category 005,0,,Winter,84.717552,14,298,0.0,0.0,0.046979865771812,6.051253714285714,0.0,0.0,0.0,-84.717552,2026-01-01,2026-01-31
2026-01-09,Demo Campaign 008,Demo Channel 001,Demo Category 015,0,,Winter,216.750514,38,680,1.0,1269.8,0.0558823529411764,5.703960894736842,0.0263157894736842,216.750514,5.858348275935345,1053.049486,2026-01-01,2026-01-31
2026-01-09,Demo Campaign 008,Demo Channel 001,Demo Category 001,0,,Winter,44.81,5,53,0.0,0.0,0.0943396226415094,8.962,0.0,0.0,0.0,-44.81,2026-01-01,2026-01-31
2026-01-09,Demo Campaign 002,Demo Channel 001,Demo Category 004,0,,Winter,48.46,8,61,0.0,0.0,0.1311475409836065,6.0575,0.0,0.0,0.0,-48.46,2026-01-01,2026-01-31
2026-01-09,Demo Campaign 002,Demo Channel 001,Demo Category 003,0,,Winter,10.37,2,7,0.0,0.0,0.2857142857142857,5.185,0.0,0.0,0.0,-10.37,2026-01-01,2026-01-31
2026-01-09,Demo Campaign 002,Demo Channel 001,Demo Category 001,0,,Winter,172.839282,36,194,0.0,0.0,0.1855670103092783,4.801091166666667,0.0,0.0,0.0,-172.839282,2026-01-01,2026-01-31
2026-01-09,Demo Campaign 015,Demo Channel 001,Demo Category 016,0,,Winter,170.5,18,112,0.0,0.0,0.1607142857142857,9.47222222222222,0.0,0.0,0.0,-170.5,2026-01-01,2026-01-31
2026-01-09,Demo Campaign 015,Demo Channel 001,Demo Category 008,0,,Winter,17.22,2,52,0.0,0.0,0.0384615384615384,8.61,0.0,0.0,0.0,-17.22,2026-01-01,2026-01-31
2026-01-09,Demo Campaign 005,Demo Channel 001,Demo Category 004,0,,Winter,7.38,2,68,0.0,0.0,0.0294117647058823,3.69,0.0,0.0,0.0,-7.38,2026-01-01,2026-01-31
2026-01-09,Demo Campaign 005,Demo Channel 001,Demo Category 014,0,,Winter,4.97,1,61,0.0,0.0,0.0163934426229508,4.97,0.0,0.0,0.0,-4.97,2026-01-01,2026-01-31
2026-01-09,Demo Campaign 005,Demo Channel 001,Demo Category 005,0,,Winter,0.0,0,2,0.0,0.0,0.0,0.0,0.0,0.0,0.0,0.0,2026-01-01,2026-01-31
2026-01-09,Demo Campaign 005,Demo Channel 001,Demo Category 015,0,,Winter,15.69,3,20,0.0,0.0,0.15,5.23,0.0,0.0,0.0,-15.69,2026-01-01,2026-01-31
2026-01-09,Demo Campaign 004,Demo Channel 001,Demo Category 004,0,,Winter,9.01,2,54,0.0,0.0,0.037037037037037,4.505,0.0,0.0,0.0,-9.01,2026-01-01,2026-01-31
2026-01-09,Demo Campaign 004,Demo Channel 001,Demo Category 003,0,,Winter,12.79,2,143,0.0,0.0,0.0139860139860139,6.395,0.0,0.0,0.0,-12.79,2026-01-01,2026-01-31
2026-01-09,Demo Campaign 004,Demo Channel 001,Demo Category 005,0,,Winter,58.93,11,121,0.0,0.0,0.0909090909090909,5.357272727272727,0.0,0.0,0.0,-58.93,2026-01-01,2026-01-31
2026-01-09,Demo Campaign 004,Demo Channel 001,Demo Category 015,0,,Winter,53.033833,8,224,0.0,0.0,0.0357142857142857,6.629229125,0.0,0.0,0.0,-53.033833,2026-01-01,2026-01-31
2026-01-09,Demo Campaign 016,Demo Channel 001,Demo Category 018,0,,Winter,3.84,2,6,0.0,0.0,0.3333333333333333,1.92,0.0,0.0,0.0,-3.84,2026-01-01,2026-01-31
2026-01-09,Demo Campaign 016,Demo Channel 001,Demo Category 027,0,,Winter,0.0,0,5,0.0,0.0,0.0,0.0,0.0,0.0,0.0,0.0,2026-01-01,2026-01-31
2026-01-09,Demo Campaign 016,Demo Channel 001,Demo Category 009,0,,Winter,0.0,0,5,0.0,0.0,0.0,0.0,0.0,0.0,0.0,0.0,2026-01-01,2026-01-31
2026-01-09,Demo Campaign 017,Demo Channel 002,Demo Category 010,0,,Winter,100.450793,49,15157,0.0,0.0,0.0032328297156429,2.0500161836734696,0.0,0.0,0.0,-100.450793,2026-01-01,2026-01-31
2026-01-09,Demo Campaign 018,Demo Channel 002,Demo Category 011,0,,Winter,101.30945,120,7740,0.0,0.0,0.0155038759689922,0.8442454166666666,0.0,0.0,0.0,-101.30945,2026-01-01,2026-01-31
2026-01-09,Demo Campaign 019,Demo Channel 002,Demo Category 012,0,,Winter,114.044701,72,2438,0.0,0.0,0.0295324036095159,1.5839541805555557,0.0,0.0,0.0,-114.044701,2026-01-01,2026-01-31
2026-01-10,Demo Campaign 020,Demo Channel 003,Demo Category 010,0,,Winter,51.431712,8,3323,0.0,0.0,0.0024074631357207,6.428964,0.0,0.0,0.0,-51.431712,2026-01-01,2026-01-31
2026-01-10,Demo Campaign 020,Demo Channel 003,Demo Category 012,0,,Winter,53.520244,13,2405,0.0,0.0,0.0054054054054054,4.116941846153846,0.0,0.0,0.0,-53.520244,2026-01-01,2026-01-31
2026-01-10,Demo Campaign 007,Demo Channel 001,Demo Category 004,0,,Winter,47.241818,13,65,0.0,0.0,0.2,3.633986,0.0,0.0,0.0,-47.241818,2026-01-01,2026-01-31
2026-01-10,Demo Campaign 007,Demo Channel 001,Demo Category 003,0,,Winter,105.870435,23,63,0.0,0.0,0.365079365079365,4.603062391304348,0.0,0.0,0.0,-105.870435,2026-01-01,2026-01-31
2026-01-10,Demo Campaign 007,Demo Channel 001,Demo Category 014,0,,Winter,740.248508,179,814,5.0,10949.06,0.2199017199017199,4.135466525139665,0.0279329608938547,148.0497016,14.791059869316207,10208.811492,2026-01-01,2026-01-31
2026-01-10,Demo Campaign 007,Demo Channel 001,Demo Category 005,0,,Winter,114.251135,20,70,0.0,0.0,0.2857142857142857,5.71255675,0.0,0.0,0.0,-114.251135,2026-01-01,2026-01-31
2026-01-10,Demo Campaign 007,Demo Channel 001,Demo Category 015,0,,Winter,303.737701,51,198,0.0,0.0,0.2575757575757575,5.955641196078432,0.0,0.0,0.0,-303.737701,2026-01-01,2026-01-31
2026-01-10,Demo Campaign 001,Demo Channel 001,Demo Category 004,0,,Winter,11.26,4,8,0.0,0.0,0.5,2.815,0.0,0.0,0.0,-11.26,2026-01-01,2026-01-31
2026-01-10,Demo Campaign 001,Demo Channel 001,Demo Category 003,0,,Winter,14.14,5,13,0.0,0.0,0.3846153846153846,2.8280000000000003,0.0,0.0,0.0,-14.14,2026-01-01,2026-01-31
2026-01-10,Demo Campaign 001,Demo Channel 001,Demo Category 001,0,,Winter,154.956872,53,135,0.0,0.0,0.3925925925925926,2.923714566037736,0.0,0.0,0.0,-154.956872,2026-01-01,2026-01-31
2026-01-10,Demo Campaign 014,Demo Channel 001,Demo Category 023,0,,Winter,40.44,8,113,0.0,0.0,0.0707964601769911,5.055,0.0,0.0,0.0,-40.44,2026-01-01,2026-01-31
2026-01-10,Demo Campaign 014,Demo Channel 001,Demo Category 007,0,,Winter,75.76,17,93,0.0,0.0,0.1827956989247312,4.456470588235295,0.0,0.0,0.0,-75.76,2026-01-01,2026-01-31
2026-01-10,Demo Campaign 012,Demo Channel 001,Demo Category 004,0,,Winter,0.0,0,2,0.0,0.0,0.0,0.0,0.0,0.0,0.0,0.0,2026-01-01,2026-01-31
2026-01-10,Demo Campaign 012,Demo Channel 001,Demo Category 003,0,,Winter,14.27,3,7,0.0,0.0,0.4285714285714285,4.756666666666667,0.0,0.0,0.0,-14.27,2026-01-01,2026-01-31
2026-01-10,Demo Campaign 012,Demo Channel 001,Demo Category 014,0,,Winter,30.85,5,27,0.0,0.0,0.1851851851851851,6.17,0.0,0.0,0.0,-30.85,2026-01-01,2026-01-31
2026-01-10,Demo Campaign 012,Demo Channel 001,Demo Category 005,0,,Winter,7.42,1,6,0.0,0.0,0.1666666666666666,7.42,0.0,0.0,0.0,-7.42,2026-01-01,2026-01-31
2026-01-10,Demo Campaign 012,Demo Channel 001,Demo Category 015,0,,Winter,5.95,1,11,0.0,0.0,0.0909090909090909,5.95,0.0,0.0,0.0,-5.95,2026-01-01,2026-01-31
2026-01-10,Demo Campaign 009,Demo Channel 001,Demo Category 014,0,,Winter,79.621206,13,97,0.0,0.0,0.134020618556701,6.124708153846154,0.0,0.0,0.0,-79.621206,2026-01-01,2026-01-31
2026-01-10,Demo Campaign 009,Demo Channel 001,Demo Category 005,0,,Winter,44.312026,5,30,0.0,0.0,0.1666666666666666,8.862405200000001,0.0,0.0,0.0,-44.312026,2026-01-01,2026-01-31
2026-01-10,Demo Campaign 009,Demo Channel 001,Demo Category 015,0,,Winter,23.810946,4,45,0.0,0.0,0.0888888888888888,5.9527365,0.0,0.0,0.0,-23.810946,2026-01-01,2026-01-31
2026-01-10,Demo Campaign 006,Demo Channel 001,Demo Category 004,0,,Winter,0.0,0,2,0.0,0.0,0.0,0.0,0.0,0.0,0.0,0.0,2026-01-01,2026-01-31
2026-01-10,Demo Campaign 006,Demo Channel 001,Demo Category 003,0,,Winter,71.19000000000001,12,57,0.0,0.0,0.2105263157894736,5.932500000000001,0.0,0.0,0.0,-71.19000000000001,2026-01-01,2026-01-31
2026-01-10,Demo Campaign 006,Demo Channel 001,Demo Category 014,0,,Winter,19.75,7,68,0.0,0.0,0.1029411764705882,2.821428571428572,0.0,0.0,0.0,-19.75,2026-01-01,2026-01-31
2026-01-10,Demo Campaign 006,Demo Channel 001,Demo Category 005,0,,Winter,11.64,3,16,0.0,0.0,0.1875,3.88,0.0,0.0,0.0,-11.64,2026-01-01,2026-01-31
2026-01-10,Demo Campaign 006,Demo Channel 001,Demo Category 015,0,,Winter,75.27,5,31,0.0,0.0,0.1612903225806451,15.053999999999998,0.0,0.0,0.0,-75.27,2026-01-01,2026-01-31
2026-01-10,Demo Campaign 006,Demo Channel 001,Demo Category 001,0,,Winter,0.0,0,1,0.0,0.0,0.0,0.0,0.0,0.0,0.0,0.0,2026-01-01,2026-01-31
2026-01-10,Demo Campaign 010,Demo Channel 001,Demo Category 014,0,,Winter,19.71,3,16,0.0,0.0,0.1875,6.57,0.0,0.0,0.0,-19.71,2026-01-01,2026-01-31
2026-01-10,Demo Campaign 010,Demo Channel 001,Demo Category 005,0,,Winter,155.313634,33,289,1.0,1769.73,0.1141868512110726,4.706473757575758,0.0303030303030303,155.313634,11.394556642722042,1614.416366,2026-01-01,2026-01-31
2026-01-10,Demo Campaign 010,Demo Channel 001,Demo Category 001,0,,Winter,2.548058,1,0,0.0,0.0,0.0,2.548058,0.0,0.0,0.0,-2.548058,2026-01-01,2026-01-31
2026-01-10,Demo Campaign 003,Demo Channel 001,Demo Category 013,0,,Winter,1223.014499,945,2060,40.669122,88481.5164753,0.4587378640776699,1.2941952370370369,0.0430361079365079,30.072311347168984,72.34707074008287,87258.5019763,2026-01-01,2026-01-31
2026-01-10,Demo Campaign 003,Demo Channel 001,Demo Category 017,0,,Winter,25.081239,13,145,0.0,0.0,0.0896551724137931,1.929326076923077,0.0,0.0,0.0,-25.081239,2026-01-01,2026-01-31
2026-01-10,Demo Campaign 003,Demo Channel 001,Demo Category 031,0,,Winter,3.93,2,60,0.0,0.0,0.0333333333333333,1.965,0.0,0.0,0.0,-3.93,2026-01-01,2026-01-31
2026-01-10,Demo Campaign 003,Demo Channel 001,Demo Category 002,0,,Winter,31.948512,24,85,0.0,0.0,0.2823529411764706,1.331188,0.0,0.0,0.0,-31.948512,2026-01-01,2026-01-31
2026-01-10,Demo Campaign 013,Demo Channel 001,Demo Category 024,0,,Winter,0.0,0,1,0.0,0.0,0.0,0.0,0.0,0.0,0.0,0.0,2026-01-01,2026-01-31
2026-01-10,Demo Campaign 013,Demo Channel 001,Demo Category 021,0,,Winter,0.0,0,5,0.0,0.0,0.0,0.0,0.0,0.0,0.0,0.0,2026-01-01,2026-01-31
2026-01-10,Demo Campaign 008,Demo Channel 001,Demo Category 004,0,,Winter,133.508351,18,297,0.0,0.0,0.0606060606060606,7.417130611111111,0.0,0.0,0.0,-133.508351,2026-01-01,2026-01-31
2026-01-10,Demo Campaign 008,Demo Channel 001,Demo Category 003,0,,Winter,62.686962,10,132,0.0,0.0,0.0757575757575757,6.2686962,0.0,0.0,0.0,-62.686962,2026-01-01,2026-01-31
2026-01-10,Demo Campaign 008,Demo Channel 001,Demo Category 005,0,,Winter,26.51,7,241,0.0,0.0,0.0290456431535269,3.787142857142857,0.0,0.0,0.0,-26.51,2026-01-01,2026-01-31
2026-01-10,Demo Campaign 008,Demo Channel 001,Demo Category 015,0,,Winter,150.098186,30,624,0.0,0.0,0.048076923076923,5.003272866666666,0.0,0.0,0.0,-150.098186,2026-01-01,2026-01-31
2026-01-10,Demo Campaign 008,Demo Channel 001,Demo Category 001,0,,Winter,47.89,9,69,0.0,0.0,0.1304347826086956,5.321111111111112,0.0,0.0,0.0,-47.89,2026-01-01,2026-01-31
2026-01-10,Demo Campaign 002,Demo Channel 001,Demo Category 004,0,,Winter,14.88,4,57,0.0,0.0,0.0701754385964912,3.72,0.0,0.0,0.0,-14.88,2026-01-01,2026-01-31
2026-01-10,Demo Campaign 002,Demo Channel 001,Demo Category 003,0,,Winter,3.68,1,2,0.0,0.0,0.5,3.68,0.0,0.0,0.0,-3.68,2026-01-01,2026-01-31
2026-01-10,Demo Campaign 002,Demo Channel 001,Demo Category 005,0,,Winter,4.93,1,3,0.0,0.0,0.3333333333333333,4.93,0.0,0.0,0.0,-4.93,2026-01-01,2026-01-31
2026-01-10,Demo Campaign 002,Demo Channel 001,Demo Category 001,0,,Winter,170.716365,29,160,0.0,0.0,0.18125,5.886771206896552,0.0,0.0,0.0,-170.716365,2026-01-01,2026-01-31
2026-01-10,Demo Campaign 015,Demo Channel 001,Demo Category 016,0,,Winter,128.20522,18,68,0.0,0.0,0.2647058823529412,7.122512222222222,0.0,0.0,0.0,-128.20522,2026-01-01,2026-01-31
2026-01-10,Demo Campaign 015,Demo Channel 001,Demo Category 008,0,,Winter,34.02,4,27,0.0,0.0,0.1481481481481481,8.505,0.0,0.0,0.0,-34.02,2026-01-01,2026-01-31
2026-01-10,Demo Campaign 005,Demo Channel 001,Demo Category 004,0,,Winter,15.7,4,51,0.0,0.0,0.0784313725490196,3.925,0.0,0.0,0.0,-15.7,2026-01-01,2026-01-31
2026-01-10,Demo Campaign 005,Demo Channel 001,Demo Category 014,0,,Winter,0.0,0,44,0.0,0.0,0.0,0.0,0.0,0.0,0.0,0.0,2026-01-01,2026-01-31
2026-01-10,Demo Campaign 005,Demo Channel 001,Demo Category 005,0,,Winter,0.0,0,1,0.0,0.0,0.0,0.0,0.0,0.0,0.0,0.0,2026-01-01,2026-01-31
2026-01-10,Demo Campaign 005,Demo Channel 001,Demo Category 015,0,,Winter,16.81,3,27,0.0,0.0,0.1111111111111111,5.603333333333333,0.0,0.0,0.0,-16.81,2026-01-01,2026-01-31
2026-01-10,Demo Campaign 004,Demo Channel 001,Demo Category 004,0,,Winter,12.1,2,74,0.0,0.0,0.027027027027027,6.05,0.0,0.0,0.0,-12.1,2026-01-01,2026-01-31
2026-01-10,Demo Campaign 004,Demo Channel 001,Demo Category 003,0,,Winter,40.790756,7,164,0.0,0.0,0.0426829268292682,5.827250857142857,0.0,0.0,0.0,-40.790756,2026-01-01,2026-01-31
2026-01-10,Demo Campaign 004,Demo Channel 001,Demo Category 005,0,,Winter,21.86,6,147,0.0,0.0,0.0408163265306122,3.643333333333333,0.0,0.0,0.0,-21.86,2026-01-01,2026-01-31
2026-01-10,Demo Campaign 004,Demo Channel 001,Demo Category 015,0,,Winter,50.759858,9,382,1.0,1769.8,0.0235602094240837,5.639984222222222,0.1111111111111111,50.759858,34.86613378626867,1719.040142,2026-01-01,2026-01-31
2026-01-10,Demo Campaign 016,Demo Channel 001,Demo Category 018,0,,Winter,1.73,1,1,0.0,0.0,1.0,1.73,0.0,0.0,0.0,-1.73,2026-01-01,2026-01-31
2026-01-10,Demo Campaign 017,Demo Channel 002,Demo Category 010,0,,Winter,93.88848,102,11028,0.0,0.0,0.0092491838955386,0.9204752941176472,0.0,0.0,0.0,-93.88848,2026-01-01,2026-01-31
2026-01-10,Demo Campaign 018,Demo Channel 002,Demo Category 011,0,,Winter,105.129239,125,7177,0.0,0.0,0.0174167479448237,0.841033912,0.0,0.0,0.0,-105.129239,2026-01-01,2026-01-31
2026-01-10,Demo Campaign 019,Demo Channel 002,Demo Category 012,0,,Winter,120.880493,42,1087,0.0,0.0,0.0386384544618215,2.8781069761904763,0.0,0.0,0.0,-120.880493,2026-01-01,2026-01-31
2026-01-11,Demo Campaign 020,Demo Channel 003,Demo Category 010,0,,Winter,53.055368,7,2526,0.0,0.0,0.0027711797307996,7.579338285714286,0.0,0.0,0.0,-53.055368,2026-01-01,2026-01-31
2026-01-11,Demo Campaign 020,Demo Channel 003,Demo Category 012,0,,Winter,51.086943,5,2050,0.0,0.0,0.0024390243902439,10.2173886,0.0,0.0,0.0,-51.086943,2026-01-01,2026-01-31
2026-01-11,Demo Campaign 007,Demo Channel 001,Demo Category 004,0,,Winter,96.978612,19,55,0.0,0.0,0.3454545454545454,5.104137473684211,0.0,0.0,0.0,-96.978612,2026-01-01,2026-01-31
2026-01-11,Demo Campaign 007,Demo Channel 001,Demo Category 003,0,,Winter,169.963254,33,69,0.0,0.0,0.4782608695652174,5.150401636363637,0.0,0.0,0.0,-169.963254,2026-01-01,2026-01-31
2026-01-11,Demo Campaign 007,Demo Channel 001,Demo Category 014,0,,Winter,805.976536,194,827,2.955171,6681.36430093,0.2345828295042321,4.154518226804123,0.0152328402061855,272.73431419027867,8.289775201259706,5875.38776493,2026-01-01,2026-01-31
2026-01-11,Demo Campaign 007,Demo Channel 001,Demo Category 005,0,,Winter,151.986767,26,73,0.0,0.0,0.3561643835616438,5.8456448846153855,0.0,0.0,0.0,-151.986767,2026-01-01,2026-01-31
2026-01-11,Demo Campaign 007,Demo Channel 001,Demo Category 015,0,,Winter,174.715963,33,159,0.0,0.0,0.2075471698113207,5.29442312121212,0.0,0.0,0.0,-174.715963,2026-01-01,2026-01-31
2026-01-11,Demo Campaign 001,Demo Channel 001,Demo Category 004,0,,Winter,3.206612,2,4,0.0,0.0,0.5,1.603306,0.0,0.0,0.0,-3.206612,2026-01-01,2026-01-31
2026-01-11,Demo Campaign 001,Demo Channel 001,Demo Category 003,0,,Winter,7.531877,6,13,0.0,0.0,0.4615384615384615,1.2553128333333332,0.0,0.0,0.0,-7.531877,2026-01-01,2026-01-31
2026-01-11,Demo Campaign 001,Demo Channel 001,Demo Category 005,0,,Winter,0.0,0,2,0.0,0.0,0.0,0.0,0.0,0.0,0.0,0.0,2026-01-01,2026-01-31
2026-01-11,Demo Campaign 001,Demo Channel 001,Demo Category 001,0,,Winter,115.170595,69,140,1.0,3499.86,0.4928571428571429,1.6691390579710146,0.0144927536231884,115.170595,30.38848588044544,3384.689405,2026-01-01,2026-01-31
2026-01-11,Demo Campaign 014,Demo Channel 001,Demo Category 023,0,,Winter,43.23115,11,67,0.0,0.0,0.1641791044776119,3.9301045454545456,0.0,0.0,0.0,-43.23115,2026-01-01,2026-01-31
2026-01-11,Demo Campaign 014,Demo Channel 001,Demo Category 007,0,,Winter,60.01,16,53,0.0,0.0,0.3018867924528302,3.750625,0.0,0.0,0.0,-60.01,2026-01-01,2026-01-31
2026-01-11,Demo Campaign 012,Demo Channel 001,Demo Category 003,0,,Winter,0.36,1,9,0.0,0.0,0.1111111111111111,0.36,0.0,0.0,0.0,-0.36,2026-01-01,2026-01-31
2026-01-11,Demo Campaign 012,Demo Channel 001,Demo Category 014,0,,Winter,27.75,7,21,0.0,0.0,0.3333333333333333,3.9642857142857135,0.0,0.0,0.0,-27.75,2026-01-01,2026-01-31
2026-01-11,Demo Campaign 012,Demo Channel 001,Demo Category 005,0,,Winter,5.8,2,14,0.0,0.0,0.1428571428571428,2.9,0.0,0.0,0.0,-5.8,2026-01-01,2026-01-31
2026-01-11,Demo Campaign 012,Demo Channel 001,Demo Category 015,0,,Winter,24.06,2,16,0.0,0.0,0.125,12.03,0.0,0.0,0.0,-24.06,2026-01-01,2026-01-31
2026-01-11,Demo Campaign 009,Demo Channel 001,Demo Category 014,0,,Winter,87.858733,9,59,0.0,0.0,0.1525423728813559,9.762081444444444,0.0,0.0,0.0,-87.858733,2026-01-01,2026-01-31
2026-01-11,Demo Campaign 009,Demo Channel 001,Demo Category 005,0,,Winter,101.68,7,24,0.0,0.0,0.2916666666666667,14.525714285714288,0.0,0.0,0.0,-101.68,2026-01-01,2026-01-31
2026-01-11,Demo Campaign 009,Demo Channel 001,Demo Category 015,0,,Winter,13.883037,4,23,0.0,0.0,0.1739130434782608,3.47075925,0.0,0.0,0.0,-13.883037,2026-01-01,2026-01-31
2026-01-11,Demo Campaign 006,Demo Channel 001,Demo Category 004,0,,Winter,62.88,2,8,0.0,0.0,0.25,31.44,0.0,0.0,0.0,-62.88,2026-01-01,2026-01-31
2026-01-11,Demo Campaign 006,Demo Channel 001,Demo Category 003,0,,Winter,36.2,6,26,0.0,0.0,0.2307692307692307,6.033333333333334,0.0,0.0,0.0,-36.2,2026-01-01,2026-01-31
2026-01-11,Demo Campaign 006,Demo Channel 001,Demo Category 014,0,,Winter,15.676995,5,77,0.0,0.0,0.0649350649350649,3.135399,0.0,0.0,0.0,-15.676995,2026-01-01,2026-01-31
2026-01-11,Demo Campaign 006,Demo Channel 001,Demo Category 005,0,,Winter,37.51,6,22,0.0,0.0,0.2727272727272727,6.251666666666666,0.0,0.0,0.0,-37.51,2026-01-01,2026-01-31
2026-01-11,Demo Campaign 006,Demo Channel 001,Demo Category 015,0,,Winter,119.665107,7,46,0.0,0.0,0.1521739130434782,17.095015285714286,0.0,0.0,0.0,-119.665107,2026-01-01,2026-01-31
2026-01-11,Demo Campaign 006,Demo Channel 001,Demo Category 001,0,,Winter,9.36,2,3,0.0,0.0,0.6666666666666666,4.68,0.0,0.0,0.0,-9.36,2026-01-01,2026-01-31
2026-01-11,Demo Campaign 010,Demo Channel 001,Demo Category 003,0,,Winter,0.0,0,1,0.0,0.0,0.0,0.0,0.0,0.0,0.0,0.0,2026-01-01,2026-01-31
2026-01-11,Demo Campaign 010,Demo Channel 001,Demo Category 014,0,,Winter,23.06,4,11,0.0,0.0,0.3636363636363636,5.765,0.0,0.0,0.0,-23.06,2026-01-01,2026-01-31
2026-01-11,Demo Campaign 010,Demo Channel 001,Demo Category 005,0,,Winter,205.742742,37,350,0.0,0.0,0.1057142857142857,5.560614648648649,0.0,0.0,0.0,-205.742742,2026-01-01,2026-01-31
2026-01-11,Demo Campaign 010,Demo Channel 001,Demo Category 001,0,,Winter,7.66,1,3,0.0,0.0,0.3333333333333333,7.66,0.0,0.0,0.0,-7.66,2026-01-01,2026-01-31
2026-01-11,Demo Campaign 003,Demo Channel 001,Demo Category 013,0,,Winter,1462.811561,1218,2716,34.444519,75208.69386164,0.4484536082474227,1.200994713464696,0.0282795722495894,42.4686308146733,51.41379509622293,73745.88230064,2026-01-01,2026-01-31
2026-01-11,Demo Campaign 003,Demo Channel 001,Demo Category 017,0,,Winter,16.714358,9,154,0.0,0.0,0.0584415584415584,1.857150888888889,0.0,0.0,0.0,-16.714358,2026-01-01,2026-01-31
2026-01-11,Demo Campaign 003,Demo Channel 001,Demo Category 031,0,,Winter,15.61338,8,120,0.0,0.0,0.0666666666666666,1.9516725,0.0,0.0,0.0,-15.61338,2026-01-01,2026-01-31
2026-01-11,Demo Campaign 003,Demo Channel 001,Demo Category 002,0,,Winter,61.735316,43,116,0.0,0.0,0.3706896551724138,1.435705023255814,0.0,0.0,0.0,-61.735316,2026-01-01,2026-01-31
2026-01-11,Demo Campaign 013,Demo Channel 001,Demo Category 024,0,,Winter,0.0,0,1,0.0,0.0,0.0,0.0,0.0,0.0,0.0,0.0,2026-01-01,2026-01-31
2026-01-11,Demo Campaign 013,Demo Channel 001,Demo Category 021,0,,Winter,0.0,0,1,0.0,0.0,0.0,0.0,0.0,0.0,0.0,0.0,2026-01-01,2026-01-31
2026-01-11,Demo Campaign 013,Demo Channel 001,Demo Category 030,0,,Winter,0.0,0,3,0.0,0.0,0.0,0.0,0.0,0.0,0.0,0.0,2026-01-01,2026-01-31
2026-01-11,Demo Campaign 013,Demo Channel 001,Demo Category 006,0,,Winter,0.0,0,1,0.0,0.0,0.0,0.0,0.0,0.0,0.0,0.0,2026-01-01,2026-01-31
2026-01-11,Demo Campaign 008,Demo Channel 001,Demo Category 004,0,,Winter,117.61,17,222,0.0,0.0,0.0765765765765765,6.918235294117647,0.0,0.0,0.0,-117.61,2026-01-01,2026-01-31
2026-01-11,Demo Campaign 008,Demo Channel 001,Demo Category 003,0,,Winter,42.75,5,136,0.0,0.0,0.0367647058823529,8.55,0.0,0.0,0.0,-42.75,2026-01-01,2026-01-31
2026-01-11,Demo Campaign 008,Demo Channel 001,Demo Category 005,0,,Winter,49.803977,7,151,0.0,0.0,0.0463576158940397,7.114853857142857,0.0,0.0,0.0,-49.803977,2026-01-01,2026-01-31
2026-01-11,Demo Campaign 008,Demo Channel 001,Demo Category 015,0,,Winter,156.088718,33,493,0.0,0.0,0.0669371196754563,4.729961151515152,0.0,0.0,0.0,-156.088718,2026-01-01,2026-01-31
2026-01-11,Demo Campaign 008,Demo Channel 001,Demo Category 001,0,,Winter,110.008003,20,91,0.0,0.0,0.2197802197802197,5.50040015,0.0,0.0,0.0,-110.008003,2026-01-01,2026-01-31
2026-01-11,Demo Campaign 002,Demo Channel 001,Demo Category 004,0,,Winter,20.63,2,33,0.0,0.0,0.0606060606060606,10.315,0.0,0.0,0.0,-20.63,2026-01-01,2026-01-31
2026-01-11,Demo Campaign 002,Demo Channel 001,Demo Category 003,0,,Winter,0.0,0,1,0.0,0.0,0.0,0.0,0.0,0.0,0.0,0.0,2026-01-01,2026-01-31
2026-01-11,Demo Campaign 002,Demo Channel 001,Demo Category 005,0,,Winter,0.0,0,3,0.0,0.0,0.0,0.0,0.0,0.0,0.0,0.0,2026-01-01,2026-01-31
2026-01-11,Demo Campaign 002,Demo Channel 001,Demo Category 001,0,,Winter,195.718163,34,99,0.0,0.0,0.3434343434343434,5.756416558823529,0.0,0.0,0.0,-195.718163,2026-01-01,2026-01-31
2026-01-11,Demo Campaign 015,Demo Channel 001,Demo Category 016,0,,Winter,125.16,14,126,0.0,0.0,0.1111111111111111,8.94,0.0,0.0,0.0,-125.16,2026-01-01,2026-01-31
2026-01-11,Demo Campaign 015,Demo Channel 001,Demo Category 008,0,,Winter,20.17,2,77,0.0,0.0,0.0259740259740259,10.085,0.0,0.0,0.0,-20.17,2026-01-01,2026-01-31
2026-01-11,Demo Campaign 005,Demo Channel 001,Demo Category 004,0,,Winter,9.55,3,62,0.0,0.0,0.0483870967741935,3.1833333333333336,0.0,0.0,0.0,-9.55,2026-01-01,2026-01-31
2026-01-11,Demo Campaign 005,Demo Channel 001,Demo Category 003,0,,Winter,0.0,0,4,0.0,0.0,0.0,0.0,0.0,0.0,0.0,0.0,2026-01-01,2026-01-31
2026-01-11,Demo Campaign 005,Demo Channel 001,Demo Category 014,0,,Winter,3.47,1,52,0.0,0.0,0.0192307692307692,3.47,0.0,0.0,0.0,-3.47,2026-01-01,2026-01-31
2026-01-11,Demo Campaign 005,Demo Channel 001,Demo Category 015,0,,Winter,9.839316,2,40,0.0,0.0,0.05,4.919658,0.0,0.0,0.0,-9.839316,2026-01-01,2026-01-31
2026-01-11,Demo Campaign 005,Demo Channel 001,Demo Category 001,0,,Winter,0.0,0,1,0.0,0.0,0.0,0.0,0.0,0.0,0.0,0.0,2026-01-01,2026-01-31
2026-01-11,Demo Campaign 004,Demo Channel 001,Demo Category 004,0,,Winter,47.04,4,97,0.0,0.0,0.0412371134020618,11.76,0.0,0.0,0.0,-47.04,2026-01-01,2026-01-31
2026-01-11,Demo Campaign 004,Demo Channel 001,Demo Category 003,0,,Winter,47.319427,5,189,0.0,0.0,0.0264550264550264,9.4638854,0.0,0.0,0.0,-47.319427,2026-01-01,2026-01-31
2026-01-11,Demo Campaign 004,Demo Channel 001,Demo Category 005,0,,Winter,54.58,6,233,0.0,0.0,0.0257510729613733,9.096666666666666,0.0,0.0,0.0,-54.58,2026-01-01,2026-01-31
2026-01-11,Demo Campaign 004,Demo Channel 001,Demo Category 015,0,,Winter,112.161562,13,458,0.0,0.0,0.0283842794759825,8.627812461538461,0.0,0.0,0.0,-112.161562,2026-01-01,2026-01-31
2026-01-11,Demo Campaign 004,Demo Channel 001,Demo Category 001,0,,Winter,0.0,0,11,0.0,0.0,0.0,0.0,0.0,0.0,0.0,0.0,2026-01-01,2026-01-31
2026-01-11,Demo Campaign 016,Demo Channel 001,Demo Category 018,0,,Winter,1.17,1,4,0.0,0.0,0.25,1.17,0.0,0.0,0.0,-1.17,2026-01-01,2026-01-31
2026-01-11,Demo Campaign 016,Demo Channel 001,Demo Category 009,0,,Winter,0.0,0,1,0.0,0.0,0.0,0.0,0.0,0.0,0.0,0.0,2026-01-01,2026-01-31
2026-01-11,Demo Campaign 017,Demo Channel 002,Demo Category 010,0,,Winter,107.363081,48,5724,0.0,0.0,0.0083857442348008,2.2367308541666664,0.0,0.0,0.0,-107.363081,2026-01-01,2026-01-31
2026-01-11,Demo Campaign 018,Demo Channel 002,Demo Category 011,0,,Winter,101.383776,111,6439,0.0,0.0,0.0172387016617487,0.9133673513513512,0.0,0.0,0.0,-101.383776,2026-01-01,2026-01-31
2026-01-11,Demo Campaign 019,Demo Channel 002,Demo Category 012,0,,Winter,96.997975,70,994,0.0,0.0,0.0704225352112676,1.3856853571428571,0.0,0.0,0.0,-96.997975,2026-01-01,2026-01-31
2026-01-12,Demo Campaign 020,Demo Channel 003,Demo Category 010,0,,Winter,48.10439,5,2725,0.0,0.0,0.0018348623853211,9.620878,0.0,0.0,0.0,-48.10439,2026-01-01,2026-01-31
2026-01-12,Demo Campaign 020,Demo Channel 003,Demo Category 012,0,,Winter,55.972719,6,2619,0.0,0.0,0.0022909507445589,9.3287865,0.0,0.0,0.0,-55.972719,2026-01-01,2026-01-31
2026-01-12,Demo Campaign 007,Demo Channel 001,Demo Category 004,0,,Winter,74.516562,18,81,0.0,0.0,0.2222222222222222,4.139809,0.0,0.0,0.0,-74.516562,2026-01-01,2026-01-31
2026-01-12,Demo Campaign 007,Demo Channel 001,Demo Category 003,0,,Winter,98.891414,22,80,0.0,0.0,0.275,4.495064272727273,0.0,0.0,0.0,-98.891414,2026-01-01,2026-01-31
2026-01-12,Demo Campaign 007,Demo Channel 001,Demo Category 014,0,,Winter,599.700512,192,770,0.0,0.0,0.2493506493506493,3.1234401666666667,0.0,0.0,0.0,-599.700512,2026-01-01,2026-01-31
2026-01-12,Demo Campaign 007,Demo Channel 001,Demo Category 005,0,,Winter,128.565738,36,97,0.0,0.0,0.3711340206185567,3.5712705,0.0,0.0,0.0,-128.565738,2026-01-01,2026-01-31
2026-01-12,Demo Campaign 007,Demo Channel 001,Demo Category 015,0,,Winter,261.841462,50,259,0.0,0.0,0.193050193050193,5.23682924,0.0,0.0,0.0,-261.841462,2026-01-01,2026-01-31
2026-01-12,Demo Campaign 001,Demo Channel 001,Demo Category 004,0,,Winter,6.65,3,10,0.0,0.0,0.3,2.216666666666667,0.0,0.0,0.0,-6.65,2026-01-01,2026-01-31
2026-01-12,Demo Campaign 001,Demo Channel 001,Demo Category 003,0,,Winter,12.07,4,10,0.0,0.0,0.4,3.0175,0.0,0.0,0.0,-12.07,2026-01-01,2026-01-31
2026-01-12,Demo Campaign 001,Demo Channel 001,Demo Category 005,0,,Winter,0.0,0,1,0.0,0.0,0.0,0.0,0.0,0.0,0.0,0.0,2026-01-01,2026-01-31
2026-01-12,Demo Campaign 001,Demo Channel 001,Demo Category 001,0,,Winter,140.576172,65,173,2.0,2539.6,0.3757225433526011,2.1627103384615385,0.0307692307692307,70.288086,18.06565055705173,2399.023828,2026-01-01,2026-01-31
2026-01-12,Demo Campaign 014,Demo Channel 001,Demo Category 023,0,,Winter,48.51,13,81,0.0,0.0,0.1604938271604938,3.731538461538461,0.0,0.0,0.0,-48.51,2026-01-01,2026-01-31
2026-01-12,Demo Campaign 014,Demo Channel 001,Demo Category 007,0,,Winter,54.760652,16,80,0.0,0.0,0.2,3.42254075,0.0,0.0,0.0,-54.760652,2026-01-01,2026-01-31
2026-01-12,Demo Campaign 012,Demo Channel 001,Demo Category 003,0,,Winter,11.972313,4,10,0.0,0.0,0.4,2.99307825,0.0,0.0,0.0,-11.972313,2026-01-01,2026-01-31
2026-01-12,Demo Campaign 012,Demo Channel 001,Demo Category 014,0,,Winter,66.53,9,43,0.0,0.0,0.2093023255813953,7.392222222222222,0.0,0.0,0.0,-66.53,2026-01-01,2026-01-31
2026-01-12,Demo Campaign 012,Demo Channel 001,Demo Category 005,0,,Winter,10.67,5,12,0.0,0.0,0.4166666666666667,2.134,0.0,0.0,0.0,-10.67,2026-01-01,2026-01-31
2026-01-12,Demo Campaign 012,Demo Channel 001,Demo Category 015,0,,Winter,20.247947,3,16,0.0,0.0,0.1875,6.749315666666667,0.0,0.0,0.0,-20.247947,2026-01-01,2026-01-31
2026-01-12,Demo Campaign 009,Demo Channel 001,Demo Category 014,0,,Winter,49.9,8,29,0.0,0.0,0.2758620689655172,6.2375,0.0,0.0,0.0,-49.9,2026-01-01,2026-01-31
2026-01-12,Demo Campaign 009,Demo Channel 001,Demo Category 005,0,,Winter,92.08,12,24,0.0,0.0,0.5,7.673333333333333,0.0,0.0,0.0,-92.08,2026-01-01,2026-01-31
2026-01-12,Demo Campaign 009,Demo Channel 001,Demo Category 015,0,,Winter,39.23,4,30,0.610418,1391.58822714,0.1333333333333333,9.8075,0.1526045,64.26743641242558,35.47255231047668,1352.35822714,2026-01-01,2026-01-31
2026-01-12,Demo Campaign 006,Demo Channel 001,Demo Category 004,0,,Winter,9.520919,1,4,0.0,0.0,0.25,9.520919,0.0,0.0,0.0,-9.520919,2026-01-01,2026-01-31
2026-01-12,Demo Campaign 006,Demo Channel 001,Demo Category 003,0,,Winter,30.68,6,39,0.0,0.0,0.1538461538461538,5.113333333333333,0.0,0.0,0.0,-30.68,2026-01-01,2026-01-31
2026-01-12,Demo Campaign 006,Demo Channel 001,Demo Category 014,0,,Winter,100.94,13,39,1.916764,2625.5833272,0.3333333333333333,7.764615384615384,0.1474433846153846,52.66167352892688,26.011326800079257,2524.6433272,2026-01-01,2026-01-31
2026-01-12,Demo Campaign 006,Demo Channel 001,Demo Category 005,0,,Winter,21.61,3,22,0.0,0.0,0.1363636363636363,7.203333333333333,0.0,0.0,0.0,-21.61,2026-01-01,2026-01-31
2026-01-12,Demo Campaign 006,Demo Channel 001,Demo Category 015,0,,Winter,51.74,6,29,0.0,0.0,0.2068965517241379,8.623333333333333,0.0,0.0,0.0,-51.74,2026-01-01,2026-01-31
2026-01-12,Demo Campaign 006,Demo Channel 001,Demo Category 001,0,,Winter,0.0,0,1,0.0,0.0,0.0,0.0,0.0,0.0,0.0,0.0,2026-01-01,2026-01-31
2026-01-12,Demo Campaign 010,Demo Channel 001,Demo Category 014,0,,Winter,31.79,7,22,0.0,0.0,0.3181818181818182,4.541428571428571,0.0,0.0,0.0,-31.79,2026-01-01,2026-01-31
2026-01-12,Demo Campaign 010,Demo Channel 001,Demo Category 005,0,,Winter,169.231259,37,315,0.0,0.0,0.1174603174603174,4.5738178108108105,0.0,0.0,0.0,-169.231259,2026-01-01,2026-01-31
2026-01-12,Demo Campaign 003,Demo Channel 001,Demo Category 013,0,,Winter,1631.076118,1322,2807,34.410899,71683.87110288,0.4709654435340221,1.2337943403933431,0.0260294243570347,47.39998562664695,43.94882023702097,70052.79498488,2026-01-01,2026-01-31
2026-01-12,Demo Campaign 003,Demo Channel 001,Demo Category 017,0,,Winter,19.91,11,133,0.0,0.0,0.0827067669172932,1.81,0.0,0.0,0.0,-19.91,2026-01-01,2026-01-31
2026-01-12,Demo Campaign 003,Demo Channel 001,Demo Category 031,0,,Winter,8.37,5,58,0.0,0.0,0.0862068965517241,1.674,0.0,0.0,0.0,-8.37,2026-01-01,2026-01-31
2026-01-12,Demo Campaign 003,Demo Channel 001,Demo Category 002,0,,Winter,59.863177,42,145,0.0,0.0,0.2896551724137931,1.425313738095238,0.0,0.0,0.0,-59.863177,2026-01-01,2026-01-31
2026-01-12,Demo Campaign 013,Demo Channel 001,Demo Category 021,0,,Winter,1.89,1,2,0.0,0.0,0.5,1.89,0.0,0.0,0.0,-1.89,2026-01-01,2026-01-31
2026-01-12,Demo Campaign 013,Demo Channel 001,Demo Category 006,0,,Winter,0.0,0,2,0.0,0.0,0.0,0.0,0.0,0.0,0.0,0.0,2026-01-01,2026-01-31
2026-01-12,Demo Campaign 008,Demo Channel 001,Demo Category 004,0,,Winter,73.47,9,212,0.0,0.0,0.0424528301886792,8.163333333333334,0.0,0.0,0.0,-73.47,2026-01-01,2026-01-31
2026-01-12,Demo Campaign 008,Demo Channel 001,Demo Category 003,0,,Winter,58.474642,12,133,0.0,0.0,0.0902255639097744,4.872886833333333,0.0,0.0,0.0,-58.474642,2026-01-01,2026-01-31
2026-01-12,Demo Campaign 008,Demo Channel 001,Demo Category 005,0,,Winter,98.495403,22,244,0.0,0.0,0.0901639344262295,4.477063772727273,0.0,0.0,0.0,-98.495403,2026-01-01,2026-01-31
2026-01-12,Demo Campaign 008,Demo Channel 001,Demo Category 015,0,,Winter,156.302944,34,577,0.0,0.0,0.0589254766031195,4.597145411764706,0.0,0.0,0.0,-156.302944,2026-01-01,2026-01-31
2026-01-12,Demo Campaign 008,Demo Channel 001,Demo Category 001,0,,Winter,25.26,5,36,0.0,0.0,0.1388888888888889,5.0520000000000005,0.0,0.0,0.0,-25.26,2026-01-01,2026-01-31
2026-01-12,Demo Campaign 002,Demo Channel 001,Demo Category 004,0,,Winter,42.7,10,55,0.0,0.0,0.1818181818181818,4.2700000000000005,0.0,0.0,0.0,-42.7,2026-01-01,2026-01-31
2026-01-12,Demo Campaign 002,Demo Channel 001,Demo Category 003,0,,Winter,0.0,0,3,0.0,0.0,0.0,0.0,0.0,0.0,0.0,0.0,2026-01-01,2026-01-31
2026-01-12,Demo Campaign 002,Demo Channel 001,Demo Category 005,0,,Winter,0.0,0,2,0.0,0.0,0.0,0.0,0.0,0.0,0.0,0.0,2026-01-01,2026-01-31
2026-01-12,Demo Campaign 002,Demo Channel 001,Demo Category 001,0,,Winter,188.645412,32,177,0.0,0.0,0.1807909604519774,5.895169125,0.0,0.0,0.0,-188.645412,2026-01-01,2026-01-31
2026-01-12,Demo Campaign 015,Demo Channel 001,Demo Category 016,0,,Winter,105.29,11,119,0.0,0.0,0.0924369747899159,9.571818181818182,0.0,0.0,0.0,-105.29,2026-01-01,2026-01-31
2026-01-12,Demo Campaign 015,Demo Channel 001,Demo Category 008,0,,Winter,19.93,2,62,0.0,0.0,0.032258064516129,9.965,0.0,0.0,0.0,-19.93,2026-01-01,2026-01-31
2026-01-12,Demo Campaign 005,Demo Channel 001,Demo Category 004,0,,Winter,8.37,3,85,0.0,0.0,0.0352941176470588,2.79,0.0,0.0,0.0,-8.37,2026-01-01,2026-01-31
2026-01-12,Demo Campaign 005,Demo Channel 001,Demo Category 003,0,,Winter,0.0,0,1,0.0,0.0,0.0,0.0,0.0,0.0,0.0,0.0,2026-01-01,2026-01-31
2026-01-12,Demo Campaign 005,Demo Channel 001,Demo Category 014,0,,Winter,10.94,2,52,0.0,0.0,0.0384615384615384,5.47,0.0,0.0,0.0,-10.94,2026-01-01,2026-01-31
2026-01-12,Demo Campaign 005,Demo Channel 001,Demo Category 005,0,,Winter,0.0,0,2,0.0,0.0,0.0,0.0,0.0,0.0,0.0,0.0,2026-01-01,2026-01-31
2026-01-12,Demo Campaign 005,Demo Channel 001,Demo Category 015,0,,Winter,0.0,0,41,0.0,0.0,0.0,0.0,0.0,0.0,0.0,0.0,2026-01-01,2026-01-31
2026-01-12,Demo Campaign 011,Demo Channel 001,Demo Category 005,0,,Winter,0.0,0,1,0.0,0.0,0.0,0.0,0.0,0.0,0.0,0.0,2026-01-01,2026-01-31
2026-01-12,Demo Campaign 011,Demo Channel 001,Demo Category 029,0,,Winter,0.0,0,1,0.0,0.0,0.0,0.0,0.0,0.0,0.0,0.0,2026-01-01,2026-01-31
2026-01-12,Demo Campaign 004,Demo Channel 001,Demo Category 004,0,,Winter,15.24,2,65,0.0,0.0,0.0307692307692307,7.62,0.0,0.0,0.0,-15.24,2026-01-01,2026-01-31
2026-01-12,Demo Campaign 004,Demo Channel 001,Demo Category 003,0,,Winter,48.76,7,133,0.0,0.0,0.0526315789473684,6.965714285714285,0.0,0.0,0.0,-48.76,2026-01-01,2026-01-31
2026-01-12,Demo Campaign 004,Demo Channel 001,Demo Category 005,0,,Winter,31.76,6,121,0.0,0.0,0.0495867768595041,5.293333333333334,0.0,0.0,0.0,-31.76,2026-01-01,2026-01-31
2026-01-12,Demo Campaign 004,Demo Channel 001,Demo Category 015,0,,Winter,34.87,5,213,0.0,0.0,0.0234741784037558,6.973999999999999,0.0,0.0,0.0,-34.87,2026-01-01,2026-01-31
2026-01-12,Demo Campaign 004,Demo Channel 001,Demo Category 001,0,,Winter,0.0,0,4,0.0,0.0,0.0,0.0,0.0,0.0,0.0,0.0,2026-01-01,2026-01-31
2026-01-12,Demo Campaign 016,Demo Channel 001,Demo Category 018,0,,Winter,0.81,1,3,0.0,0.0,0.3333333333333333,0.81,0.0,0.0,0.0,-0.81,2026-01-01,2026-01-31
2026-01-12,Demo Campaign 017,Demo Channel 002,Demo Category 010,0,,Winter,91.115897,50,24759,0.0,0.0,0.0020194676683226,1.82231794,0.0,0.0,0.0,-91.115897,2026-01-01,2026-01-31
2026-01-12,Demo Campaign 018,Demo Channel 002,Demo Category 011,0,,Winter,117.018865,133,8951,0.0,0.0,0.0148586750083789,0.879841090225564,0.0,0.0,0.0,-117.018865,2026-01-01,2026-01-31
2026-01-12,Demo Campaign 019,Demo Channel 002,Demo Category 012,0,,Winter,104.928656,41,1339,0.0,0.0,0.0306198655713218,2.559235512195122,0.0,0.0,0.0,-104.928656,2026-01-01,2026-01-31
2026-01-13,Demo Campaign 020,Demo Channel 003,Demo Category 010,0,,Winter,46.791734,5,2053,0.0,0.0,0.002435460301997,9.3583468,0.0,0.0,0.0,-46.791734,2026-01-01,2026-01-31
2026-01-13,Demo Campaign 020,Demo Channel 003,Demo Category 012,0,,Winter,57.61762,5,2325,0.0,0.0,0.0021505376344086,11.523524,0.0,0.0,0.0,-57.61762,2026-01-01,2026-01-31
2026-01-13,Demo Campaign 007,Demo Channel 001,Demo Category 004,0,,Winter,19.73,7,43,0.0,0.0,0.1627906976744186,2.8185714285714285,0.0,0.0,0.0,-19.73,2026-01-01,2026-01-31
2026-01-13,Demo Campaign 007,Demo Channel 001,Demo Category 003,0,,Winter,77.227465,18,61,3.0,6009.4,0.2950819672131147,4.290414722222222,0.1666666666666666,25.74248833333333,77.81428537114354,5932.172535,2026-01-01,2026-01-31
2026-01-13,Demo Campaign 007,Demo Channel 001,Demo Category 014,0,,Winter,687.161941,170,779,7.039064,7562.95207376,0.2182284980744544,4.0421290647058825,0.0414062588235294,97.62120943920952,11.006069490335758,6875.790132759999,2026-01-01,2026-01-31
2026-01-13,Demo Campaign 007,Demo Channel 001,Demo Category 005,0,,Winter,122.849728,26,107,0.0,0.0,0.2429906542056074,4.724989538461538,0.0,0.0,0.0,-122.849728,2026-01-01,2026-01-31
2026-01-13,Demo Campaign 007,Demo Channel 001,Demo Category 015,0,,Winter,184.495589,40,212,0.0,0.0,0.1886792452830188,4.612389725,0.0,0.0,0.0,-184.495589,2026-01-01,2026-01-31
2026-01-13,Demo Campaign 001,Demo Channel 001,Demo Category 004,0,,Winter,6.92,3,8,0.0,0.0,0.375,2.306666666666666,0.0,0.0,0.0,-6.92,2026-01-01,2026-01-31
2026-01-13,Demo Campaign 001,Demo Channel 001,Demo Category 003,0,,Winter,11.82,4,10,0.0,0.0,0.4,2.955,0.0,0.0,0.0,-11.82,2026-01-01,2026-01-31
2026-01-13,Demo Campaign 001,Demo Channel 001,Demo Category 005,0,,Winter,3.41,2,4,0.0,0.0,0.5,1.705,0.0,0.0,0.0,-3.41,2026-01-01,2026-01-31
2026-01-13,Demo Campaign 001,Demo Channel 001,Demo Category 001,0,,Winter,142.104926,56,173,2.0,2739.6,0.3236994219653179,2.537587964285714,0.0357142857142857,71.052463,19.27871240719692,2597.495074,2026-01-01,2026-01-31
2026-01-13,Demo Campaign 014,Demo Channel 001,Demo Category 023,0,,Winter,31.85,9,74,0.0,0.0,0.1216216216216216,3.538888888888889,0.0,0.0,0.0,-31.85,2026-01-01,2026-01-31
2026-01-13,Demo Campaign 014,Demo Channel 001,Demo Category 007,0,,Winter,28.852949,10,63,0.0,0.0,0.1587301587301587,2.8852949,0.0,0.0,0.0,-28.852949,2026-01-01,2026-01-31
2026-01-13,Demo Campaign 012,Demo Channel 001,Demo Category 004,0,,Winter,0.0,0,2,0.0,0.0,0.0,0.0,0.0,0.0,0.0,0.0,2026-01-01,2026-01-31
2026-01-13,Demo Campaign 012,Demo Channel 001,Demo Category 003,0,,Winter,7.178864,3,18,0.0,0.0,0.1666666666666666,2.392954666666667,0.0,0.0,0.0,-7.178864,2026-01-01,2026-01-31
2026-01-13,Demo Campaign 012,Demo Channel 001,Demo Category 014,0,,Winter,39.34,6,33,0.0,0.0,0.1818181818181818,6.556666666666668,0.0,0.0,0.0,-39.34,2026-01-01,2026-01-31
2026-01-13,Demo Campaign 012,Demo Channel 001,Demo Category 005,0,,Winter,22.47,3,14,0.0,0.0,0.2142857142857142,7.489999999999999,0.0,0.0,0.0,-22.47,2026-01-01,2026-01-31
2026-01-13,Demo Campaign 012,Demo Channel 001,Demo Category 015,0,,Winter,19.81,2,17,0.0,0.0,0.1176470588235294,9.905,0.0,0.0,0.0,-19.81,2026-01-01,2026-01-31
2026-01-13,Demo Campaign 012,Demo Channel 001,Demo Category 001,0,,Winter,2.92,1,1,0.0,0.0,1.0,2.92,0.0,0.0,0.0,-2.92,2026-01-01,2026-01-31
2026-01-13,Demo Campaign 009,Demo Channel 001,Demo Category 014,0,,Winter,42.47,5,63,0.0,0.0,0.0793650793650793,8.494,0.0,0.0,0.0,-42.47,2026-01-01,2026-01-31
2026-01-13,Demo Campaign 009,Demo Channel 001,Demo Category 005,0,,Winter,25.934579,6,46,0.0,0.0,0.1304347826086956,4.3224298333333335,0.0,0.0,0.0,-25.934579,2026-01-01,2026-01-31
2026-01-13,Demo Campaign 009,Demo Channel 001,Demo Category 015,0,,Winter,144.86,6,48,0.0,0.0,0.125,24.14333333333333,0.0,0.0,0.0,-144.86,2026-01-01,2026-01-31
2026-01-13,Demo Campaign 006,Demo Channel 001,Demo Category 004,0,,Winter,8.58,1,6,0.0,0.0,0.1666666666666666,8.58,0.0,0.0,0.0,-8.58,2026-01-01,2026-01-31
2026-01-13,Demo Campaign 006,Demo Channel 001,Demo Category 003,0,,Winter,13.94,1,23,0.0,0.0,0.0434782608695652,13.94,0.0,0.0,0.0,-13.94,2026-01-01,2026-01-31
2026-01-13,Demo Campaign 006,Demo Channel 001,Demo Category 014,0,,Winter,92.034305,11,68,1.0,2509.73,0.1617647058823529,8.366755,0.0909090909090909,92.034305,27.26950564792117,2417.695695,2026-01-01,2026-01-31
2026-01-13,Demo Campaign 006,Demo Channel 001,Demo Category 005,0,,Winter,52.984533,10,24,0.0,0.0,0.4166666666666667,5.2984533,0.0,0.0,0.0,-52.984533,2026-01-01,2026-01-31
2026-01-13,Demo Campaign 006,Demo Channel 001,Demo Category 015,0,,Winter,19.64,3,42,0.0,0.0,0.0714285714285714,6.546666666666667,0.0,0.0,0.0,-19.64,2026-01-01,2026-01-31
2026-01-13,Demo Campaign 006,Demo Channel 001,Demo Category 001,0,,Winter,0.0,0,1,0.0,0.0,0.0,0.0,0.0,0.0,0.0,0.0,2026-01-01,2026-01-31
2026-01-13,Demo Campaign 010,Demo Channel 001,Demo Category 003,0,,Winter,0.0,0,1,0.0,0.0,0.0,0.0,0.0,0.0,0.0,0.0,2026-01-01,2026-01-31
2026-01-13,Demo Campaign 010,Demo Channel 001,Demo Category 014,0,,Winter,12.09,3,18,0.0,0.0,0.1666666666666666,4.03,0.0,0.0,0.0,-12.09,2026-01-01,2026-01-31
2026-01-13,Demo Campaign 010,Demo Channel 001,Demo Category 005,0,,Winter,193.938334,41,315,0.0,0.0,0.1301587301587301,4.730203268292683,0.0,0.0,0.0,-193.938334,2026-01-01,2026-01-31
2026-01-13,Demo Campaign 010,Demo Channel 001,Demo Category 001,0,,Winter,0.0,0,1,0.0,0.0,0.0,0.0,0.0,0.0,0.0,0.0,2026-01-01,2026-01-31
2026-01-13,Demo Campaign 003,Demo Channel 001,Demo Category 013,0,,Winter,1393.628421,1081,2372,36.517734,78750.101845015,0.4557335581787521,1.2892029796484736,0.0337814375578168,38.16305855670015,56.50724444074394,77356.473424015,2026-01-01,2026-01-31
2026-01-13,Demo Campaign 003,Demo Channel 001,Demo Category 017,0,,Winter,10.45,6,94,0.0,0.0,0.0638297872340425,1.7416666666666665,0.0,0.0,0.0,-10.45,2026-01-01,2026-01-31
2026-01-13,Demo Campaign 003,Demo Channel 001,Demo Category 031,0,,Winter,5.94,3,33,0.0,0.0,0.0909090909090909,1.98,0.0,0.0,0.0,-5.94,2026-01-01,2026-01-31
2026-01-13,Demo Campaign 003,Demo Channel 001,Demo Category 002,0,,Winter,64.263626,39,105,2.0,4139.6,0.3714285714285714,1.6477852820512822,0.0512820512820512,32.131813,64.41591079843519,4075.336374,2026-01-01,2026-01-31
2026-01-13,Demo Campaign 013,Demo Channel 001,Demo Category 006,0,,Winter,1.98,1,1,0.0,0.0,1.0,1.98,0.0,0.0,0.0,-1.98,2026-01-01,2026-01-31
2026-01-13,Demo Campaign 008,Demo Channel 001,Demo Category 004,0,,Winter,101.64,21,195,0.0,0.0,0.1076923076923077,4.84,0.0,0.0,0.0,-101.64,2026-01-01,2026-01-31
2026-01-13,Demo Campaign 008,Demo Channel 001,Demo Category 003,0,,Winter,61.33,13,113,0.0,0.0,0.1150442477876106,4.717692307692308,0.0,0.0,0.0,-61.33,2026-01-01,2026-01-31
2026-01-13,Demo Campaign 008,Demo Channel 001,Demo Category 005,0,,Winter,35.47257,10,145,0.0,0.0,0.0689655172413793,3.547257,0.0,0.0,0.0,-35.47257,2026-01-01,2026-01-31
2026-01-13,Demo Campaign 008,Demo Channel 001,Demo Category 015,0,,Winter,191.983014,36,458,0.0,0.0,0.0786026200873362,5.3328615,0.0,0.0,0.0,-191.983014,2026-01-01,2026-01-31
2026-01-13,Demo Campaign 008,Demo Channel 001,Demo Category 001,0,,Winter,0.0,0,7,0.0,0.0,0.0,0.0,0.0,0.0,0.0,0.0,2026-01-01,2026-01-31
2026-01-13,Demo Campaign 002,Demo Channel 001,Demo Category 004,0,,Winter,39.446697,7,72,0.0,0.0,0.0972222222222222,5.635242428571429,0.0,0.0,0.0,-39.446697,2026-01-01,2026-01-31
2026-01-13,Demo Campaign 002,Demo Channel 001,Demo Category 003,0,,Winter,0.0,0,1,0.0,0.0,0.0,0.0,0.0,0.0,0.0,0.0,2026-01-01,2026-01-31
2026-01-13,Demo Campaign 002,Demo Channel 001,Demo Category 005,0,,Winter,4.47,2,3,0.0,0.0,0.6666666666666666,2.235,0.0,0.0,0.0,-4.47,2026-01-01,2026-01-31
2026-01-13,Demo Campaign 002,Demo Channel 001,Demo Category 001,0,,Winter,184.431627,39,242,3.0,3809.399961781,0.1611570247933884,4.7290160769230765,0.0769230769230769,61.477209,20.65480863421001,3624.968334781,2026-01-01,2026-01-31
2026-01-13,Demo Campaign 015,Demo Channel 001,Demo Category 016,0,,Winter,120.232762,18,80,0.0,0.0,0.225,6.679597888888889,0.0,0.0,0.0,-120.232762,2026-01-01,2026-01-31
2026-01-13,Demo Campaign 015,Demo Channel 001,Demo Category 008,0,,Winter,19.1,3,29,0.0,0.0,0.1034482758620689,6.366666666666667,0.0,0.0,0.0,-19.1,2026-01-01,2026-01-31
2026-01-13,Demo Campaign 005,Demo Channel 001,Demo Category 004,0,,Winter,13.9,2,24,0.0,0.0,0.0833333333333333,6.95,0.0,0.0,0.0,-13.9,2026-01-01,2026-01-31
2026-01-13,Demo Campaign 005,Demo Channel 001,Demo Category 003,0,,Winter,0.0,0,2,0.0,0.0,0.0,0.0,0.0,0.0,0.0,0.0,2026-01-01,2026-01-31
2026-01-13,Demo Campaign 005,Demo Channel 001,Demo Category 014,0,,Winter,0.0,0,14,0.0,0.0,0.0,0.0,0.0,0.0,0.0,0.0,2026-01-01,2026-01-31
2026-01-13,Demo Campaign 005,Demo Channel 001,Demo Category 005,0,,Winter,0.0,0,5,0.0,0.0,0.0,0.0,0.0,0.0,0.0,0.0,2026-01-01,2026-01-31
2026-01-13,Demo Campaign 005,Demo Channel 001,Demo Category 015,0,,Winter,7.13,2,13,0.0,0.0,0.1538461538461538,3.565,0.0,0.0,0.0,-7.13,2026-01-01,2026-01-31
2026-01-13,Demo Campaign 011,Demo Channel 001,Demo Category 004,0,,Winter,0.0,0,2,0.0,0.0,0.0,0.0,0.0,0.0,0.0,0.0,2026-01-01,2026-01-31
2026-01-13,Demo Campaign 011,Demo Channel 001,Demo Category 003,0,,Winter,1.87,1,4,0.0,0.0,0.25,1.87,0.0,0.0,0.0,-1.87,2026-01-01,2026-01-31
2026-01-13,Demo Campaign 011,Demo Channel 001,Demo Category 005,0,,Winter,0.0,0,2,0.0,0.0,0.0,0.0,0.0,0.0,0.0,0.0,2026-01-01,2026-01-31
2026-01-13,Demo Campaign 011,Demo Channel 001,Demo Category 029,0,,Winter,0.0,0,2,0.0,0.0,0.0,0.0,0.0,0.0,0.0,0.0,2026-01-01,2026-01-31
2026-01-13,Demo Campaign 011,Demo Channel 001,Demo Category 015,0,,Winter,0.0,0,1,0.0,0.0,0.0,0.0,0.0,0.0,0.0,0.0,2026-01-01,2026-01-31
2026-01-13,Demo Campaign 004,Demo Channel 001,Demo Category 004,0,,Winter,35.1,2,34,0.0,0.0,0.0588235294117647,17.55,0.0,0.0,0.0,-35.1,2026-01-01,2026-01-31
2026-01-13,Demo Campaign 004,Demo Channel 001,Demo Category 003,0,,Winter,4.51,1,35,0.0,0.0,0.0285714285714285,4.51,0.0,0.0,0.0,-4.51,2026-01-01,2026-01-31
2026-01-13,Demo Campaign 004,Demo Channel 001,Demo Category 005,0,,Winter,25.02,5,65,0.0,0.0,0.0769230769230769,5.004,0.0,0.0,0.0,-25.02,2026-01-01,2026-01-31
2026-01-13,Demo Campaign 004,Demo Channel 001,Demo Category 015,0,,Winter,47.28082,6,113,0.0,0.0,0.0530973451327433,7.880136666666666,0.0,0.0,0.0,-47.28082,2026-01-01,2026-01-31
2026-01-13,Demo Campaign 016,Demo Channel 001,Demo Category 018,0,,Winter,0.0,0,9,0.0,0.0,0.0,0.0,0.0,0.0,0.0,0.0,2026-01-01,2026-01-31
2026-01-13,Demo Campaign 016,Demo Channel 001,Demo Category 028,0,,Winter,0.0,0,1,0.0,0.0,0.0,0.0,0.0,0.0,0.0,0.0,2026-01-01,2026-01-31
2026-01-13,Demo Campaign 016,Demo Channel 001,Demo Category 009,0,,Winter,0.0,0,5,0.0,0.0,0.0,0.0,0.0,0.0,0.0,0.0,2026-01-01,2026-01-31
2026-01-13,Demo Campaign 017,Demo Channel 002,Demo Category 010,0,,Winter,99.499838,63,24009,0.0,0.0,0.0026240159940022,1.579362507936508,0.0,0.0,0.0,-99.499838,2026-01-01,2026-01-31
2026-01-13,Demo Campaign 018,Demo Channel 002,Demo Category 011,0,,Winter,97.245688,128,8206,0.0,0.0,0.0155983426760906,0.7597319375,0.0,0.0,0.0,-97.245688,2026-01-01,2026-01-31
2026-01-13,Demo Campaign 019,Demo Channel 002,Demo Category 012,0,,Winter,94.245972,57,4342,0.0,0.0,0.0131275909719023,1.6534381052631577,0.0,0.0,0.0,-94.245972,2026-01-01,2026-01-31
2026-01-14,Demo Campaign 020,Demo Channel 003,Demo Category 010,0,,Winter,40.866468,2,1578,0.0,0.0,0.0012674271229404,20.433234,0.0,0.0,0.0,-40.866468,2026-01-01,2026-01-31
2026-01-14,Demo Campaign 020,Demo Channel 003,Demo Category 012,0,,Winter,62.818495,3,3160,0.0,0.0,0.0009493670886075,20.939498333333333,0.0,0.0,0.0,-62.818495,2026-01-01,2026-01-31
2026-01-14,Demo Campaign 007,Demo Channel 001,Demo Category 004,0,,Winter,49.312417,11,43,0.0,0.0,0.2558139534883721,4.482947,0.0,0.0,0.0,-49.312417,2026-01-01,2026-01-31
2026-01-14,Demo Campaign 007,Demo Channel 001,Demo Category 003,0,,Winter,76.51,18,60,0.0,0.0,0.3,4.250555555555556,0.0,0.0,0.0,-76.51,2026-01-01,2026-01-31
2026-01-14,Demo Campaign 007,Demo Channel 001,Demo Category 014,0,,Winter,762.090124,211,608,5.058038,9850.06412988,0.3470394736842105,3.6118015355450233,0.0239717440758293,150.66911794652393,12.925064660567626,9087.97400588,2026-01-01,2026-01-31
2026-01-14,Demo Campaign 007,Demo Channel 001,Demo Category 005,0,,Winter,166.614038,34,86,0.125,149.9875,0.3953488372093023,4.900412882352941,0.0036764705882352,1332.912304,0.9002092608787263,-16.626537999999982,2026-01-01,2026-01-31
2026-01-14,Demo Campaign 007,Demo Channel 001,Demo Category 015,0,,Winter,191.297996,35,195,0.0,0.0,0.1794871794871795,5.465657028571429,0.0,0.0,0.0,-191.297996,2026-01-01,2026-01-31
2026-01-14,Demo Campaign 001,Demo Channel 001,Demo Category 004,0,,Winter,3.61,1,2,0.0,0.0,0.5,3.61,0.0,0.0,0.0,-3.61,2026-01-01,2026-01-31
2026-01-14,Demo Campaign 001,Demo Channel 001,Demo Category 003,0,,Winter,23.24,7,17,0.0,0.0,0.4117647058823529,3.32,0.0,0.0,0.0,-23.24,2026-01-01,2026-01-31
2026-01-14,Demo Campaign 001,Demo Channel 001,Demo Category 001,0,,Winter,124.248596,48,131,0.050812,79.7646776,0.366412213740458,2.588512416666666,0.0010585833333333,2445.260883255924,0.6419764904224753,-44.48391840000001,2026-01-01,2026-01-31
2026-01-14,Demo Campaign 014,Demo Channel 001,Demo Category 023,0,,Winter,51.06,17,124,0.0,0.0,0.1370967741935483,3.0035294117647062,0.0,0.0,0.0,-51.06,2026-01-01,2026-01-31
2026-01-14,Demo Campaign 014,Demo Channel 001,Demo Category 007,0,,Winter,72.181483,17,127,0.0,0.0,0.1338582677165354,4.245969588235294,0.0,0.0,0.0,-72.181483,2026-01-01,2026-01-31
2026-01-14,Demo Campaign 012,Demo Channel 001,Demo Category 004,0,,Winter,0.0,0,1,0.0,0.0,0.0,0.0,0.0,0.0,0.0,0.0,2026-01-01,2026-01-31
2026-01-14,Demo Campaign 012,Demo Channel 001,Demo Category 003,0,,Winter,0.0,0,10,0.0,0.0,0.0,0.0,0.0,0.0,0.0,0.0,2026-01-01,2026-01-31
2026-01-14,Demo Campaign 012,Demo Channel 001,Demo Category 014,0,,Winter,91.2,6,26,0.0,0.0,0.2307692307692307,15.2,0.0,0.0,0.0,-91.2,2026-01-01,2026-01-31
2026-01-14,Demo Campaign 012,Demo Channel 001,Demo Category 005,0,,Winter,0.0,0,2,0.0,0.0,0.0,0.0,0.0,0.0,0.0,0.0,2026-01-01,2026-01-31
2026-01-14,Demo Campaign 012,Demo Channel 001,Demo Category 015,0,,Winter,5.36,1,14,0.0,0.0,0.0714285714285714,5.36,0.0,0.0,0.0,-5.36,2026-01-01,2026-01-31
2026-01-14,Demo Campaign 012,Demo Channel 001,Demo Category 001,0,,Winter,0.0,0,1,0.0,0.0,0.0,0.0,0.0,0.0,0.0,0.0,2026-01-01,2026-01-31
2026-01-14,Demo Campaign 009,Demo Channel 001,Demo Category 014,0,,Winter,152.06,12,39,0.0,0.0,0.3076923076923077,12.671666666666669,0.0,0.0,0.0,-152.06,2026-01-01,2026-01-31
2026-01-14,Demo Campaign 009,Demo Channel 001,Demo Category 005,0,,Winter,96.02,13,36,0.0,0.0,0.3611111111111111,7.386153846153846,0.0,0.0,0.0,-96.02,2026-01-01,2026-01-31
2026-01-14,Demo Campaign 009,Demo Channel 001,Demo Category 015,0,,Winter,21.64,2,16,0.0,0.0,0.125,10.82,0.0,0.0,0.0,-21.64,2026-01-01,2026-01-31
2026-01-14,Demo Campaign 006,Demo Channel 001,Demo Category 003,0,,Winter,106.89,9,20,0.0,0.0,0.45,11.876666666666669,0.0,0.0,0.0,-106.89,2026-01-01,2026-01-31
2026-01-14,Demo Campaign 006,Demo Channel 001,Demo Category 014,0,,Winter,28.29,8,23,0.0,0.0,0.3478260869565217,3.53625,0.0,0.0,0.0,-28.29,2026-01-01,2026-01-31
2026-01-14,Demo Campaign 006,Demo Channel 001,Demo Category 005,0,,Winter,26.1,10,23,0.0,0.0,0.4347826086956521,2.61,0.0,0.0,0.0,-26.1,2026-01-01,2026-01-31
2026-01-14,Demo Campaign 006,Demo Channel 001,Demo Category 015,0,,Winter,6.56,2,7,0.0,0.0,0.2857142857142857,3.28,0.0,0.0,0.0,-6.56,2026-01-01,2026-01-31
2026-01-14,Demo Campaign 006,Demo Channel 001,Demo Category 001,0,,Winter,43.21,1,3,0.0,0.0,0.3333333333333333,43.21,0.0,0.0,0.0,-43.21,2026-01-01,2026-01-31
2026-01-14,Demo Campaign 010,Demo Channel 001,Demo Category 003,0,,Winter,0.0,0,1,0.0,0.0,0.0,0.0,0.0,0.0,0.0,0.0,2026-01-01,2026-01-31
2026-01-14,Demo Campaign 010,Demo Channel 001,Demo Category 014,0,,Winter,45.69,10,18,0.0,0.0,0.5555555555555556,4.569,0.0,0.0,0.0,-45.69,2026-01-01,2026-01-31
2026-01-14,Demo Campaign 010,Demo Channel 001,Demo Category 005,0,,Winter,152.47338,30,251,0.0,0.0,0.1195219123505976,5.082446,0.0,0.0,0.0,-152.47338,2026-01-01,2026-01-31
2026-01-14,Demo Campaign 003,Demo Channel 001,Demo Category 013,0,,Winter,1394.284973,1009,2247,28.981969,58704.145699542,0.4490431686693369,1.3818483379583746,0.0287234578790882,48.10870417396416,42.10340557083663,57309.860726542,2026-01-01,2026-01-31
2026-01-14,Demo Campaign 003,Demo Channel 001,Demo Category 017,0,,Winter,13.614522,7,69,0.0,0.0,0.1014492753623188,1.944931714285714,0.0,0.0,0.0,-13.614522,2026-01-01,2026-01-31
2026-01-14,Demo Campaign 003,Demo Channel 001,Demo Category 031,0,,Winter,1.99,1,34,0.0,0.0,0.0294117647058823,1.99,0.0,0.0,0.0,-1.99,2026-01-01,2026-01-31
2026-01-14,Demo Campaign 003,Demo Channel 001,Demo Category 002,0,,Winter,72.057751,41,123,8.0,21008.55,0.3333333333333333,1.7575061219512194,0.1951219512195122,9.007218875,291.5515639670741,20936.492249,2026-01-01,2026-01-31
2026-01-14,Demo Campaign 013,Demo Channel 001,Demo Category 021,0,,Winter,2.0,1,1,0.0,0.0,1.0,2.0,0.0,0.0,0.0,-2.0,2026-01-01,2026-01-31
2026-01-14,Demo Campaign 008,Demo Channel 001,Demo Category 004,0,,Winter,72.416401,16,231,0.0,0.0,0.0692640692640692,4.5260250625,0.0,0.0,0.0,-72.416401,2026-01-01,2026-01-31
2026-01-14,Demo Campaign 008,Demo Channel 001,Demo Category 003,0,,Winter,36.43,10,110,0.0,0.0,0.0909090909090909,3.643,0.0,0.0,0.0,-36.43,2026-01-01,2026-01-31
2026-01-14,Demo Campaign 008,Demo Channel 001,Demo Category 005,0,,Winter,14.8,7,203,0.0,0.0,0.0344827586206896,2.1142857142857143,0.0,0.0,0.0,-14.8,2026-01-01,2026-01-31
2026-01-14,Demo Campaign 008,Demo Channel 001,Demo Category 015,0,,Winter,160.348726,31,532,0.0,0.0,0.0582706766917293,5.172539548387097,0.0,0.0,0.0,-160.348726,2026-01-01,2026-01-31
2026-01-14,Demo Campaign 008,Demo Channel 001,Demo Category 001,0,,Winter,64.27,16,52,0.0,0.0,0.3076923076923077,4.016875,0.0,0.0,0.0,-64.27,2026-01-01,2026-01-31
2026-01-14,Demo Campaign 002,Demo Channel 001,Demo Category 004,0,,Winter,69.583629,15,67,0.0,0.0,0.2238805970149253,4.6389086,0.0,0.0,0.0,-69.583629,2026-01-01,2026-01-31
2026-01-14,Demo Campaign 002,Demo Channel 001,Demo Category 003,0,,Winter,5.27,1,4,0.0,0.0,0.25,5.27,0.0,0.0,0.0,-5.27,2026-01-01,2026-01-31
2026-01-14,Demo Campaign 002,Demo Channel 001,Demo Category 005,0,,Winter,0.0,0,1,0.0,0.0,0.0,0.0,0.0,0.0,0.0,0.0,2026-01-01,2026-01-31
2026-01-14,Demo Campaign 002,Demo Channel 001,Demo Category 001,0,,Winter,157.001492,31,192,1.0,2759.84,0.1614583333333333,5.064564258064516,0.032258064516129,157.001492,17.57843167503147,2602.8385080000003,2026-01-01,2026-01-31
2026-01-14,Demo Campaign 015,Demo Channel 001,Demo Category 016,0,,Winter,132.88,21,80,0.0,0.0,0.2625,6.327619047619048,0.0,0.0,0.0,-132.88,2026-01-01,2026-01-31
2026-01-14,Demo Campaign 015,Demo Channel 001,Demo Category 008,0,,Winter,32.32,5,46,0.0,0.0,0.108695652173913,6.464,0.0,0.0,0.0,-32.32,2026-01-01,2026-01-31
2026-01-14,Demo Campaign 005,Demo Channel 001,Demo Category 004,0,,Winter,15.7,3,49,0.0,0.0,0.0612244897959183,5.233333333333333,0.0,0.0,0.0,-15.7,2026-01-01,2026-01-31
2026-01-14,Demo Campaign 005,Demo Channel 001,Demo Category 003,0,,Winter,3.84,1,4,0.0,0.0,0.25,3.84,0.0,0.0,0.0,-3.84,2026-01-01,2026-01-31
2026-01-14,Demo Campaign 005,Demo Channel 001,Demo Category 014,0,,Winter,0.0,0,43,0.0,0.0,0.0,0.0,0.0,0.0,0.0,0.0,2026-01-01,2026-01-31
2026-01-14,Demo Campaign 005,Demo Channel 001,Demo Category 005,0,,Winter,0.0,0,5,0.0,0.0,0.0,0.0,0.0,0.0,0.0,0.0,2026-01-01,2026-01-31
2026-01-14,Demo Campaign 005,Demo Channel 001,Demo Category 015,0,,Winter,3.48,1,33,0.0,0.0,0.0303030303030303,3.48,0.0,0.0,0.0,-3.48,2026-01-01,2026-01-31
2026-01-14,Demo Campaign 005,Demo Channel 001,Demo Category 001,0,,Winter,2.54,1,1,0.0,0.0,1.0,2.54,0.0,0.0,0.0,-2.54,2026-01-01,2026-01-31
2026-01-14,Demo Campaign 011,Demo Channel 001,Demo Category 004,0,,Winter,0.0,0,12,0.0,0.0,0.0,0.0,0.0,0.0,0.0,0.0,2026-01-01,2026-01-31
2026-01-14,Demo Campaign 011,Demo Channel 001,Demo Category 003,0,,Winter,2.0,1,6,0.0,0.0,0.1666666666666666,2.0,0.0,0.0,0.0,-2.0,2026-01-01,2026-01-31
2026-01-14,Demo Campaign 011,Demo Channel 001,Demo Category 005,0,,Winter,0.0,0,1,0.0,0.0,0.0,0.0,0.0,0.0,0.0,0.0,2026-01-01,2026-01-31
2026-01-14,Demo Campaign 011,Demo Channel 001,Demo Category 029,0,,Winter,0.0,0,1,0.0,0.0,0.0,0.0,0.0,0.0,0.0,0.0,2026-01-01,2026-01-31
2026-01-14,Demo Campaign 011,Demo Channel 001,Demo Category 015,0,,Winter,0.0,0,7,0.0,0.0,0.0,0.0,0.0,0.0,0.0,0.0,2026-01-01,2026-01-31
2026-01-14,Demo Campaign 004,Demo Channel 001,Demo Category 004,0,,Winter,41.66,3,26,0.0,0.0,0.1153846153846153,13.886666666666663,0.0,0.0,0.0,-41.66,2026-01-01,2026-01-31
2026-01-14,Demo Campaign 004,Demo Channel 001,Demo Category 003,0,,Winter,7.800000000000001,2,59,0.0,0.0,0.0338983050847457,3.9,0.0,0.0,0.0,-7.800000000000001,2026-01-01,2026-01-31
2026-01-14,Demo Campaign 004,Demo Channel 001,Demo Category 005,0,,Winter,6.27,1,55,0.0,0.0,0.0181818181818181,6.27,0.0,0.0,0.0,-6.27,2026-01-01,2026-01-31
2026-01-14,Demo Campaign 004,Demo Channel 001,Demo Category 015,0,,Winter,94.637252,6,99,0.0,0.0,0.0606060606060606,15.772875333333332,0.0,0.0,0.0,-94.637252,2026-01-01,2026-01-31
2026-01-14,Demo Campaign 004,Demo Channel 001,Demo Category 001,0,,Winter,0.0,0,5,0.0,0.0,0.0,0.0,0.0,0.0,0.0,0.0,2026-01-01,2026-01-31
2026-01-14,Demo Campaign 016,Demo Channel 001,Demo Category 018,0,,Winter,1.53,1,13,0.0,0.0,0.0769230769230769,1.53,0.0,0.0,0.0,-1.53,2026-01-01,2026-01-31
2026-01-14,Demo Campaign 017,Demo Channel 002,Demo Category 010,0,,Winter,113.653855,41,17978,0.0,0.0,0.0022805651351652,2.772045243902439,0.0,0.0,0.0,-113.653855,2026-01-01,2026-01-31
2026-01-14,Demo Campaign 018,Demo Channel 002,Demo Category 011,0,,Winter,96.421884,129,7771,0.0,0.0,0.0166001801569939,0.7474564651162792,0.0,0.0,0.0,-96.421884,2026-01-01,2026-01-31
2026-01-14,Demo Campaign 019,Demo Channel 002,Demo Category 012,0,,Winter,92.636654,46,8398,0.0,0.0,0.0054774946415813,2.013840304347826,0.0,0.0,0.0,-92.636654,2026-01-01,2026-01-31
2026-01-15,Demo Campaign 020,Demo Channel 003,Demo Category 010,0,,Winter,52.713725,8,2389,0.0,0.0,0.0033486814566764,6.589215625,0.0,0.0,0.0,-52.713725,2026-01-01,2026-01-31
2026-01-15,Demo Campaign 020,Demo Channel 003,Demo Category 012,0,,Winter,50.715806,2,2277,0.0,0.0,0.0008783487044356,25.357903,0.0,0.0,0.0,-50.715806,2026-01-01,2026-01-31
2026-01-15,Demo Campaign 007,Demo Channel 001,Demo Category 004,0,,Winter,50.163953,14,47,0.0,0.0,0.2978723404255319,3.5831395,0.0,0.0,0.0,-50.163953,2026-01-01,2026-01-31
2026-01-15,Demo Campaign 007,Demo Channel 001,Demo Category 003,0,,Winter,108.549898,24,61,0.0,0.0,0.3934426229508196,4.522912416666667,0.0,0.0,0.0,-108.549898,2026-01-01,2026-01-31
2026-01-15,Demo Campaign 007,Demo Channel 001,Demo Category 014,0,,Winter,647.993992,158,605,0.0,0.0,0.2611570247933884,4.101227797468355,0.0,0.0,0.0,-647.993992,2026-01-01,2026-01-31
2026-01-15,Demo Campaign 007,Demo Channel 001,Demo Category 005,0,,Winter,96.1,25,82,2.125,5669.6675,0.3048780487804878,3.844,0.085,45.2235294117647,58.99758064516129,5573.567499999999,2026-01-01,2026-01-31
2026-01-15,Demo Campaign 007,Demo Channel 001,Demo Category 015,0,,Winter,189.415432,32,227,2.0,4853.939970186,0.1409691629955947,5.91923225,0.0625,94.707716,25.6258949914176,4664.524538186,2026-01-01,2026-01-31
2026-01-15,Demo Campaign 001,Demo Channel 001,Demo Category 004,0,,Winter,3.32,2,6,0.0,0.0,0.3333333333333333,1.66,0.0,0.0,0.0,-3.32,2026-01-01,2026-01-31
2026-01-15,Demo Campaign 001,Demo Channel 001,Demo Category 003,0,,Winter,2.82,1,3,0.0,0.0,0.3333333333333333,2.82,0.0,0.0,0.0,-2.82,2026-01-01,2026-01-31
2026-01-15,Demo Campaign 001,Demo Channel 001,Demo Category 001,0,,Winter,148.324705,66,140,1.0,2399.84,0.4714285714285714,2.247344015151515,0.0151515151515151,148.324705,16.179637775109683,2251.515295,2026-01-01,2026-01-31
2026-01-15,Demo Campaign 014,Demo Channel 001,Demo Category 023,0,,Winter,45.556524,13,96,0.0,0.0,0.1354166666666666,3.504348,0.0,0.0,0.0,-45.556524,2026-01-01,2026-01-31
2026-01-15,Demo Campaign 014,Demo Channel 001,Demo Category 007,0,,Winter,54.795902,16,106,0.0,0.0,0.1509433962264151,3.424743875,0.0,0.0,0.0,-54.795902,2026-01-01,2026-01-31
2026-01-15,Demo Campaign 012,Demo Channel 001,Demo Category 003,0,,Winter,42.05,4,8,0.0,0.0,0.5,10.5125,0.0,0.0,0.0,-42.05,2026-01-01,2026-01-31
2026-01-15,Demo Campaign 012,Demo Channel 001,Demo Category 014,0,,Winter,19.63,5,25,0.0,0.0,0.2,3.926,0.0,0.0,0.0,-19.63,2026-01-01,2026-01-31
2026-01-15,Demo Campaign 012,Demo Channel 001,Demo Category 005,0,,Winter,0.0,0,8,0.0,0.0,0.0,0.0,0.0,0.0,0.0,0.0,2026-01-01,2026-01-31
2026-01-15,Demo Campaign 012,Demo Channel 001,Demo Category 015,0,,Winter,24.34,2,16,0.0,0.0,0.125,12.17,0.0,0.0,0.0,-24.34,2026-01-01,2026-01-31
2026-01-15,Demo Campaign 009,Demo Channel 001,Demo Category 014,0,,Winter,84.731403,10,60,0.0,0.0,0.1666666666666666,8.4731403,0.0,0.0,0.0,-84.731403,2026-01-01,2026-01-31
2026-01-15,Demo Campaign 009,Demo Channel 001,Demo Category 005,0,,Winter,44.489117,6,22,0.0,0.0,0.2727272727272727,7.414852833333334,0.0,0.0,0.0,-44.489117,2026-01-01,2026-01-31
2026-01-15,Demo Campaign 009,Demo Channel 001,Demo Category 015,0,,Winter,82.28,8,47,0.055588,72.2588412,0.1702127659574468,10.285,0.0069485,1480.1755774627618,0.8782066261545941,-10.021158799999997,2026-01-01,2026-01-31
2026-01-15,Demo Campaign 006,Demo Channel 001,Demo Category 003,0,,Winter,109.03,2,10,0.0,0.0,0.2,54.515,0.0,0.0,0.0,-109.03,2026-01-01,2026-01-31
2026-01-15,Demo Campaign 006,Demo Channel 001,Demo Category 014,0,,Winter,1.51,1,3,0.0,0.0,0.3333333333333333,1.51,0.0,0.0,0.0,-1.51,2026-01-01,2026-01-31
2026-01-15,Demo Campaign 006,Demo Channel 001,Demo Category 005,0,,Winter,19.69,2,5,0.0,0.0,0.4,9.845,0.0,0.0,0.0,-19.69,2026-01-01,2026-01-31
2026-01-15,Demo Campaign 006,Demo Channel 001,Demo Category 015,0,,Winter,87.95,1,2,0.0,0.0,0.5,87.95,0.0,0.0,0.0,-87.95,2026-01-01,2026-01-31
2026-01-15,Demo Campaign 010,Demo Channel 001,Demo Category 014,0,,Winter,8.29,2,11,0.0,0.0,0.1818181818181818,4.145,0.0,0.0,0.0,-8.29,2026-01-01,2026-01-31
2026-01-15,Demo Campaign 010,Demo Channel 001,Demo Category 005,0,,Winter,188.066104,39,249,0.0,0.0,0.1566265060240964,4.822207794871795,0.0,0.0,0.0,-188.066104,2026-01-01,2026-01-31
2026-01-15,Demo Campaign 003,Demo Channel 001,Demo Category 013,0,,Winter,1232.418091,961,2017,33.392239,71806.014935229,0.4764501735250371,1.28243297710718,0.0347473870967741,36.90732121916114,58.264330473244414,70573.596844229,2026-01-01,2026-01-31
2026-01-15,Demo Campaign 003,Demo Channel 001,Demo Category 017,0,,Winter,7.76,4,66,0.0,0.0,0.0606060606060606,1.94,0.0,0.0,0.0,-7.76,2026-01-01,2026-01-31
2026-01-15,Demo Campaign 003,Demo Channel 001,Demo Category 031,0,,Winter,7.48,4,27,0.0,0.0,0.1481481481481481,1.87,0.0,0.0,0.0,-7.48,2026-01-01,2026-01-31
2026-01-15,Demo Campaign 003,Demo Channel 001,Demo Category 002,0,,Winter,41.73585,25,77,0.0,0.0,0.3246753246753247,1.669434,0.0,0.0,0.0,-41.73585,2026-01-01,2026-01-31
2026-01-15,Demo Campaign 013,Demo Channel 001,Demo Category 021,0,,Winter,0.0,0,3,0.0,0.0,0.0,0.0,0.0,0.0,0.0,0.0,2026-01-01,2026-01-31
2026-01-15,Demo Campaign 013,Demo Channel 001,Demo Category 032,0,,Winter,0.0,0,1,0.0,0.0,0.0,0.0,0.0,0.0,0.0,0.0,2026-01-01,2026-01-31
2026-01-15,Demo Campaign 008,Demo Channel 001,Demo Category 004,0,,Winter,114.358191,26,354,0.0,0.0,0.0734463276836158,4.3983919615384615,0.0,0.0,0.0,-114.358191,2026-01-01,2026-01-31
2026-01-15,Demo Campaign 008,Demo Channel 001,Demo Category 003,0,,Winter,99.36,14,198,0.0,0.0,0.0707070707070707,7.097142857142857,0.0,0.0,0.0,-99.36,2026-01-01,2026-01-31
2026-01-15,Demo Campaign 008,Demo Channel 001,Demo Category 005,0,,Winter,124.79404,22,299,0.0,0.0,0.0735785953177257,5.672456363636363,0.0,0.0,0.0,-124.79404,2026-01-01,2026-01-31
2026-01-15,Demo Campaign 008,Demo Channel 001,Demo Category 015,0,,Winter,288.568174,42,682,0.0,0.0,0.0615835777126099,6.870670809523809,0.0,0.0,0.0,-288.568174,2026-01-01,2026-01-31
2026-01-15,Demo Campaign 008,Demo Channel 001,Demo Category 001,0,,Winter,75.310676,14,68,0.0,0.0,0.2058823529411764,5.379334,0.0,0.0,0.0,-75.310676,2026-01-01,2026-01-31
2026-01-15,Demo Campaign 002,Demo Channel 001,Demo Category 004,0,,Winter,35.561318,7,53,0.0,0.0,0.1320754716981132,5.080188285714286,0.0,0.0,0.0,-35.561318,2026-01-01,2026-01-31
2026-01-15,Demo Campaign 002,Demo Channel 001,Demo Category 003,0,,Winter,2.94,1,1,0.0,0.0,1.0,2.94,0.0,0.0,0.0,-2.94,2026-01-01,2026-01-31
2026-01-15,Demo Campaign 002,Demo Channel 001,Demo Category 005,0,,Winter,9.69,1,2,0.0,0.0,0.5,9.69,0.0,0.0,0.0,-9.69,2026-01-01,2026-01-31
2026-01-15,Demo Campaign 002,Demo Channel 001,Demo Category 001,0,,Winter,122.46,24,154,0.0,0.0,0.1558441558441558,5.1025,0.0,0.0,0.0,-122.46,2026-01-01,2026-01-31
2026-01-15,Demo Campaign 015,Demo Channel 001,Demo Category 016,0,,Winter,134.599723,19,129,0.0,0.0,0.1472868217054263,7.084195947368421,0.0,0.0,0.0,-134.599723,2026-01-01,2026-01-31
2026-01-15,Demo Campaign 015,Demo Channel 001,Demo Category 008,0,,Winter,35.64,5,64,0.0,0.0,0.078125,7.128,0.0,0.0,0.0,-35.64,2026-01-01,2026-01-31
2026-01-15,Demo Campaign 005,Demo Channel 001,Demo Category 004,0,,Winter,0.0,0,28,0.0,0.0,0.0,0.0,0.0,0.0,0.0,0.0,2026-01-01,2026-01-31
2026-01-15,Demo Campaign 005,Demo Channel 001,Demo Category 003,0,,Winter,6.39,1,2,0.0,0.0,0.5,6.39,0.0,0.0,0.0,-6.39,2026-01-01,2026-01-31
2026-01-15,Demo Campaign 005,Demo Channel 001,Demo Category 014,0,,Winter,6.25,1,28,0.0,0.0,0.0357142857142857,6.25,0.0,0.0,0.0,-6.25,2026-01-01,2026-01-31
2026-01-15,Demo Campaign 005,Demo Channel 001,Demo Category 015,0,,Winter,16.56,4,26,0.0,0.0,0.1538461538461538,4.14,0.0,0.0,0.0,-16.56,2026-01-01,2026-01-31
2026-01-15,Demo Campaign 011,Demo Channel 001,Demo Category 004,0,,Winter,1.98,1,4,0.0,0.0,0.25,1.98,0.0,0.0,0.0,-1.98,2026-01-01,2026-01-31
2026-01-15,Demo Campaign 011,Demo Channel 001,Demo Category 003,0,,Winter,0.0,0,5,0.0,0.0,0.0,0.0,0.0,0.0,0.0,0.0,2026-01-01,2026-01-31
2026-01-15,Demo Campaign 011,Demo Channel 001,Demo Category 005,0,,Winter,0.0,0,4,0.0,0.0,0.0,0.0,0.0,0.0,0.0,0.0,2026-01-01,2026-01-31
2026-01-15,Demo Campaign 011,Demo Channel 001,Demo Category 015,0,,Winter,0.0,0,4,0.0,0.0,0.0,0.0,0.0,0.0,0.0,0.0,2026-01-01,2026-01-31
2026-01-15,Demo Campaign 011,Demo Channel 001,Demo Category 001,0,,Winter,0.0,0,2,0.0,0.0,0.0,0.0,0.0,0.0,0.0,0.0,2026-01-01,2026-01-31
2026-01-15,Demo Campaign 004,Demo Channel 001,Demo Category 004,0,,Winter,5.64,1,24,0.0,0.0,0.0416666666666666,5.64,0.0,0.0,0.0,-5.64,2026-01-01,2026-01-31
2026-01-15,Demo Campaign 004,Demo Channel 001,Demo Category 003,0,,Winter,4.270798,2,34,0.0,0.0,0.0588235294117647,2.135399,0.0,0.0,0.0,-4.270798,2026-01-01,2026-01-31
2026-01-15,Demo Campaign 004,Demo Channel 001,Demo Category 005,0,,Winter,5.04,2,61,0.0,0.0,0.0327868852459016,2.52,0.0,0.0,0.0,-5.04,2026-01-01,2026-01-31
2026-01-15,Demo Campaign 004,Demo Channel 001,Demo Category 015,0,,Winter,12.28,2,71,0.0,0.0,0.028169014084507,6.14,0.0,0.0,0.0,-12.28,2026-01-01,2026-01-31
2026-01-15,Demo Campaign 016,Demo Channel 001,Demo Category 018,0,,Winter,1.24,1,1,0.0,0.0,1.0,1.24,0.0,0.0,0.0,-1.24,2026-01-01,2026-01-31
2026-01-15,Demo Campaign 017,Demo Channel 002,Demo Category 010,0,,Winter,100.746121,55,16268,0.0,0.0,0.0033808704204573,1.8317476545454543,0.0,0.0,0.0,-100.746121,2026-01-01,2026-01-31
2026-01-15,Demo Campaign 018,Demo Channel 002,Demo Category 011,0,,Winter,104.728394,104,6241,0.0,0.0,0.0166639961544624,1.0070037884615384,0.0,0.0,0.0,-104.728394,2026-01-01,2026-01-31
2026-01-15,Demo Campaign 019,Demo Channel 002,Demo Category 012,0,,Winter,96.371014,60,6499,0.0,0.0,0.0092321895676257,1.6061835666666666,0.0,0.0,0.0,-96.371014,2026-01-01,2026-01-31
2026-01-16,Demo Campaign 020,Demo Channel 003,Demo Category 010,0,,Winter,60.916346,4,2749,0.0,0.0,0.0014550745725718,15.2290865,0.0,0.0,0.0,-60.916346,2026-01-01,2026-01-31
2026-01-16,Demo Campaign 020,Demo Channel 003,Demo Category 012,0,,Winter,42.23751,4,1990,0.0,0.0,0.0020100502512562,10.5593775,0.0,0.0,0.0,-42.23751,2026-01-01,2026-01-31
2026-01-16,Demo Campaign 007,Demo Channel 001,Demo Category 004,0,,Winter,19.66,6,44,0.0,0.0,0.1363636363636363,3.276666666666667,0.0,0.0,0.0,-19.66,2026-01-01,2026-01-31
2026-01-16,Demo Campaign 007,Demo Channel 001,Demo Category 003,0,,Winter,113.142187,24,52,0.0,0.0,0.4615384615384615,4.714257791666666,0.0,0.0,0.0,-113.142187,2026-01-01,2026-01-31
2026-01-16,Demo Campaign 007,Demo Channel 001,Demo Category 014,0,,Winter,494.956246,105,508,2.962684,6715.64996128,0.2066929133858267,4.71386900952381,0.028216038095238,167.06346204995202,13.56816893523958,6220.69371528,2026-01-01,2026-01-31
2026-01-16,Demo Campaign 007,Demo Channel 001,Demo Category 005,0,,Winter,98.150311,20,75,0.0,0.0,0.2666666666666666,4.90751555,0.0,0.0,0.0,-98.150311,2026-01-01,2026-01-31
2026-01-16,Demo Campaign 007,Demo Channel 001,Demo Category 015,0,,Winter,182.871273,36,145,0.0,0.0,0.2482758620689655,5.0797575833333335,0.0,0.0,0.0,-182.871273,2026-01-01,2026-01-31
2026-01-16,Demo Campaign 001,Demo Channel 001,Demo Category 004,0,,Winter,8.14,3,3,0.0,0.0,1.0,2.7133333333333334,0.0,0.0,0.0,-8.14,2026-01-01,2026-01-31
2026-01-16,Demo Campaign 001,Demo Channel 001,Demo Category 003,0,,Winter,7.29,3,9,0.0,0.0,0.3333333333333333,2.43,0.0,0.0,0.0,-7.29,2026-01-01,2026-01-31
2026-01-16,Demo Campaign 001,Demo Channel 001,Demo Category 005,0,,Winter,5.44,3,11,0.0,0.0,0.2727272727272727,1.8133333333333332,0.0,0.0,0.0,-5.44,2026-01-01,2026-01-31
2026-01-16,Demo Campaign 001,Demo Channel 001,Demo Category 001,0,,Winter,146.04615,68,160,0.0,0.0,0.425,2.1477375000000003,0.0,0.0,0.0,-146.04615,2026-01-01,2026-01-31
2026-01-16,Demo Campaign 014,Demo Channel 001,Demo Category 023,0,,Winter,44.94748,13,123,0.0,0.0,0.1056910569105691,3.4574984615384614,0.0,0.0,0.0,-44.94748,2026-01-01,2026-01-31
2026-01-16,Demo Campaign 014,Demo Channel 001,Demo Category 007,0,,Winter,76.514134,22,126,0.067152,157.78974048,0.1746031746031746,3.4779151818181817,0.0030523636363636,1139.4170538479866,2.0622299728309024,81.27560648000001,2026-01-01,2026-01-31
2026-01-16,Demo Campaign 012,Demo Channel 001,Demo Category 004,0,,Winter,0.0,0,2,0.0,0.0,0.0,0.0,0.0,0.0,0.0,0.0,2026-01-01,2026-01-31
2026-01-16,Demo Campaign 012,Demo Channel 001,Demo Category 003,0,,Winter,9.55,3,11,0.0,0.0,0.2727272727272727,3.1833333333333336,0.0,0.0,0.0,-9.55,2026-01-01,2026-01-31
2026-01-16,Demo Campaign 012,Demo Channel 001,Demo Category 014,0,,Winter,39.261046,10,37,0.0,0.0,0.2702702702702703,3.9261046,0.0,0.0,0.0,-39.261046,2026-01-01,2026-01-31
2026-01-16,Demo Campaign 012,Demo Channel 001,Demo Category 005,0,,Winter,21.946634,7,14,0.0,0.0,0.5,3.1352334285714285,0.0,0.0,0.0,-21.946634,2026-01-01,2026-01-31
2026-01-16,Demo Campaign 012,Demo Channel 001,Demo Category 015,0,,Winter,22.1,3,19,2.0,5119.68,0.1578947368421052,7.366666666666667,0.6666666666666666,11.05,231.65972850678733,5097.58,2026-01-01,2026-01-31
2026-01-16,Demo Campaign 012,Demo Channel 001,Demo Category 001,0,,Winter,0.0,0,1,0.0,0.0,0.0,0.0,0.0,0.0,0.0,0.0,2026-01-01,2026-01-31
2026-01-16,Demo Campaign 009,Demo Channel 001,Demo Category 014,0,,Winter,164.83,6,12,0.0,0.0,0.5,27.471666666666668,0.0,0.0,0.0,-164.83,2026-01-01,2026-01-31
2026-01-16,Demo Campaign 009,Demo Channel 001,Demo Category 005,0,,Winter,34.147511,3,14,0.0,0.0,0.2142857142857142,11.382503666666668,0.0,0.0,0.0,-34.147511,2026-01-01,2026-01-31
2026-01-16,Demo Campaign 009,Demo Channel 001,Demo Category 015,0,,Winter,20.97,1,11,0.0,0.0,0.0909090909090909,20.97,0.0,0.0,0.0,-20.97,2026-01-01,2026-01-31
2026-01-16,Demo Campaign 006,Demo Channel 001,Demo Category 004,0,,Winter,21.86,1,12,0.0,0.0,0.0833333333333333,21.86,0.0,0.0,0.0,-21.86,2026-01-01,2026-01-31
2026-01-16,Demo Campaign 006,Demo Channel 001,Demo Category 003,0,,Winter,59.883073,5,19,0.0,0.0,0.2631578947368421,11.9766146,0.0,0.0,0.0,-59.883073,2026-01-01,2026-01-31
2026-01-16,Demo Campaign 006,Demo Channel 001,Demo Category 014,0,,Winter,80.014522,6,52,0.0,0.0,0.1153846153846153,13.335753666666667,0.0,0.0,0.0,-80.014522,2026-01-01,2026-01-31
2026-01-16,Demo Campaign 006,Demo Channel 001,Demo Category 005,0,,Winter,12.32,4,18,0.0,0.0,0.2222222222222222,3.08,0.0,0.0,0.0,-12.32,2026-01-01,2026-01-31
2026-01-16,Demo Campaign 006,Demo Channel 001,Demo Category 015,0,,Winter,33.3,3,33,0.0,0.0,0.0909090909090909,11.1,0.0,0.0,0.0,-33.3,2026-01-01,2026-01-31
2026-01-16,Demo Campaign 010,Demo Channel 001,Demo Category 003,0,,Winter,1.98,1,1,0.0,0.0,1.0,1.98,0.0,0.0,0.0,-1.98,2026-01-01,2026-01-31
2026-01-16,Demo Campaign 010,Demo Channel 001,Demo Category 014,0,,Winter,37.187544,8,13,0.0,0.0,0.6153846153846154,4.648443,0.0,0.0,0.0,-37.187544,2026-01-01,2026-01-31
2026-01-16,Demo Campaign 010,Demo Channel 001,Demo Category 005,0,,Winter,232.648184,53,303,0.0,0.0,0.1749174917491749,4.38958837735849,0.0,0.0,0.0,-232.648184,2026-01-01,2026-01-31
2026-01-16,Demo Campaign 003,Demo Channel 001,Demo Category 013,0,,Winter,1229.963912,926,2093,29.610894,69887.06575461,0.442427138079312,1.3282547645788336,0.0319772073434125,41.537547363480485,56.8204197479007,68657.10184260999,2026-01-01,2026-01-31
2026-01-16,Demo Campaign 003,Demo Channel 001,Demo Category 017,0,,Winter,11.3,6,80,0.0,0.0,0.075,1.8833333333333333,0.0,0.0,0.0,-11.3,2026-01-01,2026-01-31
2026-01-16,Demo Campaign 003,Demo Channel 001,Demo Category 031,0,,Winter,1.95,1,14,0.0,0.0,0.0714285714285714,1.95,0.0,0.0,0.0,-1.95,2026-01-01,2026-01-31
2026-01-16,Demo Campaign 003,Demo Channel 001,Demo Category 002,0,,Winter,49.002773,29,86,0.0,0.0,0.3372093023255814,1.689750793103448,0.0,0.0,0.0,-49.002773,2026-01-01,2026-01-31
2026-01-16,Demo Campaign 013,Demo Channel 001,Demo Category 024,0,,Winter,0.0,0,1,0.0,0.0,0.0,0.0,0.0,0.0,0.0,0.0,2026-01-01,2026-01-31
2026-01-16,Demo Campaign 013,Demo Channel 001,Demo Category 021,0,,Winter,0.0,0,1,0.0,0.0,0.0,0.0,0.0,0.0,0.0,0.0,2026-01-01,2026-01-31
2026-01-16,Demo Campaign 013,Demo Channel 001,Demo Category 006,0,,Winter,0.0,0,4,0.0,0.0,0.0,0.0,0.0,0.0,0.0,0.0,2026-01-01,2026-01-31
2026-01-16,Demo Campaign 008,Demo Channel 001,Demo Category 004,0,,Winter,105.963051,15,248,0.0,0.0,0.0604838709677419,7.064203399999999,0.0,0.0,0.0,-105.963051,2026-01-01,2026-01-31
2026-01-16,Demo Campaign 008,Demo Channel 001,Demo Category 003,0,,Winter,35.06,7,123,0.0,0.0,0.056910569105691,5.008571428571429,0.0,0.0,0.0,-35.06,2026-01-01,2026-01-31
2026-01-16,Demo Campaign 008,Demo Channel 001,Demo Category 005,0,,Winter,139.359464,13,237,2.0,3339.48,0.0548523206751054,10.71995876923077,0.1538461538461538,69.679732,23.963065759208146,3200.120536,2026-01-01,2026-01-31
2026-01-16,Demo Campaign 008,Demo Channel 001,Demo Category 015,0,,Winter,163.425346,31,573,0.0,0.0,0.0541012216404886,5.271785354838709,0.0,0.0,0.0,-163.425346,2026-01-01,2026-01-31
2026-01-16,Demo Campaign 008,Demo Channel 001,Demo Category 001,0,,Winter,18.49,3,12,0.0,0.0,0.25,6.163333333333333,0.0,0.0,0.0,-18.49,2026-01-01,2026-01-31
2026-01-16,Demo Campaign 002,Demo Channel 001,Demo Category 004,0,,Winter,37.459917,7,55,0.0,0.0,0.1272727272727272,5.351416714285714,0.0,0.0,0.0,-37.459917,2026-01-01,2026-01-31
2026-01-16,Demo Campaign 002,Demo Channel 001,Demo Category 003,0,,Winter,6.31,1,1,0.0,0.0,1.0,6.31,0.0,0.0,0.0,-6.31,2026-01-01,2026-01-31
2026-01-16,Demo Campaign 002,Demo Channel 001,Demo Category 005,0,,Winter,0.0,0,2,0.0,0.0,0.0,0.0,0.0,0.0,0.0,0.0,2026-01-01,2026-01-31
2026-01-16,Demo Campaign 002,Demo Channel 001,Demo Category 001,0,,Winter,257.212186,51,251,0.0,0.0,0.2031872509960159,5.043376196078431,0.0,0.0,0.0,-257.212186,2026-01-01,2026-01-31
2026-01-16,Demo Campaign 015,Demo Channel 001,Demo Category 016,0,,Winter,102.6,15,119,0.0,0.0,0.1260504201680672,6.84,0.0,0.0,0.0,-102.6,2026-01-01,2026-01-31
2026-01-16,Demo Campaign 015,Demo Channel 001,Demo Category 008,0,,Winter,16.58,2,48,0.0,0.0,0.0416666666666666,8.29,0.0,0.0,0.0,-16.58,2026-01-01,2026-01-31
2026-01-16,Demo Campaign 005,Demo Channel 001,Demo Category 004,0,,Winter,8.56,2,42,0.0,0.0,0.0476190476190476,4.28,0.0,0.0,0.0,-8.56,2026-01-01,2026-01-31
2026-01-16,Demo Campaign 005,Demo Channel 001,Demo Category 003,0,,Winter,3.81,1,5,0.0,0.0,0.2,3.81,0.0,0.0,0.0,-3.81,2026-01-01,2026-01-31
2026-01-16,Demo Campaign 005,Demo Channel 001,Demo Category 014,0,,Winter,12.24,1,14,0.0,0.0,0.0714285714285714,12.24,0.0,0.0,0.0,-12.24,2026-01-01,2026-01-31
2026-01-16,Demo Campaign 005,Demo Channel 001,Demo Category 005,0,,Winter,5.98,1,2,0.0,0.0,0.5,5.98,0.0,0.0,0.0,-5.98,2026-01-01,2026-01-31
2026-01-16,Demo Campaign 005,Demo Channel 001,Demo Category 015,0,,Winter,0.0,0,11,0.0,0.0,0.0,0.0,0.0,0.0,0.0,0.0,2026-01-01,2026-01-31
2026-01-16,Demo Campaign 005,Demo Channel 001,Demo Category 001,0,,Winter,0.0,0,1,0.0,0.0,0.0,0.0,0.0,0.0,0.0,0.0,2026-01-01,2026-01-31
2026-01-16,Demo Campaign 011,Demo Channel 001,Demo Category 003,0,,Winter,1.98,1,1,0.0,0.0,1.0,1.98,0.0,0.0,0.0,-1.98,2026-01-01,2026-01-31
2026-01-16,Demo Campaign 011,Demo Channel 001,Demo Category 005,0,,Winter,0.0,0,6,0.0,0.0,0.0,0.0,0.0,0.0,0.0,0.0,2026-01-01,2026-01-31
2026-01-16,Demo Campaign 011,Demo Channel 001,Demo Category 015,0,,Winter,0.0,0,1,0.0,0.0,0.0,0.0,0.0,0.0,0.0,0.0,2026-01-01,2026-01-31
2026-01-16,Demo Campaign 004,Demo Channel 001,Demo Category 004,0,,Winter,0.0,0,65,0.0,0.0,0.0,0.0,0.0,0.0,0.0,0.0,2026-01-01,2026-01-31
2026-01-16,Demo Campaign 004,Demo Channel 001,Demo Category 003,0,,Winter,39.95,4,121,0.0,0.0,0.0330578512396694,9.9875,0.0,0.0,0.0,-39.95,2026-01-01,2026-01-31
2026-01-16,Demo Campaign 004,Demo Channel 001,Demo Category 005,0,,Winter,129.98,17,202,2.0,7039.68,0.0841584158415841,7.645882352941176,0.1176470588235294,64.99,54.159716879519934,6909.700000000001,2026-01-01,2026-01-31
2026-01-16,Demo Campaign 004,Demo Channel 001,Demo Category 015,0,,Winter,134.86,11,299,2.0,4139.6,0.0367892976588628,12.260000000000002,0.1818181818181818,67.43,30.69553611152306,4004.74,2026-01-01,2026-01-31
2026-01-16,Demo Campaign 004,Demo Channel 001,Demo Category 001,0,,Winter,0.0,0,5,0.0,0.0,0.0,0.0,0.0,0.0,0.0,0.0,2026-01-01,2026-01-31
2026-01-16,Demo Campaign 016,Demo Channel 001,Demo Category 018,0,,Winter,0.0,0,2,0.0,0.0,0.0,0.0,0.0,0.0,0.0,0.0,2026-01-01,2026-01-31
2026-01-16,Demo Campaign 016,Demo Channel 001,Demo Category 009,0,,Winter,0.0,0,4,0.0,0.0,0.0,0.0,0.0,0.0,0.0,0.0,2026-01-01,2026-01-31
2026-01-16,Demo Campaign 017,Demo Channel 002,Demo Category 010,0,,Winter,114.902968,48,23037,0.0,0.0,0.0020836046360203,2.3938118333333334,0.0,0.0,0.0,-114.902968,2026-01-01,2026-01-31
2026-01-16,Demo Campaign 018,Demo Channel 002,Demo Category 011,0,,Winter,99.681749,121,7033,0.0,0.0,0.0172046068534053,0.8238161074380165,0.0,0.0,0.0,-99.681749,2026-01-01,2026-01-31
2026-01-16,Demo Campaign 019,Demo Channel 002,Demo Category 012,0,,Winter,95.574377,53,2860,0.0,0.0,0.0185314685314685,1.803290132075472,0.0,0.0,0.0,-95.574377,2026-01-01,2026-01-31
2026-01-17,Demo Campaign 020,Demo Channel 003,Demo Category 010,0,,Winter,47.520565,7,2425,0.0,0.0,0.0028865979381443,6.788652142857143,0.0,0.0,0.0,-47.520565,2026-01-01,2026-01-31
2026-01-17,Demo Campaign 020,Demo Channel 003,Demo Category 012,0,,Winter,55.662625,9,2864,0.0,0.0,0.0031424581005586,6.184736111111111,0.0,0.0,0.0,-55.662625,2026-01-01,2026-01-31
2026-01-17,Demo Campaign 007,Demo Channel 001,Demo Category 004,0,,Winter,77.96,17,31,0.0,0.0,0.5483870967741935,4.5858823529411765,0.0,0.0,0.0,-77.96,2026-01-01,2026-01-31
2026-01-17,Demo Campaign 007,Demo Channel 001,Demo Category 003,0,,Winter,104.615562,30,51,0.0,0.0,0.5882352941176471,3.4871854000000004,0.0,0.0,0.0,-104.615562,2026-01-01,2026-01-31
2026-01-17,Demo Campaign 007,Demo Channel 001,Demo Category 014,0,,Winter,567.287894,153,447,4.0,9759.48,0.3422818791946309,3.707764013071896,0.0261437908496732,141.8219735,17.203751575209886,9192.192106,2026-01-01,2026-01-31
2026-01-17,Demo Campaign 007,Demo Channel 001,Demo Category 005,0,,Winter,97.81,23,42,0.0,0.0,0.5476190476190477,4.252608695652174,0.0,0.0,0.0,-97.81,2026-01-01,2026-01-31
2026-01-17,Demo Campaign 007,Demo Channel 001,Demo Category 015,0,,Winter,143.698636,32,88,0.0,0.0,0.3636363636363636,4.490582375,0.0,0.0,0.0,-143.698636,2026-01-01,2026-01-31
2026-01-17,Demo Campaign 001,Demo Channel 001,Demo Category 004,0,,Winter,3.52,2,2,0.0,0.0,1.0,1.76,0.0,0.0,0.0,-3.52,2026-01-01,2026-01-31
2026-01-17,Demo Campaign 001,Demo Channel 001,Demo Category 003,0,,Winter,10.289565,4,11,0.0,0.0,0.3636363636363636,2.57239125,0.0,0.0,0.0,-10.289565,2026-01-01,2026-01-31
2026-01-17,Demo Campaign 001,Demo Channel 001,Demo Category 005,0,,Winter,0.0,0,2,0.0,0.0,0.0,0.0,0.0,0.0,0.0,0.0,2026-01-01,2026-01-31
2026-01-17,Demo Campaign 001,Demo Channel 001,Demo Category 001,0,,Winter,137.922188,59,156,1.0,1609.93,0.3782051282051282,2.3376642033898305,0.0169491525423728,137.922188,11.672741154599432,1472.007812,2026-01-01,2026-01-31
2026-01-17,Demo Campaign 014,Demo Channel 001,Demo Category 023,0,,Winter,46.97,10,105,0.0,0.0,0.0952380952380952,4.697,0.0,0.0,0.0,-46.97,2026-01-01,2026-01-31
2026-01-17,Demo Campaign 014,Demo Channel 001,Demo Category 007,0,,Winter,55.60015,12,95,0.0,0.0,0.1263157894736842,4.633345833333333,0.0,0.0,0.0,-55.60015,2026-01-01,2026-01-31
2026-01-17,Demo Campaign 012,Demo Channel 001,Demo Category 004,0,,Winter,0.0,0,2,0.0,0.0,0.0,0.0,0.0,0.0,0.0,0.0,2026-01-01,2026-01-31
2026-01-17,Demo Campaign 012,Demo Channel 001,Demo Category 003,0,,Winter,0.0,0,2,0.0,0.0,0.0,0.0,0.0,0.0,0.0,0.0,2026-01-01,2026-01-31
2026-01-17,Demo Campaign 012,Demo Channel 001,Demo Category 014,0,,Winter,124.36,4,20,0.0,0.0,0.2,31.09,0.0,0.0,0.0,-124.36,2026-01-01,2026-01-31
2026-01-17,Demo Campaign 012,Demo Channel 001,Demo Category 005,0,,Winter,7.865909,1,2,0.0,0.0,0.5,7.865909,0.0,0.0,0.0,-7.865909,2026-01-01,2026-01-31
2026-01-17,Demo Campaign 012,Demo Channel 001,Demo Category 015,0,,Winter,0.0,0,3,0.0,0.0,0.0,0.0,0.0,0.0,0.0,0.0,2026-01-01,2026-01-31
2026-01-17,Demo Campaign 009,Demo Channel 001,Demo Category 014,0,,Winter,96.263585,9,29,0.0,0.0,0.3103448275862069,10.695953888888887,0.0,0.0,0.0,-96.263585,2026-01-01,2026-01-31
2026-01-17,Demo Campaign 009,Demo Channel 001,Demo Category 005,0,,Winter,9.6,2,10,0.0,0.0,0.2,4.8,0.0,0.0,0.0,-9.6,2026-01-01,2026-01-31
2026-01-17,Demo Campaign 009,Demo Channel 001,Demo Category 015,0,,Winter,91.63,3,19,0.0,0.0,0.1578947368421052,30.543333333333333,0.0,0.0,0.0,-91.63,2026-01-01,2026-01-31
2026-01-17,Demo Campaign 006,Demo Channel 001,Demo Category 004,0,,Winter,4.93,1,1,0.0,0.0,1.0,4.93,0.0,0.0,0.0,-4.93,2026-01-01,2026-01-31
2026-01-17,Demo Campaign 006,Demo Channel 001,Demo Category 003,0,,Winter,48.27,6,12,0.0,0.0,0.5,8.045,0.0,0.0,0.0,-48.27,2026-01-01,2026-01-31
2026-01-17,Demo Campaign 006,Demo Channel 001,Demo Category 014,0,,Winter,32.56,6,29,0.0,0.0,0.2068965517241379,5.426666666666667,0.0,0.0,0.0,-32.56,2026-01-01,2026-01-31
2026-01-17,Demo Campaign 006,Demo Channel 001,Demo Category 005,0,,Winter,20.691656,4,11,0.0,0.0,0.3636363636363636,5.1729140000000005,0.0,0.0,0.0,-20.691656,2026-01-01,2026-01-31
2026-01-17,Demo Campaign 006,Demo Channel 001,Demo Category 015,0,,Winter,91.16,5,31,0.0,0.0,0.1612903225806451,18.232,0.0,0.0,0.0,-91.16,2026-01-01,2026-01-31
2026-01-17,Demo Campaign 006,Demo Channel 001,Demo Category 001,0,,Winter,0.0,0,3,0.0,0.0,0.0,0.0,0.0,0.0,0.0,0.0,2026-01-01,2026-01-31
2026-01-17,Demo Campaign 010,Demo Channel 001,Demo Category 003,0,,Winter,6.39,1,2,0.0,0.0,0.5,6.39,0.0,0.0,0.0,-6.39,2026-01-01,2026-01-31
2026-01-17,Demo Campaign 010,Demo Channel 001,Demo Category 014,0,,Winter,39.775878,10,19,1.89553,3923.367994,0.5263157894736842,3.9775878,0.189553,20.984040347554508,98.63686714847628,3883.592116,2026-01-01,2026-01-31
2026-01-17,Demo Campaign 010,Demo Channel 001,Demo Category 005,0,,Winter,183.993299,40,243,0.125,149.9875,0.1646090534979424,4.599832475,0.003125,1471.946392,0.8151791441056775,-34.005799,2026-01-01,2026-01-31
2026-01-17,Demo Campaign 003,Demo Channel 001,Demo Category 013,0,,Winter,1175.10458,911,2212,31.563485,65918.978583158,0.4118444846292947,1.289906234906696,0.0346470746432491,37.229874331050574,56.09626556230255,64743.874003158,2026-01-01,2026-01-31
2026-01-17,Demo Campaign 003,Demo Channel 001,Demo Category 017,0,,Winter,3.7,2,89,0.0,0.0,0.0224719101123595,1.85,0.0,0.0,0.0,-3.7,2026-01-01,2026-01-31
2026-01-17,Demo Campaign 003,Demo Channel 001,Demo Category 031,0,,Winter,0.0,0,27,0.0,0.0,0.0,0.0,0.0,0.0,0.0,0.0,2026-01-01,2026-01-31
2026-01-17,Demo Campaign 003,Demo Channel 001,Demo Category 002,0,,Winter,45.008788,29,101,0.0,0.0,0.2871287128712871,1.5520271724137933,0.0,0.0,0.0,-45.008788,2026-01-01,2026-01-31
2026-01-17,Demo Campaign 013,Demo Channel 001,Demo Category 024,0,,Winter,0.0,0,1,0.0,0.0,0.0,0.0,0.0,0.0,0.0,0.0,2026-01-01,2026-01-31
2026-01-17,Demo Campaign 013,Demo Channel 001,Demo Category 021,0,,Winter,1.99,1,1,0.0,0.0,1.0,1.99,0.0,0.0,0.0,-1.99,2026-01-01,2026-01-31
2026-01-17,Demo Campaign 013,Demo Channel 001,Demo Category 030,0,,Winter,0.0,0,1,0.0,0.0,0.0,0.0,0.0,0.0,0.0,0.0,2026-01-01,2026-01-31
2026-01-17,Demo Campaign 008,Demo Channel 001,Demo Category 004,0,,Winter,84.07,17,223,0.0,0.0,0.0762331838565022,4.945294117647059,0.0,0.0,0.0,-84.07,2026-01-01,2026-01-31
2026-01-17,Demo Campaign 008,Demo Channel 001,Demo Category 003,0,,Winter,52.30878,10,107,0.0,0.0,0.0934579439252336,5.230878,0.0,0.0,0.0,-52.30878,2026-01-01,2026-01-31
2026-01-17,Demo Campaign 008,Demo Channel 001,Demo Category 005,0,,Winter,55.314258,12,198,0.0,0.0,0.0606060606060606,4.6095215000000005,0.0,0.0,0.0,-55.314258,2026-01-01,2026-01-31
2026-01-17,Demo Campaign 008,Demo Channel 001,Demo Category 015,0,,Winter,199.376035,35,566,0.0,0.0,0.0618374558303886,5.696458142857143,0.0,0.0,0.0,-199.376035,2026-01-01,2026-01-31
2026-01-17,Demo Campaign 008,Demo Channel 001,Demo Category 001,0,,Winter,22.2,4,27,0.0,0.0,0.1481481481481481,5.55,0.0,0.0,0.0,-22.2,2026-01-01,2026-01-31
2026-01-17,Demo Campaign 002,Demo Channel 001,Demo Category 023,0,,Winter,0.0,0,1,0.0,0.0,0.0,0.0,0.0,0.0,0.0,0.0,2026-01-01,2026-01-31
2026-01-17,Demo Campaign 002,Demo Channel 001,Demo Category 004,0,,Winter,47.192671,9,105,0.0,0.0,0.0857142857142857,5.243630111111111,0.0,0.0,0.0,-47.192671,2026-01-01,2026-01-31
2026-01-17,Demo Campaign 002,Demo Channel 001,Demo Category 003,0,,Winter,0.0,0,4,0.0,0.0,0.0,0.0,0.0,0.0,0.0,0.0,2026-01-01,2026-01-31
2026-01-17,Demo Campaign 002,Demo Channel 001,Demo Category 005,0,,Winter,0.0,0,4,0.0,0.0,0.0,0.0,0.0,0.0,0.0,0.0,2026-01-01,2026-01-31
2026-01-17,Demo Campaign 002,Demo Channel 001,Demo Category 001,0,,Winter,247.571493,38,220,0.0,0.0,0.1727272727272727,6.515039289473684,0.0,0.0,0.0,-247.571493,2026-01-01,2026-01-31
2026-01-17,Demo Campaign 015,Demo Channel 001,Demo Category 016,0,,Winter,135.671382,19,124,0.0,0.0,0.1532258064516129,7.140599052631579,0.0,0.0,0.0,-135.671382,2026-01-01,2026-01-31
2026-01-17,Demo Campaign 015,Demo Channel 001,Demo Category 008,0,,Winter,27.342424,4,48,0.0,0.0,0.0833333333333333,6.835606,0.0,0.0,0.0,-27.342424,2026-01-01,2026-01-31
2026-01-17,Demo Campaign 005,Demo Channel 001,Demo Category 004,0,,Winter,4.36,1,49,0.0,0.0,0.0204081632653061,4.36,0.0,0.0,0.0,-4.36,2026-01-01,2026-01-31
2026-01-17,Demo Campaign 005,Demo Channel 001,Demo Category 003,0,,Winter,17.72,2,5,0.0,0.0,0.4,8.86,0.0,0.0,0.0,-17.72,2026-01-01,2026-01-31
2026-01-17,Demo Campaign 005,Demo Channel 001,Demo Category 014,0,,Winter,5.6,2,23,0.0,0.0,0.0869565217391304,2.8,0.0,0.0,0.0,-5.6,2026-01-01,2026-01-31
2026-01-17,Demo Campaign 005,Demo Channel 001,Demo Category 005,0,,Winter,0.0,0,1,0.0,0.0,0.0,0.0,0.0,0.0,0.0,0.0,2026-01-01,2026-01-31
2026-01-17,Demo Campaign 005,Demo Channel 001,Demo Category 015,0,,Winter,0.0,0,33,0.0,0.0,0.0,0.0,0.0,0.0,0.0,0.0,2026-01-01,2026-01-31
2026-01-17,Demo Campaign 005,Demo Channel 001,Demo Category 001,0,,Winter,0.0,0,1,0.0,0.0,0.0,0.0,0.0,0.0,0.0,0.0,2026-01-01,2026-01-31
2026-01-17,Demo Campaign 011,Demo Channel 001,Demo Category 004,0,,Winter,1.96,1,4,0.0,0.0,0.25,1.96,0.0,0.0,0.0,-1.96,2026-01-01,2026-01-31
2026-01-17,Demo Campaign 011,Demo Channel 001,Demo Category 005,0,,Winter,0.0,0,1,0.0,0.0,0.0,0.0,0.0,0.0,0.0,0.0,2026-01-01,2026-01-31
2026-01-17,Demo Campaign 011,Demo Channel 001,Demo Category 029,0,,Winter,0.0,0,1,0.0,0.0,0.0,0.0,0.0,0.0,0.0,0.0,2026-01-01,2026-01-31
2026-01-17,Demo Campaign 004,Demo Channel 001,Demo Category 004,0,,Winter,74.841996,6,74,0.0,0.0,0.081081081081081,12.473666,0.0,0.0,0.0,-74.841996,2026-01-01,2026-01-31
2026-01-17,Demo Campaign 004,Demo Channel 001,Demo Category 003,0,,Winter,35.1,4,140,0.0,0.0,0.0285714285714285,8.775,0.0,0.0,0.0,-35.1,2026-01-01,2026-01-31
2026-01-17,Demo Campaign 004,Demo Channel 001,Demo Category 005,0,,Winter,50.47,6,154,0.0,0.0,0.0389610389610389,8.411666666666667,0.0,0.0,0.0,-50.47,2026-01-01,2026-01-31
2026-01-17,Demo Campaign 004,Demo Channel 001,Demo Category 015,0,,Winter,52.07,8,293,0.0,0.0,0.0273037542662116,6.50875,0.0,0.0,0.0,-52.07,2026-01-01,2026-01-31
2026-01-17,Demo Campaign 004,Demo Channel 001,Demo Category 001,0,,Winter,0.0,0,2,0.0,0.0,0.0,0.0,0.0,0.0,0.0,0.0,2026-01-01,2026-01-31
2026-01-17,Demo Campaign 016,Demo Channel 001,Demo Category 018,0,,Winter,1.63,1,5,0.0,0.0,0.2,1.63,0.0,0.0,0.0,-1.63,2026-01-01,2026-01-31
2026-01-17,Demo Campaign 016,Demo Channel 001,Demo Category 020,0,,Winter,0.0,0,1,0.0,0.0,0.0,0.0,0.0,0.0,0.0,0.0,2026-01-01,2026-01-31
2026-01-17,Demo Campaign 016,Demo Channel 001,Demo Category 009,0,,Winter,0.0,0,3,0.0,0.0,0.0,0.0,0.0,0.0,0.0,0.0,2026-01-01,2026-01-31
2026-01-17,Demo Campaign 017,Demo Channel 002,Demo Category 010,0,,Winter,99.696631,87,9971,0.0,0.0,0.0087253033798014,1.1459382873563215,0.0,0.0,0.0,-99.696631,2026-01-01,2026-01-31
2026-01-17,Demo Campaign 018,Demo Channel 002,Demo Category 011,0,,Winter,105.265085,146,7321,0.0,0.0,0.0199426307881436,0.7209937328767123,0.0,0.0,0.0,-105.265085,2026-01-01,2026-01-31
2026-01-17,Demo Campaign 019,Demo Channel 002,Demo Category 012,0,,Winter,109.770457,43,2761,0.0,0.0,0.015574067366896,2.5528013255813957,0.0,0.0,0.0,-109.770457,2026-01-01,2026-01-31
2026-01-18,Demo Campaign 020,Demo Channel 003,Demo Category 010,0,,Winter,50.546263,9,2614,0.0,0.0,0.003442999234889,5.616251444444445,0.0,0.0,0.0,-50.546263,2026-01-01,2026-01-31
2026-01-18,Demo Campaign 020,Demo Channel 003,Demo Category 012,0,,Winter,51.785682,7,2302,0.0,0.0,0.0030408340573414,7.3979545714285715,0.0,0.0,0.0,-51.785682,2026-01-01,2026-01-31
2026-01-18,Demo Campaign 007,Demo Channel 001,Demo Category 004,0,,Winter,65.277889,19,79,0.0,0.0,0.240506329113924,3.435678368421053,0.0,0.0,0.0,-65.277889,2026-01-01,2026-01-31
2026-01-18,Demo Campaign 007,Demo Channel 001,Demo Category 003,0,,Winter,74.405023,23,72,0.0,0.0,0.3194444444444444,3.235001,0.0,0.0,0.0,-74.405023,2026-01-01,2026-01-31
2026-01-18,Demo Campaign 007,Demo Channel 001,Demo Category 014,0,,Winter,534.655723,147,794,3.077106,4945.5768983,0.1851385390428211,3.6371137619047618,0.020932693877551,173.75278037220684,9.250021435382637,4410.9211753,2026-01-01,2026-01-31
2026-01-18,Demo Campaign 007,Demo Channel 001,Demo Category 005,0,,Winter,149.563088,38,99,0.0,0.0,0.3838383838383838,3.935870736842105,0.0,0.0,0.0,-149.563088,2026-01-01,2026-01-31
2026-01-18,Demo Campaign 007,Demo Channel 001,Demo Category 015,0,,Winter,206.538981,45,200,0.0,0.0,0.225,4.589755133333333,0.0,0.0,0.0,-206.538981,2026-01-01,2026-01-31
2026-01-18,Demo Campaign 001,Demo Channel 001,Demo Category 004,0,,Winter,2.29,1,3,0.0,0.0,0.3333333333333333,2.29,0.0,0.0,0.0,-2.29,2026-01-01,2026-01-31
2026-01-18,Demo Campaign 001,Demo Channel 001,Demo Category 003,0,,Winter,12.25,6,12,2.0,4279.74,0.5,2.0416666666666665,0.3333333333333333,6.125,349.3665306122449,4267.49,2026-01-01,2026-01-31
2026-01-18,Demo Campaign 001,Demo Channel 001,Demo Category 005,0,,Winter,0.0,0,1,0.0,0.0,0.0,0.0,0.0,0.0,0.0,0.0,2026-01-01,2026-01-31
2026-01-18,Demo Campaign 001,Demo Channel 001,Demo Category 001,0,,Winter,150.434604,71,176,1.785308,4195.00961992,0.4034090909090909,2.11879723943662,0.0251451830985915,84.26254965529758,27.88593520623752,4044.57501592,2026-01-01,2026-01-31
2026-01-18,Demo Campaign 014,Demo Channel 001,Demo Category 023,0,,Winter,37.646253,10,72,0.0,0.0,0.1388888888888889,3.7646253,0.0,0.0,0.0,-37.646253,2026-01-01,2026-01-31
2026-01-18,Demo Campaign 014,Demo Channel 001,Demo Category 007,0,,Winter,27.72,9,46,0.0,0.0,0.1956521739130435,3.08,0.0,0.0,0.0,-27.72,2026-01-01,2026-01-31
2026-01-18,Demo Campaign 012,Demo Channel 001,Demo Category 004,0,,Winter,8.57,2,3,0.0,0.0,0.6666666666666666,4.285,0.0,0.0,0.0,-8.57,2026-01-01,2026-01-31
2026-01-18,Demo Campaign 012,Demo Channel 001,Demo Category 003,0,,Winter,31.03,6,6,0.0,0.0,1.0,5.171666666666667,0.0,0.0,0.0,-31.03,2026-01-01,2026-01-31
2026-01-18,Demo Campaign 012,Demo Channel 001,Demo Category 014,0,,Winter,12.890651,4,18,0.0,0.0,0.2222222222222222,3.22266275,0.0,0.0,0.0,-12.890651,2026-01-01,2026-01-31
2026-01-18,Demo Campaign 012,Demo Channel 001,Demo Category 005,0,,Winter,31.29,5,22,0.0,0.0,0.2272727272727272,6.258,0.0,0.0,0.0,-31.29,2026-01-01,2026-01-31
2026-01-18,Demo Campaign 012,Demo Channel 001,Demo Category 015,0,,Winter,0.0,0,5,0.0,0.0,0.0,0.0,0.0,0.0,0.0,0.0,2026-01-01,2026-01-31
2026-01-18,Demo Campaign 012,Demo Channel 001,Demo Category 001,0,,Winter,0.0,0,6,0.0,0.0,0.0,0.0,0.0,0.0,0.0,0.0,2026-01-01,2026-01-31
2026-01-18,Demo Campaign 009,Demo Channel 001,Demo Category 014,0,,Winter,48.9,10,31,0.0,0.0,0.3225806451612903,4.89,0.0,0.0,0.0,-48.9,2026-01-01,2026-01-31
2026-01-18,Demo Campaign 009,Demo Channel 001,Demo Category 005,0,,Winter,11.078845,4,13,0.0,0.0,0.3076923076923077,2.76971125,0.0,0.0,0.0,-11.078845,2026-01-01,2026-01-31
2026-01-18,Demo Campaign 009,Demo Channel 001,Demo Category 015,0,,Winter,107.538647,8,30,0.0,0.0,0.2666666666666666,13.442330875,0.0,0.0,0.0,-107.538647,2026-01-01,2026-01-31
2026-01-18,Demo Campaign 006,Demo Channel 001,Demo Category 003,0,,Winter,105.512325,13,23,0.0,0.0,0.5652173913043478,8.116332692307692,0.0,0.0,0.0,-105.512325,2026-01-01,2026-01-31
2026-01-18,Demo Campaign 006,Demo Channel 001,Demo Category 014,0,,Winter,52.120639,8,13,0.0,0.0,0.6153846153846154,6.515079875,0.0,0.0,0.0,-52.120639,2026-01-01,2026-01-31
2026-01-18,Demo Campaign 006,Demo Channel 001,Demo Category 005,0,,Winter,0.0,0,2,0.0,0.0,0.0,0.0,0.0,0.0,0.0,0.0,2026-01-01,2026-01-31
2026-01-18,Demo Campaign 006,Demo Channel 001,Demo Category 015,0,,Winter,72.187891,10,13,0.0,0.0,0.7692307692307693,7.218789099999999,0.0,0.0,0.0,-72.187891,2026-01-01,2026-01-31
2026-01-18,Demo Campaign 006,Demo Channel 001,Demo Category 001,0,,Winter,0.0,0,1,0.0,0.0,0.0,0.0,0.0,0.0,0.0,0.0,2026-01-01,2026-01-31
2026-01-18,Demo Campaign 010,Demo Channel 001,Demo Category 003,0,,Winter,0.0,0,2,0.0,0.0,0.0,0.0,0.0,0.0,0.0,0.0,2026-01-01,2026-01-31
2026-01-18,Demo Campaign 010,Demo Channel 001,Demo Category 014,0,,Winter,4.24,2,16,0.0,0.0,0.125,2.12,0.0,0.0,0.0,-4.24,2026-01-01,2026-01-31
2026-01-18,Demo Campaign 010,Demo Channel 001,Demo Category 005,0,,Winter,234.649162,54,449,0.0,0.0,0.1202672605790645,4.345354851851852,0.0,0.0,0.0,-234.649162,2026-01-01,2026-01-31
2026-01-18,Demo Campaign 003,Demo Channel 001,Demo Category 013,0,,Winter,1308.597913,1108,2499,37.221858,90097.629147477,0.4433773509403761,1.1810450478339352,0.0335937346570397,35.15670585278145,68.85050652489998,88789.03123447699,2026-01-01,2026-01-31
2026-01-18,Demo Campaign 003,Demo Channel 001,Demo Category 017,0,,Winter,12.065237,7,106,0.0,0.0,0.0660377358490566,1.7236052857142856,0.0,0.0,0.0,-12.065237,2026-01-01,2026-01-31
2026-01-18,Demo Campaign 003,Demo Channel 001,Demo Category 031,0,,Winter,0.0,0,11,0.0,0.0,0.0,0.0,0.0,0.0,0.0,0.0,2026-01-01,2026-01-31
2026-01-18,Demo Campaign 003,Demo Channel 001,Demo Category 002,0,,Winter,65.25166,38,120,1.0,1260.4,0.3166666666666666,1.7171489473684212,0.0263157894736842,65.25166,19.31598368531927,1195.1483400000002,2026-01-01,2026-01-31
2026-01-18,Demo Campaign 013,Demo Channel 001,Demo Category 021,0,,Winter,0.0,0,2,0.0,0.0,0.0,0.0,0.0,0.0,0.0,0.0,2026-01-01,2026-01-31
2026-01-18,Demo Campaign 013,Demo Channel 001,Demo Category 006,0,,Winter,1.86,1,2,0.0,0.0,0.5,1.86,0.0,0.0,0.0,-1.86,2026-01-01,2026-01-31
2026-01-18,Demo Campaign 008,Demo Channel 001,Demo Category 004,0,,Winter,138.41395,19,173,0.0,0.0,0.1098265895953757,7.284944736842105,0.0,0.0,0.0,-138.41395,2026-01-01,2026-01-31
2026-01-18,Demo Campaign 008,Demo Channel 001,Demo Category 003,0,,Winter,43.545097,4,90,0.0,0.0,0.0444444444444444,10.88627425,0.0,0.0,0.0,-43.545097,2026-01-01,2026-01-31
2026-01-18,Demo Campaign 008,Demo Channel 001,Demo Category 005,0,,Winter,74.52,12,131,0.0,0.0,0.0916030534351145,6.21,0.0,0.0,0.0,-74.52,2026-01-01,2026-01-31
2026-01-18,Demo Campaign 008,Demo Channel 001,Demo Category 015,0,,Winter,170.786019,28,355,0.0,0.0,0.0788732394366197,6.099500678571429,0.0,0.0,0.0,-170.786019,2026-01-01,2026-01-31
2026-01-18,Demo Campaign 008,Demo Channel 001,Demo Category 001,0,,Winter,16.3,4,15,0.0,0.0,0.2666666666666666,4.075,0.0,0.0,0.0,-16.3,2026-01-01,2026-01-31
2026-01-18,Demo Campaign 002,Demo Channel 001,Demo Category 023,0,,Winter,0.0,0,1,0.0,0.0,0.0,0.0,0.0,0.0,0.0,0.0,2026-01-01,2026-01-31
2026-01-18,Demo Campaign 002,Demo Channel 001,Demo Category 004,0,,Winter,65.73,7,70,0.0,0.0,0.1,9.39,0.0,0.0,0.0,-65.73,2026-01-01,2026-01-31
2026-01-18,Demo Campaign 002,Demo Channel 001,Demo Category 005,0,,Winter,0.0,0,1,0.0,0.0,0.0,0.0,0.0,0.0,0.0,0.0,2026-01-01,2026-01-31
2026-01-18,Demo Campaign 002,Demo Channel 001,Demo Category 001,0,,Winter,168.288825,35,182,0.0,0.0,0.1923076923076923,4.808252142857143,0.0,0.0,0.0,-168.288825,2026-01-01,2026-01-31
2026-01-18,Demo Campaign 015,Demo Channel 001,Demo Category 016,0,,Winter,44.390232,8,103,0.0,0.0,0.0776699029126213,5.548779,0.0,0.0,0.0,-44.390232,2026-01-01,2026-01-31
2026-01-18,Demo Campaign 015,Demo Channel 001,Demo Category 008,0,,Winter,7.81,1,36,0.0,0.0,0.0277777777777777,7.81,0.0,0.0,0.0,-7.81,2026-01-01,2026-01-31
2026-01-18,Demo Campaign 005,Demo Channel 001,Demo Category 004,0,,Winter,13.0,3,50,0.0,0.0,0.06,4.333333333333333,0.0,0.0,0.0,-13.0,2026-01-01,2026-01-31
2026-01-18,Demo Campaign 005,Demo Channel 001,Demo Category 003,0,,Winter,0.0,0,7,0.0,0.0,0.0,0.0,0.0,0.0,0.0,0.0,2026-01-01,2026-01-31
2026-01-18,Demo Campaign 005,Demo Channel 001,Demo Category 014,0,,Winter,10.41,1,29,0.0,0.0,0.0344827586206896,10.41,0.0,0.0,0.0,-10.41,2026-01-01,2026-01-31
2026-01-18,Demo Campaign 005,Demo Channel 001,Demo Category 005,0,,Winter,4.36,1,2,0.0,0.0,0.5,4.36,0.0,0.0,0.0,-4.36,2026-01-01,2026-01-31
2026-01-18,Demo Campaign 005,Demo Channel 001,Demo Category 015,0,,Winter,0.0,0,41,0.0,0.0,0.0,0.0,0.0,0.0,0.0,0.0,2026-01-01,2026-01-31
2026-01-18,Demo Campaign 011,Demo Channel 001,Demo Category 004,0,,Winter,0.0,0,1,0.0,0.0,0.0,0.0,0.0,0.0,0.0,0.0,2026-01-01,2026-01-31
2026-01-18,Demo Campaign 011,Demo Channel 001,Demo Category 003,0,,Winter,0.0,0,1,0.0,0.0,0.0,0.0,0.0,0.0,0.0,0.0,2026-01-01,2026-01-31
2026-01-18,Demo Campaign 011,Demo Channel 001,Demo Category 005,0,,Winter,0.0,0,10,0.0,0.0,0.0,0.0,0.0,0.0,0.0,0.0,2026-01-01,2026-01-31
2026-01-18,Demo Campaign 011,Demo Channel 001,Demo Category 015,0,,Winter,0.0,0,1,0.0,0.0,0.0,0.0,0.0,0.0,0.0,0.0,2026-01-01,2026-01-31
2026-01-18,Demo Campaign 004,Demo Channel 001,Demo Category 004,0,,Winter,17.2,3,64,0.0,0.0,0.046875,5.733333333333333,0.0,0.0,0.0,-17.2,2026-01-01,2026-01-31
2026-01-18,Demo Campaign 004,Demo Channel 001,Demo Category 003,0,,Winter,14.98,1,120,0.0,0.0,0.0083333333333333,14.98,0.0,0.0,0.0,-14.98,2026-01-01,2026-01-31
2026-01-18,Demo Campaign 004,Demo Channel 001,Demo Category 005,0,,Winter,32.81,7,146,0.0,0.0,0.047945205479452,4.687142857142858,0.0,0.0,0.0,-32.81,2026-01-01,2026-01-31
2026-01-18,Demo Campaign 004,Demo Channel 001,Demo Category 015,0,,Winter,104.184445,12,282,0.0,0.0,0.0425531914893617,8.682037083333332,0.0,0.0,0.0,-104.184445,2026-01-01,2026-01-31
2026-01-18,Demo Campaign 004,Demo Channel 001,Demo Category 001,0,,Winter,0.0,0,5,0.0,0.0,0.0,0.0,0.0,0.0,0.0,0.0,2026-01-01,2026-01-31
2026-01-18,Demo Campaign 016,Demo Channel 001,Demo Category 018,0,,Winter,2.807938,2,14,0.0,0.0,0.1428571428571428,1.403969,0.0,0.0,0.0,-2.807938,2026-01-01,2026-01-31
2026-01-18,Demo Campaign 016,Demo Channel 001,Demo Category 019,0,,Winter,0.0,0,1,0.0,0.0,0.0,0.0,0.0,0.0,0.0,0.0,2026-01-01,2026-01-31
2026-01-18,Demo Campaign 016,Demo Channel 001,Demo Category 026,0,,Winter,0.0,0,1,0.0,0.0,0.0,0.0,0.0,0.0,0.0,0.0,2026-01-01,2026-01-31
2026-01-18,Demo Campaign 016,Demo Channel 001,Demo Category 009,0,,Winter,0.0,0,11,0.0,0.0,0.0,0.0,0.0,0.0,0.0,0.0,2026-01-01,2026-01-31
2026-01-18,Demo Campaign 016,Demo Channel 001,Demo Category 022,0,,Winter,0.0,0,1,0.0,0.0,0.0,0.0,0.0,0.0,0.0,0.0,2026-01-01,2026-01-31
2026-01-18,Demo Campaign 017,Demo Channel 002,Demo Category 010,0,,Winter,108.240758,81,14015,0.0,0.0,0.0057795219407777,1.3363056543209877,0.0,0.0,0.0,-108.240758,2026-01-01,2026-01-31
2026-01-18,Demo Campaign 018,Demo Channel 002,Demo Category 011,0,,Winter,12.108899,19,1014,0.0,0.0,0.0187376725838264,0.6373104736842105,0.0,0.0,0.0,-12.108899,2026-01-01,2026-01-31
2026-01-18,Demo Campaign 019,Demo Channel 002,Demo Category 012,0,,Winter,102.845153,48,1888,0.0,0.0,0.0254237288135593,2.1426073541666666,0.0,0.0,0.0,-102.845153,2026-01-01,2026-01-31
2026-01-19,Demo Campaign 020,Demo Channel 003,Demo Category 010,0,,Winter,52.585034,10,2731,0.0,0.0,0.0036616623947272,5.2585034,0.0,0.0,0.0,-52.585034,2026-01-01,2026-01-31
2026-01-19,Demo Campaign 020,Demo Channel 003,Demo Category 012,0,,Winter,49.409009,6,2460,0.0,0.0,0.0024390243902439,8.234834833333332,0.0,0.0,0.0,-49.409009,2026-01-01,2026-01-31
2026-01-19,Demo Campaign 007,Demo Channel 001,Demo Category 004,0,,Winter,41.920202,15,68,0.0,0.0,0.2205882352941176,2.7946801333333338,0.0,0.0,0.0,-41.920202,2026-01-01,2026-01-31
2026-01-19,Demo Campaign 007,Demo Channel 001,Demo Category 003,0,,Winter,151.262049,36,117,0.0,0.0,0.3076923076923077,4.201723583333333,0.0,0.0,0.0,-151.262049,2026-01-01,2026-01-31
2026-01-19,Demo Campaign 007,Demo Channel 001,Demo Category 014,0,,Winter,714.381403,194,966,2.144012,2554.07141488,0.2008281573498964,3.682378365979381,0.0110516082474226,333.1984163334907,3.575221029206999,1839.69001188,2026-01-01,2026-01-31
2026-01-19,Demo Campaign 007,Demo Channel 001,Demo Category 005,0,,Winter,120.639556,32,134,0.125,149.9875,0.2388059701492537,3.769986125,0.00390625,965.116448,1.243269661900944,29.34794400000001,2026-01-01,2026-01-31
2026-01-19,Demo Campaign 007,Demo Channel 001,Demo Category 015,0,,Winter,213.372635,49,284,0.0,0.0,0.1725352112676056,4.354543571428572,0.0,0.0,0.0,-213.372635,2026-01-01,2026-01-31
2026-01-19,Demo Campaign 001,Demo Channel 001,Demo Category 004,0,,Winter,1.83,1,4,0.0,0.0,0.25,1.83,0.0,0.0,0.0,-1.83,2026-01-01,2026-01-31
2026-01-19,Demo Campaign 001,Demo Channel 001,Demo Category 003,0,,Winter,7.09,3,9,2.0,2785.3,0.3333333333333333,2.3633333333333333,0.6666666666666666,3.545,392.84908321579695,2778.21,2026-01-01,2026-01-31
2026-01-19,Demo Campaign 001,Demo Channel 001,Demo Category 005,0,,Winter,0.0,0,6,0.0,0.0,0.0,0.0,0.0,0.0,0.0,0.0,2026-01-01,2026-01-31
2026-01-19,Demo Campaign 001,Demo Channel 001,Demo Category 001,0,,Winter,130.545681,64,185,0.046515,148.838697,0.3459459459459459,2.039776265625,0.000726796875,2806.528668171557,1.1401273168125723,18.293015999999994,2026-01-01,2026-01-31
2026-01-19,Demo Campaign 014,Demo Channel 001,Demo Category 023,0,,Winter,40.616224,10,146,0.0,0.0,0.0684931506849315,4.0616224,0.0,0.0,0.0,-40.616224,2026-01-01,2026-01-31
2026-01-19,Demo Campaign 014,Demo Channel 001,Demo Category 007,0,,Winter,79.281588,23,115,0.0,0.0,0.2,3.447025565217391,0.0,0.0,0.0,-79.281588,2026-01-01,2026-01-31
2026-01-19,Demo Campaign 012,Demo Channel 001,Demo Category 004,0,,Winter,1.51,1,1,0.0,0.0,1.0,1.51,0.0,0.0,0.0,-1.51,2026-01-01,2026-01-31
2026-01-19,Demo Campaign 012,Demo Channel 001,Demo Category 003,0,,Winter,105.31372,7,25,0.0,0.0,0.28,15.04481714285714,0.0,0.0,0.0,-105.31372,2026-01-01,2026-01-31
2026-01-19,Demo Campaign 012,Demo Channel 001,Demo Category 014,0,,Winter,13.72,5,18,0.0,0.0,0.2777777777777778,2.744,0.0,0.0,0.0,-13.72,2026-01-01,2026-01-31
2026-01-19,Demo Campaign 012,Demo Channel 001,Demo Category 005,0,,Winter,0.0,0,19,0.0,0.0,0.0,0.0,0.0,0.0,0.0,0.0,2026-01-01,2026-01-31
2026-01-19,Demo Campaign 012,Demo Channel 001,Demo Category 015,0,,Winter,0.0,0,4,0.0,0.0,0.0,0.0,0.0,0.0,0.0,0.0,2026-01-01,2026-01-31
2026-01-19,Demo Campaign 009,Demo Channel 001,Demo Category 014,0,,Winter,153.69,10,64,0.0,0.0,0.15625,15.369,0.0,0.0,0.0,-153.69,2026-01-01,2026-01-31
2026-01-19,Demo Campaign 009,Demo Channel 001,Demo Category 005,0,,Winter,41.06,5,29,0.0,0.0,0.1724137931034483,8.212,0.0,0.0,0.0,-41.06,2026-01-01,2026-01-31
2026-01-19,Demo Campaign 009,Demo Channel 001,Demo Category 015,0,,Winter,12.42,3,25,0.0,0.0,0.12,4.14,0.0,0.0,0.0,-12.42,2026-01-01,2026-01-31
2026-01-19,Demo Campaign 006,Demo Channel 001,Demo Category 003,0,,Winter,84.1,13,32,0.0,0.0,0.40625,6.4692307692307685,0.0,0.0,0.0,-84.1,2026-01-01,2026-01-31
2026-01-19,Demo Campaign 006,Demo Channel 001,Demo Category 014,0,,Winter,30.24,7,30,0.0,0.0,0.2333333333333333,4.319999999999999,0.0,0.0,0.0,-30.24,2026-01-01,2026-01-31
2026-01-19,Demo Campaign 006,Demo Channel 001,Demo Category 005,0,,Winter,43.760000000000005,7,12,0.0,0.0,0.5833333333333334,6.251428571428572,0.0,0.0,0.0,-43.760000000000005,2026-01-01,2026-01-31
2026-01-19,Demo Campaign 006,Demo Channel 001,Demo Category 015,0,,Winter,20.94607,2,14,0.0,0.0,0.1428571428571428,10.473035,0.0,0.0,0.0,-20.94607,2026-01-01,2026-01-31
2026-01-19,Demo Campaign 010,Demo Channel 001,Demo Category 003,0,,Winter,1.45,1,3,0.0,0.0,0.3333333333333333,1.45,0.0,0.0,0.0,-1.45,2026-01-01,2026-01-31
2026-01-19,Demo Campaign 010,Demo Channel 001,Demo Category 014,0,,Winter,28.37,9,22,0.0,0.0,0.4090909090909091,3.1522222222222225,0.0,0.0,0.0,-28.37,2026-01-01,2026-01-31
2026-01-19,Demo Campaign 010,Demo Channel 001,Demo Category 005,0,,Winter,148.368802,38,209,1.0,3099.84,0.1818181818181818,3.904442157894736,0.0263157894736842,148.368802,20.89280197868013,2951.471198,2026-01-01,2026-01-31
2026-01-19,Demo Campaign 003,Demo Channel 001,Demo Category 013,0,,Winter,1455.082317,1181,2675,34.370671,60313.295721472,0.4414953271028037,1.2320764750211686,0.0291030237087214,42.33499884247241,41.45009187234319,58858.213404472,2026-01-01,2026-01-31
2026-01-19,Demo Campaign 003,Demo Channel 001,Demo Category 017,0,,Winter,17.817952,9,114,0.0,0.0,0.0789473684210526,1.979772444444444,0.0,0.0,0.0,-17.817952,2026-01-01,2026-01-31
2026-01-19,Demo Campaign 003,Demo Channel 001,Demo Category 031,0,,Winter,3.85,2,17,0.0,0.0,0.1176470588235294,1.925,0.0,0.0,0.0,-3.85,2026-01-01,2026-01-31
2026-01-19,Demo Campaign 003,Demo Channel 001,Demo Category 002,0,,Winter,60.688734,33,111,2.0,2599.8,0.2972972972972973,1.8390525454545452,0.0606060606060606,30.344367,42.83826385305715,2539.1112660000003,2026-01-01,2026-01-31
2026-01-19,Demo Campaign 013,Demo Channel 001,Demo Category 021,0,,Winter,0.0,0,5,0.0,0.0,0.0,0.0,0.0,0.0,0.0,0.0,2026-01-01,2026-01-31
2026-01-19,Demo Campaign 013,Demo Channel 001,Demo Category 030,0,,Winter,0.0,0,1,0.0,0.0,0.0,0.0,0.0,0.0,0.0,0.0,2026-01-01,2026-01-31
2026-01-19,Demo Campaign 008,Demo Channel 001,Demo Category 004,0,,Winter,132.799146,25,330,2.0,2999.8,0.0757575757575757,5.31196584,0.08,66.399573,22.58900068529055,2867.0008540000003,2026-01-01,2026-01-31
2026-01-19,Demo Campaign 008,Demo Channel 001,Demo Category 003,0,,Winter,62.365298,11,177,0.0,0.0,0.0621468926553672,5.669572545454546,0.0,0.0,0.0,-62.365298,2026-01-01,2026-01-31
2026-01-19,Demo Campaign 008,Demo Channel 001,Demo Category 005,0,,Winter,76.791777,17,269,0.0,0.0,0.0631970260223048,4.517163352941176,0.0,0.0,0.0,-76.791777,2026-01-01,2026-01-31
2026-01-19,Demo Campaign 008,Demo Channel 001,Demo Category 015,0,,Winter,176.667621,47,727,1.0,2069.7,0.0646492434662998,3.758885553191489,0.0212765957446808,176.667621,11.715219734577168,1893.032379,2026-01-01,2026-01-31
2026-01-19,Demo Campaign 008,Demo Channel 001,Demo Category 001,0,,Winter,42.92,13,94,0.0,0.0,0.1382978723404255,3.301538461538461,0.0,0.0,0.0,-42.92,2026-01-01,2026-01-31
2026-01-19,Demo Campaign 002,Demo Channel 001,Demo Category 023,0,,Winter,0.0,0,1,0.0,0.0,0.0,0.0,0.0,0.0,0.0,0.0,2026-01-01,2026-01-31
2026-01-19,Demo Campaign 002,Demo Channel 001,Demo Category 004,0,,Winter,70.180447,14,88,0.0,0.0,0.1590909090909091,5.012889071428572,0.0,0.0,0.0,-70.180447,2026-01-01,2026-01-31
2026-01-19,Demo Campaign 002,Demo Channel 001,Demo Category 003,0,,Winter,5.04,1,4,0.0,0.0,0.25,5.04,0.0,0.0,0.0,-5.04,2026-01-01,2026-01-31
2026-01-19,Demo Campaign 002,Demo Channel 001,Demo Category 005,0,,Winter,0.0,0,3,0.0,0.0,0.0,0.0,0.0,0.0,0.0,0.0,2026-01-01,2026-01-31
2026-01-19,Demo Campaign 002,Demo Channel 001,Demo Category 001,0,,Winter,162.569486,24,194,0.0,0.0,0.1237113402061855,6.773728583333334,0.0,0.0,0.0,-162.569486,2026-01-01,2026-01-31
2026-01-19,Demo Campaign 015,Demo Channel 001,Demo Category 016,0,,Winter,169.476453,24,190,0.0,0.0,0.1263157894736842,7.061518875,0.0,0.0,0.0,-169.476453,2026-01-01,2026-01-31
2026-01-19,Demo Campaign 015,Demo Channel 001,Demo Category 008,0,,Winter,32.638004,4,31,0.0,0.0,0.1290322580645161,8.159501,0.0,0.0,0.0,-32.638004,2026-01-01,2026-01-31
2026-01-19,Demo Campaign 005,Demo Channel 001,Demo Category 004,0,,Winter,17.331829,2,16,0.0,0.0,0.125,8.6659145,0.0,0.0,0.0,-17.331829,2026-01-01,2026-01-31
2026-01-19,Demo Campaign 005,Demo Channel 001,Demo Category 003,0,,Winter,0.0,0,3,0.0,0.0,0.0,0.0,0.0,0.0,0.0,0.0,2026-01-01,2026-01-31
2026-01-19,Demo Campaign 005,Demo Channel 001,Demo Category 014,0,,Winter,0.0,0,17,0.0,0.0,0.0,0.0,0.0,0.0,0.0,0.0,2026-01-01,2026-01-31
2026-01-19,Demo Campaign 005,Demo Channel 001,Demo Category 015,0,,Winter,6.34,1,6,0.0,0.0,0.1666666666666666,6.34,0.0,0.0,0.0,-6.34,2026-01-01,2026-01-31
2026-01-19,Demo Campaign 011,Demo Channel 001,Demo Category 004,0,,Winter,0.0,0,1,0.0,0.0,0.0,0.0,0.0,0.0,0.0,0.0,2026-01-01,2026-01-31
2026-01-19,Demo Campaign 011,Demo Channel 001,Demo Category 003,0,,Winter,0.0,0,1,0.0,0.0,0.0,0.0,0.0,0.0,0.0,0.0,2026-01-01,2026-01-31
2026-01-19,Demo Campaign 004,Demo Channel 001,Demo Category 004,0,,Winter,7.74,1,30,0.0,0.0,0.0333333333333333,7.74,0.0,0.0,0.0,-7.74,2026-01-01,2026-01-31
2026-01-19,Demo Campaign 004,Demo Channel 001,Demo Category 003,0,,Winter,23.21,4,70,0.0,0.0,0.0571428571428571,5.802499999999999,0.0,0.0,0.0,-23.21,2026-01-01,2026-01-31
2026-01-19,Demo Campaign 004,Demo Channel 001,Demo Category 005,0,,Winter,29.32,6,81,0.0,0.0,0.074074074074074,4.886666666666667,0.0,0.0,0.0,-29.32,2026-01-01,2026-01-31
2026-01-19,Demo Campaign 004,Demo Channel 001,Demo Category 015,0,,Winter,53.8,9,130,0.0,0.0,0.0692307692307692,5.977777777777778,0.0,0.0,0.0,-53.8,2026-01-01,2026-01-31
2026-01-19,Demo Campaign 004,Demo Channel 001,Demo Category 001,0,,Winter,0.0,0,1,0.0,0.0,0.0,0.0,0.0,0.0,0.0,0.0,2026-01-01,2026-01-31
2026-01-19,Demo Campaign 016,Demo Channel 001,Demo Category 018,0,,Winter,0.0,0,2,0.0,0.0,0.0,0.0,0.0,0.0,0.0,0.0,2026-01-01,2026-01-31
2026-01-19,Demo Campaign 016,Demo Channel 001,Demo Category 009,0,,Winter,0.0,0,5,0.0,0.0,0.0,0.0,0.0,0.0,0.0,0.0,2026-01-01,2026-01-31
2026-01-19,Demo Campaign 017,Demo Channel 002,Demo Category 010,0,,Winter,102.786728,75,10299,0.0,0.0,0.0072822604136323,1.3704897066666666,0.0,0.0,0.0,-102.786728,2026-01-01,2026-01-31
2026-01-19,Demo Campaign 018,Demo Channel 002,Demo Category 011,0,,Winter,61.747829,72,4941,0.0,0.0,0.0145719489981785,0.8576087361111111,0.0,0.0,0.0,-61.747829,2026-01-01,2026-01-31
2026-01-19,Demo Campaign 019,Demo Channel 002,Demo Category 012,0,,Winter,100.230033,48,3335,0.0,0.0,0.0143928035982009,2.0881256875000003,0.0,0.0,0.0,-100.230033,2026-01-01,2026-01-31
2026-01-20,Demo Campaign 020,Demo Channel 003,Demo Category 010,0,,Winter,34.762474,6,1713,0.0,0.0,0.0035026269702276,5.793745666666666,0.0,0.0,0.0,-34.762474,2026-01-01,2026-01-31
2026-01-20,Demo Campaign 020,Demo Channel 003,Demo Category 012,0,,Winter,66.113997,30,4871,0.0,0.0,0.0061588996099363,2.2037999,0.0,0.0,0.0,-66.113997,2026-01-01,2026-01-31
2026-01-20,Demo Campaign 007,Demo Channel 001,Demo Category 004,0,,Winter,62.414436,16,67,0.0,0.0,0.2388059701492537,3.90090225,0.0,0.0,0.0,-62.414436,2026-01-01,2026-01-31
2026-01-20,Demo Campaign 007,Demo Channel 001,Demo Category 003,0,,Winter,103.380235,31,98,1.0,1299.9,0.3163265306122449,3.3348462903225804,0.032258064516129,103.380235,12.573970256500193,1196.519765,2026-01-01,2026-01-31
2026-01-20,Demo Campaign 007,Demo Channel 001,Demo Category 014,0,,Winter,502.748008,157,736,1.0,1399.9,0.2133152173913043,3.2022166114649684,0.0063694267515923,502.748008,2.7844963634346214,897.1519920000001,2026-01-01,2026-01-31
2026-01-20,Demo Campaign 007,Demo Channel 001,Demo Category 005,0,,Winter,145.033032,38,114,0.050812,79.7646776,0.3333333333333333,3.816658736842105,0.0013371578947368,2854.306699204912,0.5499759365163103,-65.26835439999999,2026-01-01,2026-01-31
2026-01-20,Demo Campaign 007,Demo Channel 001,Demo Category 015,0,,Winter,228.305157,43,229,1.0,999.9,0.1877729257641921,5.309422255813954,0.0232558139534883,228.305157,4.379664538195254,771.594843,2026-01-01,2026-01-31
2026-01-20,Demo Campaign 001,Demo Channel 001,Demo Category 004,0,,Winter,2.22,1,2,0.0,0.0,0.5,2.22,0.0,0.0,0.0,-2.22,2026-01-01,2026-01-31
2026-01-20,Demo Campaign 001,Demo Channel 001,Demo Category 003,0,,Winter,5.26,4,8,0.0,0.0,0.5,1.315,0.0,0.0,0.0,-5.26,2026-01-01,2026-01-31
2026-01-20,Demo Campaign 001,Demo Channel 001,Demo Category 005,0,,Winter,0.0,0,1,0.0,0.0,0.0,0.0,0.0,0.0,0.0,0.0,2026-01-01,2026-01-31
2026-01-20,Demo Campaign 001,Demo Channel 001,Demo Category 001,0,,Winter,129.994586,76,157,0.5,1799.9,0.4840764331210191,1.7104550789473685,0.006578947368421,259.989172,13.845961246416833,1669.905414,2026-01-01,2026-01-31
2026-01-20,Demo Campaign 014,Demo Channel 001,Demo Category 023,0,,Winter,27.11,9,81,0.0,0.0,0.1111111111111111,3.0122222222222224,0.0,0.0,0.0,-27.11,2026-01-01,2026-01-31
2026-01-20,Demo Campaign 014,Demo Channel 001,Demo Category 007,0,,Winter,29.19,9,94,0.0,0.0,0.0957446808510638,3.2433333333333336,0.0,0.0,0.0,-29.19,2026-01-01,2026-01-31
2026-01-20,Demo Campaign 012,Demo Channel 001,Demo Category 003,0,,Winter,0.0,0,2,0.0,0.0,0.0,0.0,0.0,0.0,0.0,0.0,2026-01-01,2026-01-31
2026-01-20,Demo Campaign 012,Demo Channel 001,Demo Category 014,0,,Winter,9.92,2,13,0.0,0.0,0.1538461538461538,4.96,0.0,0.0,0.0,-9.92,2026-01-01,2026-01-31
2026-01-20,Demo Campaign 012,Demo Channel 001,Demo Category 005,0,,Winter,4.44,1,4,0.0,0.0,0.25,4.44,0.0,0.0,0.0,-4.44,2026-01-01,2026-01-31
2026-01-20,Demo Campaign 012,Demo Channel 001,Demo Category 015,0,,Winter,85.09,2,3,0.0,0.0,0.6666666666666666,42.545,0.0,0.0,0.0,-85.09,2026-01-01,2026-01-31
2026-01-20,Demo Campaign 009,Demo Channel 001,Demo Category 014,0,,Winter,140.217808,11,46,2.0,1999.8,0.2391304347826087,12.747073454545454,0.1818181818181818,70.108904,14.262097151026635,1859.582192,2026-01-01,2026-01-31
2026-01-20,Demo Campaign 009,Demo Channel 001,Demo Category 005,0,,Winter,30.35,8,19,0.0,0.0,0.4210526315789473,3.79375,0.0,0.0,0.0,-30.35,2026-01-01,2026-01-31
2026-01-20,Demo Campaign 009,Demo Channel 001,Demo Category 015,0,,Winter,43.49624,6,32,0.0,0.0,0.1875,7.249373333333334,0.0,0.0,0.0,-43.49624,2026-01-01,2026-01-31
2026-01-20,Demo Campaign 006,Demo Channel 001,Demo Category 004,0,,Winter,5.54023,3,11,0.0,0.0,0.2727272727272727,1.8467433333333332,0.0,0.0,0.0,-5.54023,2026-01-01,2026-01-31
2026-01-20,Demo Campaign 006,Demo Channel 001,Demo Category 003,0,,Winter,45.102846,11,42,0.0,0.0,0.2619047619047619,4.100258727272728,0.0,0.0,0.0,-45.102846,2026-01-01,2026-01-31
2026-01-20,Demo Campaign 006,Demo Channel 001,Demo Category 014,0,,Winter,51.833577,11,66,0.056934,74.0085066,0.1666666666666666,4.712143363636364,0.0051758181818181,910.4151649278112,1.427810135503479,22.17492960000001,2026-01-01,2026-01-31
2026-01-20,Demo Campaign 006,Demo Channel 001,Demo Category 005,0,,Winter,22.980225,5,15,0.0,0.0,0.3333333333333333,4.596045,0.0,0.0,0.0,-22.980225,2026-01-01,2026-01-31
2026-01-20,Demo Campaign 006,Demo Channel 001,Demo Category 015,0,,Winter,54.53,7,38,0.0,0.0,0.1842105263157894,7.79,0.0,0.0,0.0,-54.53,2026-01-01,2026-01-31
2026-01-20,Demo Campaign 010,Demo Channel 001,Demo Category 003,0,,Winter,0.0,0,2,0.0,0.0,0.0,0.0,0.0,0.0,0.0,0.0,2026-01-01,2026-01-31
2026-01-20,Demo Campaign 010,Demo Channel 001,Demo Category 014,0,,Winter,22.888456,8,32,0.056932,74.0059068,0.25,2.861057,0.0071165,402.0314761469824,3.233328923541195,51.1174508,2026-01-01,2026-01-31
2026-01-20,Demo Campaign 010,Demo Channel 001,Demo Category 005,0,,Winter,152.635774,35,243,0.0,0.0,0.1440329218106996,4.361022114285714,0.0,0.0,0.0,-152.635774,2026-01-01,2026-01-31
2026-01-20,Demo Campaign 003,Demo Channel 001,Demo Category 013,0,,Winter,1199.919662,988,2282,23.553546,42994.722328842,0.4329535495179667,1.214493585020243,0.0238396214574898,50.94433177917245,35.83133412213559,41794.802666842,2026-01-01,2026-01-31
2026-01-20,Demo Campaign 003,Demo Channel 001,Demo Category 017,0,,Winter,16.713515,9,72,0.0,0.0,0.125,1.8570572222222224,0.0,0.0,0.0,-16.713515,2026-01-01,2026-01-31
2026-01-20,Demo Campaign 003,Demo Channel 001,Demo Category 031,0,,Winter,2.0,1,8,0.0,0.0,0.125,2.0,0.0,0.0,0.0,-2.0,2026-01-01,2026-01-31
2026-01-20,Demo Campaign 003,Demo Channel 001,Demo Category 002,0,,Winter,45.16,31,93,0.0,0.0,0.3333333333333333,1.4567741935483869,0.0,0.0,0.0,-45.16,2026-01-01,2026-01-31
2026-01-20,Demo Campaign 013,Demo Channel 001,Demo Category 021,0,,Winter,0.0,0,2,0.0,0.0,0.0,0.0,0.0,0.0,0.0,0.0,2026-01-01,2026-01-31
2026-01-20,Demo Campaign 013,Demo Channel 001,Demo Category 006,0,,Winter,1.95,1,2,0.0,0.0,0.5,1.95,0.0,0.0,0.0,-1.95,2026-01-01,2026-01-31
2026-01-20,Demo Campaign 008,Demo Channel 001,Demo Category 004,0,,Winter,103.73,24,248,0.0,0.0,0.0967741935483871,4.3220833333333335,0.0,0.0,0.0,-103.73,2026-01-01,2026-01-31
2026-01-20,Demo Campaign 008,Demo Channel 001,Demo Category 003,0,,Winter,36.0,7,127,0.0,0.0,0.0551181102362204,5.142857142857143,0.0,0.0,0.0,-36.0,2026-01-01,2026-01-31
2026-01-20,Demo Campaign 008,Demo Channel 001,Demo Category 005,0,,Winter,64.76,15,227,0.0,0.0,0.066079295154185,4.317333333333334,0.0,0.0,0.0,-64.76,2026-01-01,2026-01-31
2026-01-20,Demo Campaign 008,Demo Channel 001,Demo Category 015,0,,Winter,161.04846,31,472,0.0,0.0,0.0656779661016949,5.195111612903226,0.0,0.0,0.0,-161.04846,2026-01-01,2026-01-31
2026-01-20,Demo Campaign 008,Demo Channel 001,Demo Category 001,0,,Winter,85.730797,20,91,2.0,2842.24,0.2197802197802197,4.28653985,0.1,42.8653985,33.15308033354688,2756.509203,2026-01-01,2026-01-31
2026-01-20,Demo Campaign 002,Demo Channel 001,Demo Category 004,0,,Winter,56.423858,9,59,2.0,2799.8,0.1525423728813559,6.269317555555556,0.2222222222222222,28.211929,49.62085364669676,2743.376142,2026-01-01,2026-01-31
2026-01-20,Demo Campaign 002,Demo Channel 001,Demo Category 003,0,,Winter,0.0,0,1,0.0,0.0,0.0,0.0,0.0,0.0,0.0,0.0,2026-01-01,2026-01-31
2026-01-20,Demo Campaign 002,Demo Channel 001,Demo Category 005,0,,Winter,5.375458,1,4,0.0,0.0,0.25,5.375458,0.0,0.0,0.0,-5.375458,2026-01-01,2026-01-31
2026-01-20,Demo Campaign 002,Demo Channel 001,Demo Category 001,0,,Winter,149.471868,22,158,0.0,0.0,0.1392405063291139,6.794175818181818,0.0,0.0,0.0,-149.471868,2026-01-01,2026-01-31
2026-01-20,Demo Campaign 015,Demo Channel 001,Demo Category 016,0,,Winter,83.46296,12,126,0.0,0.0,0.0952380952380952,6.955246666666667,0.0,0.0,0.0,-83.46296,2026-01-01,2026-01-31
2026-01-20,Demo Campaign 015,Demo Channel 001,Demo Category 008,0,,Winter,18.94,2,31,0.0,0.0,0.064516129032258,9.47,0.0,0.0,0.0,-18.94,2026-01-01,2026-01-31
2026-01-20,Demo Campaign 005,Demo Channel 001,Demo Category 004,0,,Winter,2.76,2,28,0.0,0.0,0.0714285714285714,1.38,0.0,0.0,0.0,-2.76,2026-01-01,2026-01-31
2026-01-20,Demo Campaign 005,Demo Channel 001,Demo Category 003,0,,Winter,0.0,0,1,0.0,0.0,0.0,0.0,0.0,0.0,0.0,0.0,2026-01-01,2026-01-31
2026-01-20,Demo Campaign 005,Demo Channel 001,Demo Category 014,0,,Winter,0.0,0,29,0.0,0.0,0.0,0.0,0.0,0.0,0.0,0.0,2026-01-01,2026-01-31
2026-01-20,Demo Campaign 005,Demo Channel 001,Demo Category 015,0,,Winter,3.15,1,23,0.0,0.0,0.0434782608695652,3.15,0.0,0.0,0.0,-3.15,2026-01-01,2026-01-31
2026-01-20,Demo Campaign 011,Demo Channel 001,Demo Category 004,0,,Winter,1.01,1,4,0.0,0.0,0.25,1.01,0.0,0.0,0.0,-1.01,2026-01-01,2026-01-31
2026-01-20,Demo Campaign 011,Demo Channel 001,Demo Category 005,0,,Winter,0.0,0,1,0.0,0.0,0.0,0.0,0.0,0.0,0.0,0.0,2026-01-01,2026-01-31
2026-01-20,Demo Campaign 011,Demo Channel 001,Demo Category 015,0,,Winter,0.0,0,1,0.0,0.0,0.0,0.0,0.0,0.0,0.0,0.0,2026-01-01,2026-01-31
2026-01-20,Demo Campaign 004,Demo Channel 001,Demo Category 004,0,,Winter,22.45,3,32,0.0,0.0,0.09375,7.483333333333333,0.0,0.0,0.0,-22.45,2026-01-01,2026-01-31
2026-01-20,Demo Campaign 004,Demo Channel 001,Demo Category 003,0,,Winter,32.15,2,53,0.0,0.0,0.0377358490566037,16.075,0.0,0.0,0.0,-32.15,2026-01-01,2026-01-31
2026-01-20,Demo Campaign 004,Demo Channel 001,Demo Category 005,0,,Winter,14.009654,3,47,0.0,0.0,0.0638297872340425,4.669884666666667,0.0,0.0,0.0,-14.009654,2026-01-01,2026-01-31
2026-01-20,Demo Campaign 004,Demo Channel 001,Demo Category 015,0,,Winter,40.25,5,86,0.0,0.0,0.0581395348837209,8.05,0.0,0.0,0.0,-40.25,2026-01-01,2026-01-31
2026-01-20,Demo Campaign 016,Demo Channel 001,Demo Category 018,0,,Winter,2.48,2,11,0.0,0.0,0.1818181818181818,1.24,0.0,0.0,0.0,-2.48,2026-01-01,2026-01-31
2026-01-20,Demo Campaign 016,Demo Channel 001,Demo Category 020,0,,Winter,0.0,0,1,0.0,0.0,0.0,0.0,0.0,0.0,0.0,0.0,2026-01-01,2026-01-31
2026-01-20,Demo Campaign 016,Demo Channel 001,Demo Category 019,0,,Winter,0.0,0,1,0.0,0.0,0.0,0.0,0.0,0.0,0.0,0.0,2026-01-01,2026-01-31
2026-01-20,Demo Campaign 016,Demo Channel 001,Demo Category 027,0,,Winter,0.0,0,3,0.0,0.0,0.0,0.0,0.0,0.0,0.0,0.0,2026-01-01,2026-01-31
2026-01-20,Demo Campaign 016,Demo Channel 001,Demo Category 009,0,,Winter,0.0,0,3,0.0,0.0,0.0,0.0,0.0,0.0,0.0,0.0,2026-01-01,2026-01-31
2026-01-20,Demo Campaign 017,Demo Channel 002,Demo Category 010,0,,Winter,94.37155,62,20505,0.0,0.0,0.0030236527676176,1.5221217741935484,0.0,0.0,0.0,-94.37155,2026-01-01,2026-01-31
2026-01-20,Demo Campaign 018,Demo Channel 002,Demo Category 011,0,,Winter,201.340037,221,11488,0.0,0.0,0.0192374651810584,0.9110408914027148,0.0,0.0,0.0,-201.340037,2026-01-01,2026-01-31
2026-01-20,Demo Campaign 019,Demo Channel 002,Demo Category 012,0,,Winter,93.562532,6,336,0.0,0.0,0.0178571428571428,15.593755333333334,0.0,0.0,0.0,-93.562532,2026-01-01,2026-01-31
2026-01-21,Demo Campaign 020,Demo Channel 003,Demo Category 010,0,,Winter,42.974761,3,1670,0.0,0.0,0.0017964071856287,14.324920333333331,0.0,0.0,0.0,-42.974761,2026-01-01,2026-01-31
2026-01-21,Demo Campaign 020,Demo Channel 003,Demo Category 012,0,,Winter,58.467283,10,3147,0.0,0.0,0.0031776294884016,5.8467283000000005,0.0,0.0,0.0,-58.467283,2026-01-01,2026-01-31
2026-01-21,Demo Campaign 007,Demo Channel 001,Demo Category 004,0,,Winter,71.393994,19,51,0.0,0.0,0.3725490196078431,3.757578631578948,0.0,0.0,0.0,-71.393994,2026-01-01,2026-01-31
2026-01-21,Demo Campaign 007,Demo Channel 001,Demo Category 003,0,,Winter,105.57,24,66,0.0,0.0,0.3636363636363636,4.39875,0.0,0.0,0.0,-105.57,2026-01-01,2026-01-31
2026-01-21,Demo Campaign 007,Demo Channel 001,Demo Category 014,0,,Winter,531.735902,134,504,6.0,9399.4,0.2658730158730158,3.968178373134328,0.044776119402985,88.62265033333334,17.676820324989077,8867.664098,2026-01-01,2026-01-31
2026-01-21,Demo Campaign 007,Demo Channel 001,Demo Category 005,0,,Winter,114.283705,24,60,0.0,0.0,0.4,4.761821041666667,0.0,0.0,0.0,-114.283705,2026-01-01,2026-01-31
2026-01-21,Demo Campaign 007,Demo Channel 001,Demo Category 015,0,,Winter,139.274943,31,146,0.0,0.0,0.2123287671232876,4.4927400967741935,0.0,0.0,0.0,-139.274943,2026-01-01,2026-01-31
2026-01-21,Demo Campaign 001,Demo Channel 001,Demo Category 004,0,,Winter,19.03,9,17,0.0,0.0,0.5294117647058824,2.114444444444445,0.0,0.0,0.0,-19.03,2026-01-01,2026-01-31
2026-01-21,Demo Campaign 001,Demo Channel 001,Demo Category 003,0,,Winter,5.15,2,10,0.0,0.0,0.2,2.575,0.0,0.0,0.0,-5.15,2026-01-01,2026-01-31
2026-01-21,Demo Campaign 001,Demo Channel 001,Demo Category 005,0,,Winter,5.16,2,3,0.0,0.0,0.6666666666666666,2.58,0.0,0.0,0.0,-5.16,2026-01-01,2026-01-31
2026-01-21,Demo Campaign 001,Demo Channel 001,Demo Category 001,0,,Winter,133.958577,72,199,0.953485,3050.961303,0.3618090452261306,1.8605357916666665,0.0132428472222222,140.49363859945356,22.77540842345616,2917.002726,2026-01-01,2026-01-31
2026-01-21,Demo Campaign 014,Demo Channel 001,Demo Category 023,0,,Winter,47.5,10,100,0.0,0.0,0.1,4.75,0.0,0.0,0.0,-47.5,2026-01-01,2026-01-31
2026-01-21,Demo Campaign 014,Demo Channel 001,Demo Category 007,0,,Winter,97.791107,27,179,0.0,0.0,0.1508379888268156,3.621892851851852,0.0,0.0,0.0,-97.791107,2026-01-01,2026-01-31
2026-01-21,Demo Campaign 012,Demo Channel 001,Demo Category 014,0,,Winter,105.42,2,5,0.0,0.0,0.4,52.71,0.0,0.0,0.0,-105.42,2026-01-01,2026-01-31
2026-01-21,Demo Campaign 009,Demo Channel 001,Demo Category 014,0,,Winter,54.44143,5,44,0.0,0.0,0.1136363636363636,10.888286,0.0,0.0,0.0,-54.44143,2026-01-01,2026-01-31
2026-01-21,Demo Campaign 009,Demo Channel 001,Demo Category 005,0,,Winter,55.92,8,29,0.0,0.0,0.2758620689655172,6.99,0.0,0.0,0.0,-55.92,2026-01-01,2026-01-31
2026-01-21,Demo Campaign 009,Demo Channel 001,Demo Category 015,0,,Winter,106.62,7,46,0.0,0.0,0.1521739130434782,15.231428571428571,0.0,0.0,0.0,-106.62,2026-01-01,2026-01-31
2026-01-21,Demo Campaign 006,Demo Channel 001,Demo Category 004,0,,Winter,0.0,0,4,0.0,0.0,0.0,0.0,0.0,0.0,0.0,0.0,2026-01-01,2026-01-31
2026-01-21,Demo Campaign 006,Demo Channel 001,Demo Category 003,0,,Winter,24.793787,5,40,0.0,0.0,0.125,4.9587574,0.0,0.0,0.0,-24.793787,2026-01-01,2026-01-31
2026-01-21,Demo Campaign 006,Demo Channel 001,Demo Category 014,0,,Winter,44.92,5,48,0.0,0.0,0.1041666666666666,8.984,0.0,0.0,0.0,-44.92,2026-01-01,2026-01-31
2026-01-21,Demo Campaign 006,Demo Channel 001,Demo Category 005,0,,Winter,25.821442,5,17,2.0,3199.8,0.2941176470588235,5.1642884,0.4,12.910721,123.92026750481249,3173.978558,2026-01-01,2026-01-31
2026-01-21,Demo Campaign 006,Demo Channel 001,Demo Category 015,0,,Winter,48.57,6,39,0.0,0.0,0.1538461538461538,8.095,0.0,0.0,0.0,-48.57,2026-01-01,2026-01-31
2026-01-21,Demo Campaign 006,Demo Channel 001,Demo Category 001,0,,Winter,22.543228,3,3,0.0,0.0,1.0,7.514409333333333,0.0,0.0,0.0,-22.543228,2026-01-01,2026-01-31
2026-01-21,Demo Campaign 010,Demo Channel 001,Demo Category 014,0,,Winter,9.93,2,16,0.0,0.0,0.125,4.965,0.0,0.0,0.0,-9.93,2026-01-01,2026-01-31
2026-01-21,Demo Campaign 010,Demo Channel 001,Demo Category 005,0,,Winter,217.43,47,236,0.0,0.0,0.1991525423728813,4.626170212765958,0.0,0.0,0.0,-217.43,2026-01-01,2026-01-31
2026-01-21,Demo Campaign 003,Demo Channel 001,Demo Category 013,0,,Winter,1145.658776,933,2107,23.537956,45244.905449687,0.4428096820123398,1.227930092175777,0.0252282486602358,48.67282341763235,39.4924792595374,44099.246673687005,2026-01-01,2026-01-31
2026-01-21,Demo Campaign 003,Demo Channel 001,Demo Category 017,0,,Winter,16.95,9,74,0.0,0.0,0.1216216216216216,1.8833333333333333,0.0,0.0,0.0,-16.95,2026-01-01,2026-01-31
2026-01-21,Demo Campaign 003,Demo Channel 001,Demo Category 031,0,,Winter,1.83,1,25,0.0,0.0,0.04,1.83,0.0,0.0,0.0,-1.83,2026-01-01,2026-01-31
2026-01-21,Demo Campaign 003,Demo Channel 001,Demo Category 002,0,,Winter,55.51165,34,95,0.0,0.0,0.3578947368421052,1.6326955882352945,0.0,0.0,0.0,-55.51165,2026-01-01,2026-01-31
2026-01-21,Demo Campaign 013,Demo Channel 001,Demo Category 024,0,,Winter,0.0,0,1,0.0,0.0,0.0,0.0,0.0,0.0,0.0,0.0,2026-01-01,2026-01-31
2026-01-21,Demo Campaign 013,Demo Channel 001,Demo Category 021,0,,Winter,0.0,0,1,0.0,0.0,0.0,0.0,0.0,0.0,0.0,0.0,2026-01-01,2026-01-31
2026-01-21,Demo Campaign 013,Demo Channel 001,Demo Category 006,0,,Winter,0.0,0,3,0.0,0.0,0.0,0.0,0.0,0.0,0.0,0.0,2026-01-01,2026-01-31
2026-01-21,Demo Campaign 008,Demo Channel 001,Demo Category 004,0,,Winter,94.41,17,271,0.0,0.0,0.062730627306273,5.553529411764706,0.0,0.0,0.0,-94.41,2026-01-01,2026-01-31
2026-01-21,Demo Campaign 008,Demo Channel 001,Demo Category 003,0,,Winter,47.259101,6,101,0.0,0.0,0.0594059405940594,7.876516833333333,0.0,0.0,0.0,-47.259101,2026-01-01,2026-01-31
2026-01-21,Demo Campaign 008,Demo Channel 001,Demo Category 005,0,,Winter,50.1,14,188,0.0,0.0,0.0744680851063829,3.5785714285714283,0.0,0.0,0.0,-50.1,2026-01-01,2026-01-31
2026-01-21,Demo Campaign 008,Demo Channel 001,Demo Category 015,0,,Winter,278.236122,32,467,2.0,13598.8,0.0685224839400428,8.6948788125,0.0625,139.118061,48.87503427754071,13320.563878,2026-01-01,2026-01-31
2026-01-21,Demo Campaign 008,Demo Channel 001,Demo Category 001,0,,Winter,7.880921,2,19,0.0,0.0,0.1052631578947368,3.9404605,0.0,0.0,0.0,-7.880921,2026-01-01,2026-01-31
2026-01-21,Demo Campaign 002,Demo Channel 001,Demo Category 004,0,,Winter,35.879853,6,58,0.0,0.0,0.1034482758620689,5.979975499999999,0.0,0.0,0.0,-35.879853,2026-01-01,2026-01-31
2026-01-21,Demo Campaign 002,Demo Channel 001,Demo Category 003,0,,Winter,2.739841,1,4,0.0,0.0,0.25,2.739841,0.0,0.0,0.0,-2.739841,2026-01-01,2026-01-31
2026-01-21,Demo Campaign 002,Demo Channel 001,Demo Category 005,0,,Winter,5.31,1,2,0.0,0.0,0.5,5.31,0.0,0.0,0.0,-5.31,2026-01-01,2026-01-31
2026-01-21,Demo Campaign 002,Demo Channel 001,Demo Category 001,0,,Winter,166.991495,36,223,2.0,4039.68,0.1614349775784753,4.638652638888889,0.0555555555555555,83.4957475,24.19093259809429,3872.688505,2026-01-01,2026-01-31
2026-01-21,Demo Campaign 015,Demo Channel 001,Demo Category 016,0,,Winter,265.652208,21,162,0.0,0.0,0.1296296296296296,12.65010514285714,0.0,0.0,0.0,-265.652208,2026-01-01,2026-01-31
2026-01-21,Demo Campaign 015,Demo Channel 001,Demo Category 008,0,,Winter,29.34,3,48,0.0,0.0,0.0625,9.78,0.0,0.0,0.0,-29.34,2026-01-01,2026-01-31
2026-01-21,Demo Campaign 005,Demo Channel 001,Demo Category 004,0,,Winter,2.2,1,40,0.0,0.0,0.025,2.2,0.0,0.0,0.0,-2.2,2026-01-01,2026-01-31
2026-01-21,Demo Campaign 005,Demo Channel 001,Demo Category 003,0,,Winter,0.0,0,15,0.0,0.0,0.0,0.0,0.0,0.0,0.0,0.0,2026-01-01,2026-01-31
2026-01-21,Demo Campaign 005,Demo Channel 001,Demo Category 014,0,,Winter,0.0,0,15,0.0,0.0,0.0,0.0,0.0,0.0,0.0,0.0,2026-01-01,2026-01-31
2026-01-21,Demo Campaign 005,Demo Channel 001,Demo Category 015,0,,Winter,0.0,0,20,0.0,0.0,0.0,0.0,0.0,0.0,0.0,0.0,2026-01-01,2026-01-31
2026-01-21,Demo Campaign 005,Demo Channel 001,Demo Category 001,0,,Winter,0.0,0,1,0.0,0.0,0.0,0.0,0.0,0.0,0.0,0.0,2026-01-01,2026-01-31
2026-01-21,Demo Campaign 004,Demo Channel 001,Demo Category 004,0,,Winter,42.92,6,81,0.0,0.0,0.074074074074074,7.153333333333333,0.0,0.0,0.0,-42.92,2026-01-01,2026-01-31
2026-01-21,Demo Campaign 004,Demo Channel 001,Demo Category 003,0,,Winter,38.66,6,143,0.0,0.0,0.0419580419580419,6.4433333333333325,0.0,0.0,0.0,-38.66,2026-01-01,2026-01-31
2026-01-21,Demo Campaign 004,Demo Channel 001,Demo Category 005,0,,Winter,61.361952,10,173,0.0,0.0,0.0578034682080924,6.1361952,0.0,0.0,0.0,-61.361952,2026-01-01,2026-01-31
2026-01-21,Demo Campaign 004,Demo Channel 001,Demo Category 015,0,,Winter,83.38,11,303,0.0,0.0,0.0363036303630363,7.579999999999999,0.0,0.0,0.0,-83.38,2026-01-01,2026-01-31
2026-01-21,Demo Campaign 004,Demo Channel 001,Demo Category 001,0,,Winter,0.0,0,3,0.0,0.0,0.0,0.0,0.0,0.0,0.0,0.0,2026-01-01,2026-01-31
2026-01-21,Demo Campaign 016,Demo Channel 001,Demo Category 018,0,,Winter,0.0,0,4,0.0,0.0,0.0,0.0,0.0,0.0,0.0,0.0,2026-01-01,2026-01-31
2026-01-21,Demo Campaign 016,Demo Channel 001,Demo Category 025,0,,Winter,0.0,0,2,0.0,0.0,0.0,0.0,0.0,0.0,0.0,0.0,2026-01-01,2026-01-31
2026-01-21,Demo Campaign 016,Demo Channel 001,Demo Category 027,0,,Winter,0.0,0,9,0.0,0.0,0.0,0.0,0.0,0.0,0.0,0.0,2026-01-01,2026-01-31
2026-01-21,Demo Campaign 016,Demo Channel 001,Demo Category 009,0,,Winter,0.0,0,4,0.0,0.0,0.0,0.0,0.0,0.0,0.0,0.0,2026-01-01,2026-01-31
2026-01-21,Demo Campaign 017,Demo Channel 002,Demo Category 010,0,,Winter,77.165849,48,16899,0.0,0.0,0.0028404047576779,1.6076218541666665,0.0,0.0,0.0,-77.165849,2026-01-01,2026-01-31
2026-01-21,Demo Campaign 018,Demo Channel 002,Demo Category 011,0,,Winter,129.001557,109,6644,0.0,0.0,0.0164057796508127,1.1835005229357798,0.0,0.0,0.0,-129.001557,2026-01-01,2026-01-31
2026-01-21,Demo Campaign 019,Demo Channel 002,Demo Category 012,0,,Winter,114.106368,18,2847,0.0,0.0,0.006322444678609,6.339242666666667,0.0,0.0,0.0,-114.106368,2026-01-01,2026-01-31
2026-01-22,Demo Campaign 020,Demo Channel 003,Demo Category 010,0,,Winter,58.257051,13,2496,0.0,0.0,0.0052083333333333,4.481311615384615,0.0,0.0,0.0,-58.257051,2026-01-01,2026-01-31
2026-01-22,Demo Campaign 020,Demo Channel 003,Demo Category 012,0,,Winter,42.573955,6,1276,0.0,0.0,0.0047021943573667,7.095659166666667,0.0,0.0,0.0,-42.573955,2026-01-01,2026-01-31
2026-01-22,Demo Campaign 007,Demo Channel 001,Demo Category 004,0,,Winter,57.025664,14,40,1.0,1299.9,0.35,4.073261714285715,0.0714285714285714,57.025664,22.79499980920871,1242.874336,2026-01-01,2026-01-31
2026-01-22,Demo Campaign 007,Demo Channel 001,Demo Category 003,0,,Winter,87.056657,23,63,1.0,1659.84,0.365079365079365,3.785072043478261,0.0434782608695652,87.056657,19.06620420768052,1572.7833429999998,2026-01-01,2026-01-31
2026-01-22,Demo Campaign 007,Demo Channel 001,Demo Category 014,0,,Winter,540.266057,146,470,0.0,0.0,0.3106382978723404,3.70045244520548,0.0,0.0,0.0,-540.266057,2026-01-01,2026-01-31
2026-01-22,Demo Campaign 007,Demo Channel 001,Demo Category 005,0,,Winter,112.243514,22,53,0.0,0.0,0.4150943396226415,5.101977909090909,0.0,0.0,0.0,-112.243514,2026-01-01,2026-01-31
2026-01-22,Demo Campaign 007,Demo Channel 001,Demo Category 015,0,,Winter,185.007772,34,162,0.0,0.0,0.2098765432098765,5.441405058823529,0.0,0.0,0.0,-185.007772,2026-01-01,2026-01-31
2026-01-22,Demo Campaign 001,Demo Channel 001,Demo Category 004,0,,Winter,0.0,0,2,0.0,0.0,0.0,0.0,0.0,0.0,0.0,0.0,2026-01-01,2026-01-31
2026-01-22,Demo Campaign 001,Demo Channel 001,Demo Category 003,0,,Winter,6.14,2,12,0.0,0.0,0.1666666666666666,3.07,0.0,0.0,0.0,-6.14,2026-01-01,2026-01-31
2026-01-22,Demo Campaign 001,Demo Channel 001,Demo Category 005,0,,Winter,2.83,1,1,0.0,0.0,1.0,2.83,0.0,0.0,0.0,-2.83,2026-01-01,2026-01-31
2026-01-22,Demo Campaign 001,Demo Channel 001,Demo Category 001,0,,Winter,178.676302,78,190,0.5,1799.9,0.4105263157894737,2.2907218205128204,0.0064102564102564,357.352604,10.07352390805581,1621.223698,2026-01-01,2026-01-31
2026-01-22,Demo Campaign 014,Demo Channel 001,Demo Category 023,0,,Winter,38.84,8,101,0.0,0.0,0.0792079207920792,4.855,0.0,0.0,0.0,-38.84,2026-01-01,2026-01-31
2026-01-22,Demo Campaign 014,Demo Channel 001,Demo Category 007,0,,Winter,66.577327,17,67,0.0,0.0,0.2537313432835821,3.916313352941176,0.0,0.0,0.0,-66.577327,2026-01-01,2026-01-31
2026-01-22,Demo Campaign 012,Demo Channel 001,Demo Category 004,0,,Winter,0.239728,1,1,0.0,0.0,1.0,0.239728,0.0,0.0,0.0,-0.239728,2026-01-01,2026-01-31
2026-01-22,Demo Campaign 012,Demo Channel 001,Demo Category 003,0,,Winter,5.79,1,8,0.0,0.0,0.125,5.79,0.0,0.0,0.0,-5.79,2026-01-01,2026-01-31
2026-01-22,Demo Campaign 012,Demo Channel 001,Demo Category 014,0,,Winter,56.0,4,20,0.0,0.0,0.2,14.0,0.0,0.0,0.0,-56.0,2026-01-01,2026-01-31
2026-01-22,Demo Campaign 012,Demo Channel 001,Demo Category 005,0,,Winter,0.0,0,5,0.0,0.0,0.0,0.0,0.0,0.0,0.0,0.0,2026-01-01,2026-01-31
2026-01-22,Demo Campaign 012,Demo Channel 001,Demo Category 015,0,,Winter,1.51,1,4,0.0,0.0,0.25,1.51,0.0,0.0,0.0,-1.51,2026-01-01,2026-01-31
2026-01-22,Demo Campaign 009,Demo Channel 001,Demo Category 014,0,,Winter,31.9,3,31,0.0,0.0,0.0967741935483871,10.633333333333333,0.0,0.0,0.0,-31.9,2026-01-01,2026-01-31
2026-01-22,Demo Campaign 009,Demo Channel 001,Demo Category 005,0,,Winter,5.29,2,11,0.0,0.0,0.1818181818181818,2.645,0.0,0.0,0.0,-5.29,2026-01-01,2026-01-31
2026-01-22,Demo Campaign 009,Demo Channel 001,Demo Category 015,0,,Winter,154.87,4,33,0.0,0.0,0.1212121212121212,38.7175,0.0,0.0,0.0,-154.87,2026-01-01,2026-01-31
2026-01-22,Demo Campaign 006,Demo Channel 001,Demo Category 004,0,,Winter,0.0,0,4,0.0,0.0,0.0,0.0,0.0,0.0,0.0,0.0,2026-01-01,2026-01-31
2026-01-22,Demo Campaign 006,Demo Channel 001,Demo Category 003,0,,Winter,76.41,12,36,1.886134,2451.7855866,0.3333333333333333,6.3675,0.1571778333333333,40.5114376815221,32.087234479780136,2375.3755866,2026-01-01,2026-01-31
2026-01-22,Demo Campaign 006,Demo Channel 001,Demo Category 014,0,,Winter,80.74,11,36,0.0,0.0,0.3055555555555556,7.34,0.0,0.0,0.0,-80.74,2026-01-01,2026-01-31
2026-01-22,Demo Campaign 006,Demo Channel 001,Demo Category 005,0,,Winter,17.24,2,2,0.0,0.0,1.0,8.62,0.0,0.0,0.0,-17.24,2026-01-01,2026-01-31
2026-01-22,Demo Campaign 006,Demo Channel 001,Demo Category 015,0,,Winter,36.15,5,16,0.0,0.0,0.3125,7.229999999999999,0.0,0.0,0.0,-36.15,2026-01-01,2026-01-31
2026-01-22,Demo Campaign 010,Demo Channel 001,Demo Category 014,0,,Winter,25.060008,6,22,0.0,0.0,0.2727272727272727,4.176668,0.0,0.0,0.0,-25.060008,2026-01-01,2026-01-31
2026-01-22,Demo Campaign 010,Demo Channel 001,Demo Category 005,0,,Winter,187.974167,40,280,0.0,0.0,0.1428571428571428,4.699354175,0.0,0.0,0.0,-187.974167,2026-01-01,2026-01-31
2026-01-22,Demo Campaign 003,Demo Channel 001,Demo Category 013,0,,Winter,1076.344757,884,1955,32.982702,61309.455254419,0.4521739130434782,1.2175845667420817,0.0373107488687782,32.63361373486017,56.96079704545725,60233.110497419,2026-01-01,2026-01-31
2026-01-22,Demo Campaign 003,Demo Channel 001,Demo Category 017,0,,Winter,9.11,5,65,0.0,0.0,0.0769230769230769,1.822,0.0,0.0,0.0,-9.11,2026-01-01,2026-01-31
2026-01-22,Demo Campaign 003,Demo Channel 001,Demo Category 031,0,,Winter,1.97,1,9,0.0,0.0,0.1111111111111111,1.97,0.0,0.0,0.0,-1.97,2026-01-01,2026-01-31
2026-01-22,Demo Campaign 003,Demo Channel 001,Demo Category 002,0,,Winter,37.788057,25,80,0.0,0.0,0.3125,1.51152228,0.0,0.0,0.0,-37.788057,2026-01-01,2026-01-31
2026-01-22,Demo Campaign 013,Demo Channel 001,Demo Category 021,0,,Winter,0.0,0,2,0.0,0.0,0.0,0.0,0.0,0.0,0.0,0.0,2026-01-01,2026-01-31
2026-01-22,Demo Campaign 008,Demo Channel 001,Demo Category 004,0,,Winter,131.008942,24,343,0.0,0.0,0.0699708454810495,5.458705916666666,0.0,0.0,0.0,-131.008942,2026-01-01,2026-01-31
2026-01-22,Demo Campaign 008,Demo Channel 001,Demo Category 003,0,,Winter,27.13,5,133,0.0,0.0,0.037593984962406,5.426,0.0,0.0,0.0,-27.13,2026-01-01,2026-01-31
2026-01-22,Demo Campaign 008,Demo Channel 001,Demo Category 005,0,,Winter,60.63,10,246,1.0,2569.7,0.040650406504065,6.063,0.1,60.63,42.38330859310573,2509.07,2026-01-01,2026-01-31
2026-01-22,Demo Campaign 008,Demo Channel 001,Demo Category 015,0,,Winter,171.127429,27,595,0.0,0.0,0.0453781512605042,6.338052925925926,0.0,0.0,0.0,-171.127429,2026-01-01,2026-01-31
2026-01-22,Demo Campaign 008,Demo Channel 001,Demo Category 001,0,,Winter,75.49921,15,58,1.0,1999.9,0.2586206896551724,5.033280666666667,0.0666666666666666,75.49921,26.489018891720853,1924.40079,2026-01-01,2026-01-31
2026-01-22,Demo Campaign 002,Demo Channel 001,Demo Category 023,0,,Winter,0.0,0,4,0.0,0.0,0.0,0.0,0.0,0.0,0.0,0.0,2026-01-01,2026-01-31
2026-01-22,Demo Campaign 002,Demo Channel 001,Demo Category 004,0,,Winter,58.371493,9,63,0.0,0.0,0.1428571428571428,6.485721444444445,0.0,0.0,0.0,-58.371493,2026-01-01,2026-01-31
2026-01-22,Demo Campaign 002,Demo Channel 001,Demo Category 003,0,,Winter,13.36,2,6,0.0,0.0,0.3333333333333333,6.68,0.0,0.0,0.0,-13.36,2026-01-01,2026-01-31
2026-01-22,Demo Campaign 002,Demo Channel 001,Demo Category 005,0,,Winter,0.0,0,1,0.0,0.0,0.0,0.0,0.0,0.0,0.0,0.0,2026-01-01,2026-01-31
2026-01-22,Demo Campaign 002,Demo Channel 001,Demo Category 001,0,,Winter,170.633974,28,189,0.0,0.0,0.1481481481481481,6.0940705,0.0,0.0,0.0,-170.633974,2026-01-01,2026-01-31
2026-01-22,Demo Campaign 015,Demo Channel 001,Demo Category 016,0,,Winter,147.704875,20,83,1.0,2469.7,0.2409638554216867,7.385243749999999,0.05,147.704875,16.720504316462133,2321.995125,2026-01-01,2026-01-31
2026-01-22,Demo Campaign 015,Demo Channel 001,Demo Category 008,0,,Winter,0.0,0,27,0.0,0.0,0.0,0.0,0.0,0.0,0.0,0.0,2026-01-01,2026-01-31
2026-01-22,Demo Campaign 005,Demo Channel 001,Demo Category 004,0,,Winter,13.848034,4,73,0.0,0.0,0.0547945205479452,3.4620085,0.0,0.0,0.0,-13.848034,2026-01-01,2026-01-31
2026-01-22,Demo Campaign 005,Demo Channel 001,Demo Category 003,0,,Winter,12.35,1,5,0.0,0.0,0.2,12.35,0.0,0.0,0.0,-12.35,2026-01-01,2026-01-31
2026-01-22,Demo Campaign 005,Demo Channel 001,Demo Category 014,0,,Winter,16.76,4,55,0.0,0.0,0.0727272727272727,4.19,0.0,0.0,0.0,-16.76,2026-01-01,2026-01-31
2026-01-22,Demo Campaign 005,Demo Channel 001,Demo Category 005,0,,Winter,0.0,0,9,0.0,0.0,0.0,0.0,0.0,0.0,0.0,0.0,2026-01-01,2026-01-31
2026-01-22,Demo Campaign 005,Demo Channel 001,Demo Category 015,0,,Winter,3.67,1,33,0.0,0.0,0.0303030303030303,3.67,0.0,0.0,0.0,-3.67,2026-01-01,2026-01-31
2026-01-22,Demo Campaign 005,Demo Channel 001,Demo Category 001,0,,Winter,0.0,0,1,0.0,0.0,0.0,0.0,0.0,0.0,0.0,0.0,2026-01-01,2026-01-31
2026-01-22,Demo Campaign 004,Demo Channel 001,Demo Category 004,0,,Winter,16.37,3,94,0.0,0.0,0.0319148936170212,5.456666666666667,0.0,0.0,0.0,-16.37,2026-01-01,2026-01-31
2026-01-22,Demo Campaign 004,Demo Channel 001,Demo Category 003,0,,Winter,21.63,3,203,2.0,1799.8,0.0147783251231527,7.21,0.6666666666666666,10.815,83.20850670365233,1778.1699999999998,2026-01-01,2026-01-31
2026-01-22,Demo Campaign 004,Demo Channel 001,Demo Category 005,0,,Winter,83.661668,11,211,0.0,0.0,0.0521327014218009,7.605606181818183,0.0,0.0,0.0,-83.661668,2026-01-01,2026-01-31
2026-01-22,Demo Campaign 004,Demo Channel 001,Demo Category 015,0,,Winter,94.563561,12,430,0.0,0.0,0.027906976744186,7.88029675,0.0,0.0,0.0,-94.563561,2026-01-01,2026-01-31
2026-01-22,Demo Campaign 004,Demo Channel 001,Demo Category 001,0,,Winter,0.0,0,3,0.0,0.0,0.0,0.0,0.0,0.0,0.0,0.0,2026-01-01,2026-01-31
2026-01-22,Demo Campaign 016,Demo Channel 001,Demo Category 018,0,,Winter,1.24,1,6,0.0,0.0,0.1666666666666666,1.24,0.0,0.0,0.0,-1.24,2026-01-01,2026-01-31
2026-01-22,Demo Campaign 016,Demo Channel 001,Demo Category 027,0,,Winter,0.0,0,7,0.0,0.0,0.0,0.0,0.0,0.0,0.0,0.0,2026-01-01,2026-01-31
2026-01-22,Demo Campaign 016,Demo Channel 001,Demo Category 009,0,,Winter,0.0,0,7,0.0,0.0,0.0,0.0,0.0,0.0,0.0,0.0,2026-01-01,2026-01-31
2026-01-22,Demo Campaign 017,Demo Channel 002,Demo Category 010,0,,Winter,90.577015,50,12995,0.0,0.0,0.0038476337052712,1.8115403,0.0,0.0,0.0,-90.577015,2026-01-01,2026-01-31
2026-01-22,Demo Campaign 018,Demo Channel 002,Demo Category 011,0,,Winter,113.243737,113,7607,0.0,0.0,0.0148547390561325,1.0021569646017698,0.0,0.0,0.0,-113.243737,2026-01-01,2026-01-31
2026-01-22,Demo Campaign 019,Demo Channel 002,Demo Category 012,0,,Winter,92.332863,33,6456,0.0,0.0,0.0051115241635687,2.7979655454545456,0.0,0.0,0.0,-92.332863,2026-01-01,2026-01-31
2026-01-23,Demo Campaign 020,Demo Channel 003,Demo Category 010,0,,Winter,49.155696,3,2144,0.0,0.0,0.0013992537313432,16.385232,0.0,0.0,0.0,-49.155696,2026-01-01,2026-01-31
2026-01-23,Demo Campaign 020,Demo Channel 003,Demo Category 012,0,,Winter,50.809642,10,1777,0.0,0.0,0.0056274620146314,5.0809642,0.0,0.0,0.0,-50.809642,2026-01-01,2026-01-31
2026-01-23,Demo Campaign 007,Demo Channel 001,Demo Category 004,0,,Winter,42.855607,12,43,0.0,0.0,0.2790697674418604,3.571300583333333,0.0,0.0,0.0,-42.855607,2026-01-01,2026-01-31
2026-01-23,Demo Campaign 007,Demo Channel 001,Demo Category 003,0,,Winter,79.828498,19,50,0.0,0.0,0.38,4.201499894736842,0.0,0.0,0.0,-79.828498,2026-01-01,2026-01-31
2026-01-23,Demo Campaign 007,Demo Channel 001,Demo Category 014,0,,Winter,488.703085,132,502,1.0,2399.84,0.2629482071713147,3.702296098484848,0.0075757575757575,488.703085,4.910629938012362,1911.136915,2026-01-01,2026-01-31
2026-01-23,Demo Campaign 007,Demo Channel 001,Demo Category 005,0,,Winter,97.305251,24,70,0.0,0.0,0.3428571428571428,4.054385458333333,0.0,0.0,0.0,-97.305251,2026-01-01,2026-01-31
2026-01-23,Demo Campaign 007,Demo Channel 001,Demo Category 015,0,,Winter,183.25231,42,147,0.0,0.0,0.2857142857142857,4.363150238095238,0.0,0.0,0.0,-183.25231,2026-01-01,2026-01-31
2026-01-23,Demo Campaign 001,Demo Channel 001,Demo Category 004,0,,Winter,3.45,1,10,0.0,0.0,0.1,3.45,0.0,0.0,0.0,-3.45,2026-01-01,2026-01-31
2026-01-23,Demo Campaign 001,Demo Channel 001,Demo Category 003,0,,Winter,6.56,3,5,0.0,0.0,0.6,2.1866666666666665,0.0,0.0,0.0,-6.56,2026-01-01,2026-01-31
2026-01-23,Demo Campaign 001,Demo Channel 001,Demo Category 001,0,,Winter,218.201406,77,252,0.5,559.915,0.3055555555555556,2.833784493506493,0.0064935064935064,436.402812,2.5660467100748194,341.71359399999994,2026-01-01,2026-01-31
2026-01-23,Demo Campaign 014,Demo Channel 001,Demo Category 023,0,,Winter,51.97979,10,69,0.0,0.0,0.144927536231884,5.197979,0.0,0.0,0.0,-51.97979,2026-01-01,2026-01-31
2026-01-23,Demo Campaign 014,Demo Channel 001,Demo Category 007,0,,Winter,66.113582,15,67,1.760847,3521.5179153,0.2238805970149253,4.407572133333333,0.1173898,37.54646599051479,53.26466678662185,3455.4043333,2026-01-01,2026-01-31
2026-01-23,Demo Campaign 012,Demo Channel 001,Demo Category 004,0,,Winter,0.0,0,5,0.0,0.0,0.0,0.0,0.0,0.0,0.0,0.0,2026-01-01,2026-01-31
2026-01-23,Demo Campaign 012,Demo Channel 001,Demo Category 003,0,,Winter,50.22,3,8,0.0,0.0,0.375,16.74,0.0,0.0,0.0,-50.22,2026-01-01,2026-01-31
2026-01-23,Demo Campaign 012,Demo Channel 001,Demo Category 014,0,,Winter,24.509728,4,35,0.0,0.0,0.1142857142857142,6.127432,0.0,0.0,0.0,-24.509728,2026-01-01,2026-01-31
2026-01-23,Demo Campaign 012,Demo Channel 001,Demo Category 005,0,,Winter,0.0,0,3,0.0,0.0,0.0,0.0,0.0,0.0,0.0,0.0,2026-01-01,2026-01-31
2026-01-23,Demo Campaign 012,Demo Channel 001,Demo Category 015,0,,Winter,5.08,2,12,0.0,0.0,0.1666666666666666,2.54,0.0,0.0,0.0,-5.08,2026-01-01,2026-01-31
2026-01-23,Demo Campaign 009,Demo Channel 001,Demo Category 014,0,,Winter,29.146822,3,49,0.0,0.0,0.0612244897959183,9.715607333333333,0.0,0.0,0.0,-29.146822,2026-01-01,2026-01-31
2026-01-23,Demo Campaign 009,Demo Channel 001,Demo Category 005,0,,Winter,30.50248,5,17,0.0,0.0,0.2941176470588235,6.100496,0.0,0.0,0.0,-30.50248,2026-01-01,2026-01-31
2026-01-23,Demo Campaign 009,Demo Channel 001,Demo Category 015,0,,Winter,62.85,6,37,0.0,0.0,0.1621621621621621,10.475,0.0,0.0,0.0,-62.85,2026-01-01,2026-01-31
2026-01-23,Demo Campaign 006,Demo Channel 001,Demo Category 004,0,,Winter,4.2,1,7,0.0,0.0,0.1428571428571428,4.2,0.0,0.0,0.0,-4.2,2026-01-01,2026-01-31
2026-01-23,Demo Campaign 006,Demo Channel 001,Demo Category 003,0,,Winter,134.404085,15,47,0.0,0.0,0.3191489361702128,8.960272333333334,0.0,0.0,0.0,-134.404085,2026-01-01,2026-01-31
2026-01-23,Demo Campaign 006,Demo Channel 001,Demo Category 014,0,,Winter,18.39,5,40,0.0,0.0,0.125,3.678,0.0,0.0,0.0,-18.39,2026-01-01,2026-01-31
2026-01-23,Demo Campaign 006,Demo Channel 001,Demo Category 005,0,,Winter,19.74,4,28,0.0,0.0,0.1428571428571428,4.935,0.0,0.0,0.0,-19.74,2026-01-01,2026-01-31
2026-01-23,Demo Campaign 006,Demo Channel 001,Demo Category 015,0,,Winter,47.33,5,18,0.0,0.0,0.2777777777777778,9.466,0.0,0.0,0.0,-47.33,2026-01-01,2026-01-31
2026-01-23,Demo Campaign 010,Demo Channel 001,Demo Category 003,0,,Winter,4.17,1,1,1.0,1299.9,1.0,4.17,1.0,4.17,311.726618705036,1295.73,2026-01-01,2026-01-31
2026-01-23,Demo Campaign 010,Demo Channel 001,Demo Category 014,0,,Winter,21.89,7,23,0.0,0.0,0.3043478260869565,3.127142857142857,0.0,0.0,0.0,-21.89,2026-01-01,2026-01-31
2026-01-23,Demo Campaign 010,Demo Channel 001,Demo Category 005,0,,Winter,237.762581,49,284,0.0,0.0,0.1725352112676056,4.852297571428572,0.0,0.0,0.0,-237.762581,2026-01-01,2026-01-31
2026-01-23,Demo Campaign 003,Demo Channel 001,Demo Category 013,0,,Winter,1021.689497,807,1923,16.758625,31744.465923013,0.4196567862714508,1.266034073110285,0.0207665737298636,60.9649954575629,31.07056108164436,30722.776426013,2026-01-01,2026-01-31
2026-01-23,Demo Campaign 003,Demo Channel 001,Demo Category 017,0,,Winter,15.654728,9,91,0.0,0.0,0.0989010989010989,1.7394142222222222,0.0,0.0,0.0,-15.654728,2026-01-01,2026-01-31
2026-01-23,Demo Campaign 003,Demo Channel 001,Demo Category 031,0,,Winter,1.15,1,11,0.0,0.0,0.0909090909090909,1.15,0.0,0.0,0.0,-1.15,2026-01-01,2026-01-31
2026-01-23,Demo Campaign 003,Demo Channel 001,Demo Category 002,0,,Winter,65.371394,36,92,0.0,0.0,0.391304347826087,1.8158720555555556,0.0,0.0,0.0,-65.371394,2026-01-01,2026-01-31
2026-01-23,Demo Campaign 013,Demo Channel 001,Demo Category 021,0,,Winter,0.0,0,2,0.0,0.0,0.0,0.0,0.0,0.0,0.0,0.0,2026-01-01,2026-01-31
2026-01-23,Demo Campaign 013,Demo Channel 001,Demo Category 030,0,,Winter,0.0,0,1,0.0,0.0,0.0,0.0,0.0,0.0,0.0,0.0,2026-01-01,2026-01-31
2026-01-23,Demo Campaign 008,Demo Channel 001,Demo Category 004,0,,Winter,133.086528,29,236,0.0,0.0,0.1228813559322034,4.589190620689655,0.0,0.0,0.0,-133.086528,2026-01-01,2026-01-31
2026-01-23,Demo Campaign 008,Demo Channel 001,Demo Category 003,0,,Winter,56.768832,12,113,1.0,999.9,0.1061946902654867,4.730735999999999,0.0833333333333333,56.768832,17.61353835851335,943.131168,2026-01-01,2026-01-31
2026-01-23,Demo Campaign 008,Demo Channel 001,Demo Category 005,0,,Winter,59.716709,12,177,0.0,0.0,0.0677966101694915,4.976392416666666,0.0,0.0,0.0,-59.716709,2026-01-01,2026-01-31
2026-01-23,Demo Campaign 008,Demo Channel 001,Demo Category 015,0,,Winter,139.773479,25,466,1.0,999.9,0.0536480686695279,5.5909391600000005,0.04,139.773479,7.153717623355429,860.1265209999999,2026-01-01,2026-01-31
2026-01-23,Demo Campaign 008,Demo Channel 001,Demo Category 001,0,,Winter,18.34,4,28,0.0,0.0,0.1428571428571428,4.585,0.0,0.0,0.0,-18.34,2026-01-01,2026-01-31
2026-01-23,Demo Campaign 002,Demo Channel 001,Demo Category 004,0,,Winter,60.2,9,86,0.0,0.0,0.1046511627906976,6.688888888888889,0.0,0.0,0.0,-60.2,2026-01-01,2026-01-31
2026-01-23,Demo Campaign 002,Demo Channel 001,Demo Category 003,0,,Winter,15.5,2,7,0.0,0.0,0.2857142857142857,7.75,0.0,0.0,0.0,-15.5,2026-01-01,2026-01-31
2026-01-23,Demo Campaign 002,Demo Channel 001,Demo Category 005,0,,Winter,4.87,1,6,0.0,0.0,0.1666666666666666,4.87,0.0,0.0,0.0,-4.87,2026-01-01,2026-01-31
2026-01-23,Demo Campaign 002,Demo Channel 001,Demo Category 001,0,,Winter,216.087224,34,236,0.0,0.0,0.1440677966101695,6.3555065882352935,0.0,0.0,0.0,-216.087224,2026-01-01,2026-01-31
2026-01-23,Demo Campaign 015,Demo Channel 001,Demo Category 016,0,,Winter,88.82,11,106,0.0,0.0,0.1037735849056603,8.074545454545454,0.0,0.0,0.0,-88.82,2026-01-01,2026-01-31
2026-01-23,Demo Campaign 015,Demo Channel 001,Demo Category 008,0,,Winter,0.0,0,35,0.0,0.0,0.0,0.0,0.0,0.0,0.0,0.0,2026-01-01,2026-01-31
2026-01-23,Demo Campaign 005,Demo Channel 001,Demo Category 004,0,,Winter,15.62,2,38,0.0,0.0,0.0526315789473684,7.81,0.0,0.0,0.0,-15.62,2026-01-01,2026-01-31
2026-01-23,Demo Campaign 005,Demo Channel 001,Demo Category 003,0,,Winter,0.0,0,7,0.0,0.0,0.0,0.0,0.0,0.0,0.0,0.0,2026-01-01,2026-01-31
2026-01-23,Demo Campaign 005,Demo Channel 001,Demo Category 014,0,,Winter,0.0,0,12,0.0,0.0,0.0,0.0,0.0,0.0,0.0,0.0,2026-01-01,2026-01-31
2026-01-23,Demo Campaign 005,Demo Channel 001,Demo Category 005,0,,Winter,18.477498,2,2,0.0,0.0,1.0,9.238749,0.0,0.0,0.0,-18.477498,2026-01-01,2026-01-31
2026-01-23,Demo Campaign 005,Demo Channel 001,Demo Category 015,0,,Winter,3.19,1,14,0.0,0.0,0.0714285714285714,3.19,0.0,0.0,0.0,-3.19,2026-01-01,2026-01-31
2026-01-23,Demo Campaign 011,Demo Channel 001,Demo Category 004,0,,Winter,0.89,1,2,0.0,0.0,0.5,0.89,0.0,0.0,0.0,-0.89,2026-01-01,2026-01-31
2026-01-23,Demo Campaign 011,Demo Channel 001,Demo Category 005,0,,Winter,0.0,0,1,0.0,0.0,0.0,0.0,0.0,0.0,0.0,0.0,2026-01-01,2026-01-31
2026-01-23,Demo Campaign 004,Demo Channel 001,Demo Category 004,0,,Winter,45.37,6,104,0.0,0.0,0.0576923076923076,7.561666666666666,0.0,0.0,0.0,-45.37,2026-01-01,2026-01-31
2026-01-23,Demo Campaign 004,Demo Channel 001,Demo Category 003,0,,Winter,110.39,11,221,0.0,0.0,0.0497737556561085,10.035454545454543,0.0,0.0,0.0,-110.39,2026-01-01,2026-01-31
2026-01-23,Demo Campaign 004,Demo Channel 001,Demo Category 005,0,,Winter,54.44,10,250,0.0,0.0,0.04,5.444,0.0,0.0,0.0,-54.44,2026-01-01,2026-01-31
2026-01-23,Demo Campaign 004,Demo Channel 001,Demo Category 015,0,,Winter,196.936745,17,459,0.0,0.0,0.037037037037037,11.584514411764706,0.0,0.0,0.0,-196.936745,2026-01-01,2026-01-31
2026-01-23,Demo Campaign 004,Demo Channel 001,Demo Category 001,0,,Winter,0.0,0,12,0.0,0.0,0.0,0.0,0.0,0.0,0.0,0.0,2026-01-01,2026-01-31
2026-01-23,Demo Campaign 016,Demo Channel 001,Demo Category 018,0,,Winter,0.9,1,2,0.0,0.0,0.5,0.9,0.0,0.0,0.0,-0.9,2026-01-01,2026-01-31
2026-01-23,Demo Campaign 016,Demo Channel 001,Demo Category 009,0,,Winter,0.0,0,1,0.0,0.0,0.0,0.0,0.0,0.0,0.0,0.0,2026-01-01,2026-01-31
2026-01-23,Demo Campaign 017,Demo Channel 002,Demo Category 010,0,,Winter,127.628869,69,20184,1.0,2142.6,0.0034185493460166,1.8496937536231883,0.0144927536231884,127.628869,16.787737890241743,2014.971131,2026-01-01,2026-01-31
2026-01-23,Demo Campaign 018,Demo Channel 002,Demo Category 011,0,,Winter,110.373483,117,8342,0.0,0.0,0.0140254135698873,0.9433631025641024,0.0,0.0,0.0,-110.373483,2026-01-01,2026-01-31
2026-01-23,Demo Campaign 019,Demo Channel 002,Demo Category 012,0,,Winter,97.44312,38,3355,0.0,0.0,0.0113263785394932,2.5642926315789474,0.0,0.0,0.0,-97.44312,2026-01-01,2026-01-31
2026-01-24,Demo Campaign 020,Demo Channel 003,Demo Category 010,0,,Winter,35.462682,5,1406,0.0,0.0,0.003556187766714,7.0925364,0.0,0.0,0.0,-35.462682,2026-01-01,2026-01-31
2026-01-24,Demo Campaign 020,Demo Channel 003,Demo Category 012,0,,Winter,64.223281,6,2025,0.0,0.0,0.0029629629629629,10.703880166666666,0.0,0.0,0.0,-64.223281,2026-01-01,2026-01-31
2026-01-24,Demo Campaign 007,Demo Channel 001,Demo Category 004,0,,Winter,32.585072,13,45,0.0,0.0,0.2888888888888888,2.506544,0.0,0.0,0.0,-32.585072,2026-01-01,2026-01-31
2026-01-24,Demo Campaign 007,Demo Channel 001,Demo Category 003,0,,Winter,97.344567,26,70,0.0,0.0,0.3714285714285714,3.744021807692308,0.0,0.0,0.0,-97.344567,2026-01-01,2026-01-31
2026-01-24,Demo Campaign 007,Demo Channel 001,Demo Category 014,0,,Winter,409.115557,130,536,7.0,11019.03,0.2425373134328358,3.147042746153846,0.0538461538461538,58.44507957142857,26.933783894216468,10609.914443,2026-01-01,2026-01-31
2026-01-24,Demo Campaign 007,Demo Channel 001,Demo Category 005,0,,Winter,108.04568,25,71,0.0,0.0,0.352112676056338,4.3218272,0.0,0.0,0.0,-108.04568,2026-01-01,2026-01-31
2026-01-24,Demo Campaign 007,Demo Channel 001,Demo Category 015,0,,Winter,137.01,34,151,1.0,1499.899964773,0.2251655629139073,4.029705882352941,0.0294117647058823,137.01,10.9473758468214,1362.889964773,2026-01-01,2026-01-31
2026-01-24,Demo Campaign 001,Demo Channel 001,Demo Category 004,0,,Winter,1.215032,1,2,0.0,0.0,0.5,1.215032,0.0,0.0,0.0,-1.215032,2026-01-01,2026-01-31
2026-01-24,Demo Campaign 001,Demo Channel 001,Demo Category 003,0,,Winter,12.12,6,11,0.0,0.0,0.5454545454545454,2.02,0.0,0.0,0.0,-12.12,2026-01-01,2026-01-31
2026-01-24,Demo Campaign 001,Demo Channel 001,Demo Category 005,0,,Winter,3.03,1,1,0.0,0.0,1.0,3.03,0.0,0.0,0.0,-3.03,2026-01-01,2026-01-31
2026-01-24,Demo Campaign 001,Demo Channel 001,Demo Category 001,0,,Winter,161.944301,76,129,0.709528,1142.36931552,0.5891472868217055,2.130846065789473,0.0093358947368421,228.2422976964968,7.05408778491069,980.42501452,2026-01-01,2026-01-31
2026-01-24,Demo Campaign 014,Demo Channel 001,Demo Category 023,0,,Winter,27.44,7,78,0.0,0.0,0.0897435897435897,3.92,0.0,0.0,0.0,-27.44,2026-01-01,2026-01-31
2026-01-24,Demo Campaign 014,Demo Channel 001,Demo Category 007,0,,Winter,66.63,18,79,0.0,0.0,0.2278481012658227,3.701666666666666,0.0,0.0,0.0,-66.63,2026-01-01,2026-01-31
2026-01-24,Demo Campaign 012,Demo Channel 001,Demo Category 004,0,,Winter,9.14,1,3,0.0,0.0,0.3333333333333333,9.14,0.0,0.0,0.0,-9.14,2026-01-01,2026-01-31
2026-01-24,Demo Campaign 012,Demo Channel 001,Demo Category 003,0,,Winter,11.77,2,6,0.0,0.0,0.3333333333333333,5.885,0.0,0.0,0.0,-11.77,2026-01-01,2026-01-31
2026-01-24,Demo Campaign 012,Demo Channel 001,Demo Category 014,0,,Winter,95.82,4,20,0.0,0.0,0.2,23.955,0.0,0.0,0.0,-95.82,2026-01-01,2026-01-31
2026-01-24,Demo Campaign 012,Demo Channel 001,Demo Category 005,0,,Winter,0.0,0,5,0.0,0.0,0.0,0.0,0.0,0.0,0.0,0.0,2026-01-01,2026-01-31
2026-01-24,Demo Campaign 012,Demo Channel 001,Demo Category 015,0,,Winter,25.09,2,6,0.0,0.0,0.3333333333333333,12.545,0.0,0.0,0.0,-25.09,2026-01-01,2026-01-31
2026-01-24,Demo Campaign 009,Demo Channel 001,Demo Category 014,0,,Winter,139.35,12,59,0.0,0.0,0.2033898305084746,11.6125,0.0,0.0,0.0,-139.35,2026-01-01,2026-01-31
2026-01-24,Demo Campaign 009,Demo Channel 001,Demo Category 005,0,,Winter,45.42,4,14,0.0,0.0,0.2857142857142857,11.355,0.0,0.0,0.0,-45.42,2026-01-01,2026-01-31
2026-01-24,Demo Campaign 009,Demo Channel 001,Demo Category 015,0,,Winter,74.9,4,23,0.0,0.0,0.1739130434782608,18.725,0.0,0.0,0.0,-74.9,2026-01-01,2026-01-31
2026-01-24,Demo Campaign 006,Demo Channel 001,Demo Category 004,0,,Winter,6.72,1,8,0.0,0.0,0.125,6.72,0.0,0.0,0.0,-6.72,2026-01-01,2026-01-31
2026-01-24,Demo Campaign 006,Demo Channel 001,Demo Category 003,0,,Winter,61.440785,10,17,0.0,0.0,0.5882352941176471,6.1440785,0.0,0.0,0.0,-61.440785,2026-01-01,2026-01-31
2026-01-24,Demo Campaign 006,Demo Channel 001,Demo Category 014,0,,Winter,52.904285,11,29,0.0,0.0,0.3793103448275862,4.809480454545454,0.0,0.0,0.0,-52.904285,2026-01-01,2026-01-31
2026-01-24,Demo Campaign 006,Demo Channel 001,Demo Category 005,0,,Winter,42.1,2,5,0.0,0.0,0.4,21.05,0.0,0.0,0.0,-42.1,2026-01-01,2026-01-31
2026-01-24,Demo Campaign 006,Demo Channel 001,Demo Category 015,0,,Winter,18.7,1,14,0.0,0.0,0.0714285714285714,18.7,0.0,0.0,0.0,-18.7,2026-01-01,2026-01-31
2026-01-24,Demo Campaign 006,Demo Channel 001,Demo Category 001,0,,Winter,0.0,0,1,0.0,0.0,0.0,0.0,0.0,0.0,0.0,0.0,2026-01-01,2026-01-31
2026-01-24,Demo Campaign 010,Demo Channel 001,Demo Category 003,0,,Winter,0.0,0,1,0.0,0.0,0.0,0.0,0.0,0.0,0.0,0.0,2026-01-01,2026-01-31
2026-01-24,Demo Campaign 010,Demo Channel 001,Demo Category 014,0,,Winter,38.0,10,37,0.0,0.0,0.2702702702702703,3.8,0.0,0.0,0.0,-38.0,2026-01-01,2026-01-31
2026-01-24,Demo Campaign 010,Demo Channel 001,Demo Category 005,0,,Winter,178.09132,40,253,0.0,0.0,0.1581027667984189,4.452283,0.0,0.0,0.0,-178.09132,2026-01-01,2026-01-31
2026-01-24,Demo Campaign 010,Demo Channel 001,Demo Category 001,0,,Winter,6.68,1,1,0.0,0.0,1.0,6.68,0.0,0.0,0.0,-6.68,2026-01-01,2026-01-31
2026-01-24,Demo Campaign 003,Demo Channel 001,Demo Category 013,0,,Winter,952.659999,765,1845,11.583336,27374.67726864,0.4146341463414634,1.2453071882352942,0.0151416156862745,82.24400975677473,28.73499180964352,26422.01726964,2026-01-01,2026-01-31
2026-01-24,Demo Campaign 003,Demo Channel 001,Demo Category 017,0,,Winter,21.531488,11,135,0.0,0.0,0.0814814814814814,1.957408,0.0,0.0,0.0,-21.531488,2026-01-01,2026-01-31
2026-01-24,Demo Campaign 003,Demo Channel 001,Demo Category 031,0,,Winter,1.98,1,11,0.0,0.0,0.0909090909090909,1.98,0.0,0.0,0.0,-1.98,2026-01-01,2026-01-31
2026-01-24,Demo Campaign 003,Demo Channel 001,Demo Category 002,0,,Winter,26.29,18,91,2.0,7459.38,0.1978021978021978,1.4605555555555556,0.1111111111111111,13.145,283.73449980981366,7433.09,2026-01-01,2026-01-31
2026-01-24,Demo Campaign 013,Demo Channel 001,Demo Category 021,0,,Winter,0.77,1,2,0.0,0.0,0.5,0.77,0.0,0.0,0.0,-0.77,2026-01-01,2026-01-31
2026-01-24,Demo Campaign 008,Demo Channel 001,Demo Category 004,0,,Winter,126.833401,19,248,2.117886,2925.98419864,0.0766129032258064,6.675442157894737,0.1114676842105263,59.88679324571766,23.069508312246555,2799.1507976400003,2026-01-01,2026-01-31
2026-01-24,Demo Campaign 008,Demo Channel 001,Demo Category 003,0,,Winter,30.411776000000003,7,133,0.0,0.0,0.0526315789473684,4.344539428571429,0.0,0.0,0.0,-30.411776000000003,2026-01-01,2026-01-31
2026-01-24,Demo Campaign 008,Demo Channel 001,Demo Category 005,0,,Winter,15.45,4,159,0.0,0.0,0.0251572327044025,3.8625,0.0,0.0,0.0,-15.45,2026-01-01,2026-01-31
2026-01-24,Demo Campaign 008,Demo Channel 001,Demo Category 015,0,,Winter,138.730685,30,523,0.0,0.0,0.0573613766730401,4.624356166666667,0.0,0.0,0.0,-138.730685,2026-01-01,2026-01-31
2026-01-24,Demo Campaign 008,Demo Channel 001,Demo Category 001,0,,Winter,68.65,19,90,0.0,0.0,0.2111111111111111,3.6131578947368426,0.0,0.0,0.0,-68.65,2026-01-01,2026-01-31
2026-01-24,Demo Campaign 002,Demo Channel 001,Demo Category 004,0,,Winter,66.375785,12,74,2.0,2599.8,0.1621621621621621,5.531315416666666,0.1666666666666666,33.1878925,39.16789835329255,2533.424215,2026-01-01,2026-01-31
2026-01-24,Demo Campaign 002,Demo Channel 001,Demo Category 003,0,,Winter,2.04,1,4,0.0,0.0,0.25,2.04,0.0,0.0,0.0,-2.04,2026-01-01,2026-01-31
2026-01-24,Demo Campaign 002,Demo Channel 001,Demo Category 005,0,,Winter,3.91,1,3,0.0,0.0,0.3333333333333333,3.91,0.0,0.0,0.0,-3.91,2026-01-01,2026-01-31
2026-01-24,Demo Campaign 002,Demo Channel 001,Demo Category 001,0,,Winter,137.02,28,168,0.0,0.0,0.1666666666666666,4.893571428571429,0.0,0.0,0.0,-137.02,2026-01-01,2026-01-31
2026-01-24,Demo Campaign 015,Demo Channel 001,Demo Category 016,0,,Winter,169.71,19,147,0.0,0.0,0.1292517006802721,8.932105263157895,0.0,0.0,0.0,-169.71,2026-01-01,2026-01-31
2026-01-24,Demo Campaign 015,Demo Channel 001,Demo Category 008,0,,Winter,16.95,2,48,0.0,0.0,0.0416666666666666,8.475,0.0,0.0,0.0,-16.95,2026-01-01,2026-01-31
2026-01-24,Demo Campaign 005,Demo Channel 001,Demo Category 004,0,,Winter,10.01,4,56,0.0,0.0,0.0714285714285714,2.5025,0.0,0.0,0.0,-10.01,2026-01-01,2026-01-31
2026-01-24,Demo Campaign 005,Demo Channel 001,Demo Category 003,0,,Winter,0.0,0,1,0.0,0.0,0.0,0.0,0.0,0.0,0.0,0.0,2026-01-01,2026-01-31
2026-01-24,Demo Campaign 005,Demo Channel 001,Demo Category 014,0,,Winter,0.0,0,39,0.0,0.0,0.0,0.0,0.0,0.0,0.0,0.0,2026-01-01,2026-01-31
2026-01-24,Demo Campaign 005,Demo Channel 001,Demo Category 005,0,,Winter,0.0,0,1,0.0,0.0,0.0,0.0,0.0,0.0,0.0,0.0,2026-01-01,2026-01-31
2026-01-24,Demo Campaign 005,Demo Channel 001,Demo Category 015,0,,Winter,0.0,0,35,0.0,0.0,0.0,0.0,0.0,0.0,0.0,0.0,2026-01-01,2026-01-31
2026-01-24,Demo Campaign 005,Demo Channel 001,Demo Category 001,0,,Winter,0.0,0,1,0.0,0.0,0.0,0.0,0.0,0.0,0.0,0.0,2026-01-01,2026-01-31
2026-01-24,Demo Campaign 011,Demo Channel 001,Demo Category 004,0,,Winter,1.35,1,3,0.0,0.0,0.3333333333333333,1.35,0.0,0.0,0.0,-1.35,2026-01-01,2026-01-31
2026-01-24,Demo Campaign 011,Demo Channel 001,Demo Category 005,0,,Winter,0.0,0,1,0.0,0.0,0.0,0.0,0.0,0.0,0.0,0.0,2026-01-01,2026-01-31
2026-01-24,Demo Campaign 004,Demo Channel 001,Demo Category 004,0,,Winter,35.46,6,67,0.0,0.0,0.0895522388059701,5.91,0.0,0.0,0.0,-35.46,2026-01-01,2026-01-31
2026-01-24,Demo Campaign 004,Demo Channel 001,Demo Category 003,0,,Winter,56.272398,11,144,0.0,0.0,0.0763888888888889,5.115672545454545,0.0,0.0,0.0,-56.272398,2026-01-01,2026-01-31
2026-01-24,Demo Campaign 004,Demo Channel 001,Demo Category 005,0,,Winter,61.32,9,186,0.0,0.0,0.0483870967741935,6.8133333333333335,0.0,0.0,0.0,-61.32,2026-01-01,2026-01-31
2026-01-24,Demo Campaign 004,Demo Channel 001,Demo Category 015,0,,Winter,162.456839,17,384,0.0,0.0,0.0442708333333333,9.556284647058824,0.0,0.0,0.0,-162.456839,2026-01-01,2026-01-31
2026-01-24,Demo Campaign 004,Demo Channel 001,Demo Category 001,0,,Winter,4.52,1,8,0.0,0.0,0.125,4.52,0.0,0.0,0.0,-4.52,2026-01-01,2026-01-31
2026-01-24,Demo Campaign 016,Demo Channel 001,Demo Category 018,0,,Winter,0.0,0,6,0.0,0.0,0.0,0.0,0.0,0.0,0.0,0.0,2026-01-01,2026-01-31
2026-01-24,Demo Campaign 016,Demo Channel 001,Demo Category 020,0,,Winter,0.0,0,2,0.0,0.0,0.0,0.0,0.0,0.0,0.0,0.0,2026-01-01,2026-01-31
2026-01-24,Demo Campaign 016,Demo Channel 001,Demo Category 027,0,,Winter,0.0,0,2,0.0,0.0,0.0,0.0,0.0,0.0,0.0,0.0,2026-01-01,2026-01-31
2026-01-24,Demo Campaign 016,Demo Channel 001,Demo Category 009,0,,Winter,0.0,0,5,0.0,0.0,0.0,0.0,0.0,0.0,0.0,0.0,2026-01-01,2026-01-31
2026-01-24,Demo Campaign 017,Demo Channel 002,Demo Category 010,0,,Winter,123.532632,55,9022,0.0,0.0,0.006096209266238,2.2460478545454547,0.0,0.0,0.0,-123.532632,2026-01-01,2026-01-31
2026-01-24,Demo Campaign 018,Demo Channel 002,Demo Category 011,0,,Winter,108.399121,105,6443,0.0,0.0,0.0162967561694862,1.032372580952381,0.0,0.0,0.0,-108.399121,2026-01-01,2026-01-31
2026-01-24,Demo Campaign 019,Demo Channel 002,Demo Category 012,0,,Winter,99.789039,35,1094,0.0,0.0,0.0319926873857404,2.8511154,0.0,0.0,0.0,-99.789039,2026-01-01,2026-01-31
2026-01-25,Demo Campaign 020,Demo Channel 003,Demo Category 010,0,,Winter,55.766221,6,2747,0.0,0.0,0.002184200946487,9.294370166666669,0.0,0.0,0.0,-55.766221,2026-01-01,2026-01-31
2026-01-25,Demo Campaign 020,Demo Channel 003,Demo Category 012,0,,Winter,42.195758,3,1432,0.0,0.0,0.0020949720670391,14.065252666666666,0.0,0.0,0.0,-42.195758,2026-01-01,2026-01-31
2026-01-25,Demo Campaign 007,Demo Channel 001,Demo Category 004,0,,Winter,33.514683,12,67,0.0,0.0,0.1791044776119403,2.79289025,0.0,0.0,0.0,-33.514683,2026-01-01,2026-01-31
2026-01-25,Demo Campaign 007,Demo Channel 001,Demo Category 003,0,,Winter,86.60565600000001,28,84,0.0,0.0,0.3333333333333333,3.0930591428571432,0.0,0.0,0.0,-86.60565600000001,2026-01-01,2026-01-31
2026-01-25,Demo Campaign 007,Demo Channel 001,Demo Category 014,0,,Winter,653.165417,187,867,3.123304,4866.720975221,0.2156862745098039,3.492863192513369,0.0167021604278074,209.12643053638072,7.450977728695332,4213.555558221,2026-01-01,2026-01-31
2026-01-25,Demo Campaign 007,Demo Channel 001,Demo Category 005,0,,Winter,148.187763,34,103,0.03421,89.6247264,0.3300970873786408,4.358463617647058,0.0010061764705882,4331.708944752996,0.604805178144163,-58.56303659999999,2026-01-01,2026-01-31
2026-01-25,Demo Campaign 007,Demo Channel 001,Demo Category 015,0,,Winter,188.864919,37,181,0.0,0.0,0.2044198895027624,5.10445727027027,0.0,0.0,0.0,-188.864919,2026-01-01,2026-01-31
2026-01-25,Demo Campaign 001,Demo Channel 001,Demo Category 004,0,,Winter,5.64,2,6,0.0,0.0,0.3333333333333333,2.82,0.0,0.0,0.0,-5.64,2026-01-01,2026-01-31
2026-01-25,Demo Campaign 001,Demo Channel 001,Demo Category 003,0,,Winter,12.66,5,12,0.0,0.0,0.4166666666666667,2.532,0.0,0.0,0.0,-12.66,2026-01-01,2026-01-31
2026-01-25,Demo Campaign 001,Demo Channel 001,Demo Category 005,0,,Winter,5.2,3,4,0.0,0.0,0.75,1.7333333333333334,0.0,0.0,0.0,-5.2,2026-01-01,2026-01-31
2026-01-25,Demo Campaign 001,Demo Channel 001,Demo Category 001,0,,Winter,176.572865,78,214,2.056022,2596.5653306,0.3644859813084112,2.2637546794871795,0.0263592564102564,85.88082471880165,14.7053474530189,2419.9924656,2026-01-01,2026-01-31
2026-01-25,Demo Campaign 014,Demo Channel 001,Demo Category 023,0,,Winter,43.191519,8,121,0.0,0.0,0.0661157024793388,5.398939875,0.0,0.0,0.0,-43.191519,2026-01-01,2026-01-31
2026-01-25,Demo Campaign 014,Demo Channel 001,Demo Category 007,0,,Winter,26.37,7,73,0.0,0.0,0.0958904109589041,3.767142857142857,0.0,0.0,0.0,-26.37,2026-01-01,2026-01-31
2026-01-25,Demo Campaign 012,Demo Channel 001,Demo Category 004,0,,Winter,15.72,2,8,0.0,0.0,0.25,7.86,0.0,0.0,0.0,-15.72,2026-01-01,2026-01-31
2026-01-25,Demo Campaign 012,Demo Channel 001,Demo Category 003,0,,Winter,40.34,4,16,0.0,0.0,0.25,10.085,0.0,0.0,0.0,-40.34,2026-01-01,2026-01-31
2026-01-25,Demo Campaign 012,Demo Channel 001,Demo Category 014,0,,Winter,24.3,3,27,0.0,0.0,0.1111111111111111,8.1,0.0,0.0,0.0,-24.3,2026-01-01,2026-01-31
2026-01-25,Demo Campaign 012,Demo Channel 001,Demo Category 005,0,,Winter,8.0,2,15,0.0,0.0,0.1333333333333333,4.0,0.0,0.0,0.0,-8.0,2026-01-01,2026-01-31
2026-01-25,Demo Campaign 012,Demo Channel 001,Demo Category 015,0,,Winter,13.31,2,12,0.0,0.0,0.1666666666666666,6.655,0.0,0.0,0.0,-13.31,2026-01-01,2026-01-31
2026-01-25,Demo Campaign 009,Demo Channel 001,Demo Category 014,0,,Winter,112.10778,8,45,0.0,0.0,0.1777777777777777,14.0134725,0.0,0.0,0.0,-112.10778,2026-01-01,2026-01-31
2026-01-25,Demo Campaign 009,Demo Channel 001,Demo Category 005,0,,Winter,44.29,7,20,0.0,0.0,0.35,6.327142857142857,0.0,0.0,0.0,-44.29,2026-01-01,2026-01-31
2026-01-25,Demo Campaign 009,Demo Channel 001,Demo Category 015,0,,Winter,4.21,1,11,0.0,0.0,0.0909090909090909,4.21,0.0,0.0,0.0,-4.21,2026-01-01,2026-01-31
2026-01-25,Demo Campaign 006,Demo Channel 001,Demo Category 004,0,,Winter,20.74,2,2,0.0,0.0,1.0,10.37,0.0,0.0,0.0,-20.74,2026-01-01,2026-01-31
2026-01-25,Demo Campaign 006,Demo Channel 001,Demo Category 003,0,,Winter,32.362557,5,10,0.0,0.0,0.5,6.4725114,0.0,0.0,0.0,-32.362557,2026-01-01,2026-01-31
2026-01-25,Demo Campaign 006,Demo Channel 001,Demo Category 014,0,,Winter,96.43,11,21,0.0,0.0,0.5238095238095238,8.766363636363637,0.0,0.0,0.0,-96.43,2026-01-01,2026-01-31
2026-01-25,Demo Campaign 006,Demo Channel 001,Demo Category 005,0,,Winter,19.46,2,16,0.0,0.0,0.125,9.73,0.0,0.0,0.0,-19.46,2026-01-01,2026-01-31
2026-01-25,Demo Campaign 006,Demo Channel 001,Demo Category 015,0,,Winter,48.9,7,9,0.0,0.0,0.7777777777777778,6.985714285714286,0.0,0.0,0.0,-48.9,2026-01-01,2026-01-31
2026-01-25,Demo Campaign 006,Demo Channel 001,Demo Category 001,0,,Winter,0.0,0,1,0.0,0.0,0.0,0.0,0.0,0.0,0.0,0.0,2026-01-01,2026-01-31
2026-01-25,Demo Campaign 010,Demo Channel 001,Demo Category 003,0,,Winter,0.0,0,1,0.0,0.0,0.0,0.0,0.0,0.0,0.0,0.0,2026-01-01,2026-01-31
2026-01-25,Demo Campaign 010,Demo Channel 001,Demo Category 014,0,,Winter,33.47,10,30,0.0,0.0,0.3333333333333333,3.347,0.0,0.0,0.0,-33.47,2026-01-01,2026-01-31
2026-01-25,Demo Campaign 010,Demo Channel 001,Demo Category 005,0,,Winter,218.500358,59,375,2.0,7159.68,0.1573333333333333,3.703395898305085,0.0338983050847457,109.250179,32.76736050015991,6941.179642,2026-01-01,2026-01-31
2026-01-25,Demo Campaign 010,Demo Channel 001,Demo Category 001,0,,Winter,0.0,0,2,0.0,0.0,0.0,0.0,0.0,0.0,0.0,0.0,2026-01-01,2026-01-31
2026-01-25,Demo Campaign 003,Demo Channel 001,Demo Category 013,0,,Winter,918.567584,809,1998,42.302991,90910.174997063,0.4049049049049049,1.135435826946848,0.0522904709517923,21.714010340309034,98.9695005360248,89991.607413063,2026-01-01,2026-01-31
2026-01-25,Demo Campaign 003,Demo Channel 001,Demo Category 017,0,,Winter,21.562827,11,145,0.0,0.0,0.0758620689655172,1.960257,0.0,0.0,0.0,-21.562827,2026-01-01,2026-01-31
2026-01-25,Demo Campaign 003,Demo Channel 001,Demo Category 031,0,,Winter,0.0,0,9,0.0,0.0,0.0,0.0,0.0,0.0,0.0,0.0,2026-01-01,2026-01-31
2026-01-25,Demo Campaign 003,Demo Channel 001,Demo Category 002,0,,Winter,39.90866,27,91,2.055452,2906.25896768,0.2967032967032967,1.4780985185185185,0.0761278518518518,19.416001930475637,72.8227649758223,2866.35030768,2026-01-01,2026-01-31
2026-01-25,Demo Campaign 013,Demo Channel 001,Demo Category 021,0,,Winter,0.0,0,3,0.0,0.0,0.0,0.0,0.0,0.0,0.0,0.0,2026-01-01,2026-01-31
2026-01-25,Demo Campaign 013,Demo Channel 001,Demo Category 006,0,,Winter,0.0,0,3,0.0,0.0,0.0,0.0,0.0,0.0,0.0,0.0,2026-01-01,2026-01-31
2026-01-25,Demo Campaign 008,Demo Channel 001,Demo Category 004,0,,Winter,97.63313,33,350,0.0,0.0,0.0942857142857142,2.958579696969697,0.0,0.0,0.0,-97.63313,2026-01-01,2026-01-31
2026-01-25,Demo Campaign 008,Demo Channel 001,Demo Category 003,0,,Winter,40.914642,9,133,0.0,0.0,0.0676691729323308,4.546071333333334,0.0,0.0,0.0,-40.914642,2026-01-01,2026-01-31
2026-01-25,Demo Campaign 008,Demo Channel 001,Demo Category 005,0,,Winter,43.86,13,285,0.0,0.0,0.0456140350877193,3.373846153846154,0.0,0.0,0.0,-43.86,2026-01-01,2026-01-31
2026-01-25,Demo Campaign 008,Demo Channel 001,Demo Category 015,0,,Winter,186.566724,40,578,1.0,1899.9,0.0692041522491349,4.6641681,0.025,186.566724,10.183488026514311,1713.333276,2026-01-01,2026-01-31
2026-01-25,Demo Campaign 008,Demo Channel 001,Demo Category 001,0,,Winter,60.988028,15,94,0.0,0.0,0.1595744680851064,4.065868533333333,0.0,0.0,0.0,-60.988028,2026-01-01,2026-01-31
2026-01-25,Demo Campaign 002,Demo Channel 001,Demo Category 004,0,,Winter,75.11,11,87,0.0,0.0,0.1264367816091954,6.828181818181818,0.0,0.0,0.0,-75.11,2026-01-01,2026-01-31
2026-01-25,Demo Campaign 002,Demo Channel 001,Demo Category 003,0,,Winter,0.0,0,5,0.0,0.0,0.0,0.0,0.0,0.0,0.0,0.0,2026-01-01,2026-01-31
2026-01-25,Demo Campaign 002,Demo Channel 001,Demo Category 005,0,,Winter,0.0,0,3,0.0,0.0,0.0,0.0,0.0,0.0,0.0,0.0,2026-01-01,2026-01-31
2026-01-25,Demo Campaign 002,Demo Channel 001,Demo Category 001,0,,Winter,166.802236,34,254,0.083178,159.68845152,0.1338582677165354,4.905948117647059,0.0024464117647058,2005.3648320469356,0.9573519836988276,-7.1137844799999925,2026-01-01,2026-01-31
2026-01-25,Demo Campaign 015,Demo Channel 001,Demo Category 016,0,,Winter,130.707,21,66,0.0,0.0,0.3181818181818182,6.224142857142857,0.0,0.0,0.0,-130.707,2026-01-01,2026-01-31
2026-01-25,Demo Campaign 015,Demo Channel 001,Demo Category 008,0,,Winter,5.75,1,35,0.0,0.0,0.0285714285714285,5.75,0.0,0.0,0.0,-5.75,2026-01-01,2026-01-31
2026-01-25,Demo Campaign 005,Demo Channel 001,Demo Category 004,0,,Winter,10.61,3,48,0.0,0.0,0.0625,3.536666666666666,0.0,0.0,0.0,-10.61,2026-01-01,2026-01-31
2026-01-25,Demo Campaign 005,Demo Channel 001,Demo Category 003,0,,Winter,0.0,0,1,0.0,0.0,0.0,0.0,0.0,0.0,0.0,0.0,2026-01-01,2026-01-31
2026-01-25,Demo Campaign 005,Demo Channel 001,Demo Category 014,0,,Winter,4.28,2,21,0.0,0.0,0.0952380952380952,2.14,0.0,0.0,0.0,-4.28,2026-01-01,2026-01-31
2026-01-25,Demo Campaign 005,Demo Channel 001,Demo Category 015,0,,Winter,16.13,4,44,0.0,0.0,0.0909090909090909,4.0325,0.0,0.0,0.0,-16.13,2026-01-01,2026-01-31
2026-01-25,Demo Campaign 011,Demo Channel 001,Demo Category 004,0,,Winter,0.0,0,1,0.0,0.0,0.0,0.0,0.0,0.0,0.0,0.0,2026-01-01,2026-01-31
2026-01-25,Demo Campaign 004,Demo Channel 001,Demo Category 004,0,,Winter,60.91,8,143,0.0,0.0,0.0559440559440559,7.61375,0.0,0.0,0.0,-60.91,2026-01-01,2026-01-31
2026-01-25,Demo Campaign 004,Demo Channel 001,Demo Category 003,0,,Winter,56.230605,9,263,0.0,0.0,0.0342205323193916,6.247845,0.0,0.0,0.0,-56.230605,2026-01-01,2026-01-31
2026-01-25,Demo Campaign 004,Demo Channel 001,Demo Category 005,0,,Winter,69.803167,14,269,0.0,0.0,0.0520446096654275,4.9859405,0.0,0.0,0.0,-69.803167,2026-01-01,2026-01-31
2026-01-25,Demo Campaign 004,Demo Channel 001,Demo Category 015,0,,Winter,166.121694,25,601,0.0,0.0,0.0415973377703826,6.64486776,0.0,0.0,0.0,-166.121694,2026-01-01,2026-01-31
2026-01-25,Demo Campaign 004,Demo Channel 001,Demo Category 001,0,,Winter,0.0,0,3,0.0,0.0,0.0,0.0,0.0,0.0,0.0,0.0,2026-01-01,2026-01-31
2026-01-25,Demo Campaign 016,Demo Channel 001,Demo Category 018,0,,Winter,1.95232,1,6,0.0,0.0,0.1666666666666666,1.95232,0.0,0.0,0.0,-1.95232,2026-01-01,2026-01-31
2026-01-25,Demo Campaign 016,Demo Channel 001,Demo Category 020,0,,Winter,0.0,0,1,0.0,0.0,0.0,0.0,0.0,0.0,0.0,0.0,2026-01-01,2026-01-31
2026-01-25,Demo Campaign 017,Demo Channel 002,Demo Category 010,0,,Winter,97.672778,57,8373,0.0,0.0,0.0068075958437835,1.7135575087719297,0.0,0.0,0.0,-97.672778,2026-01-01,2026-01-31
2026-01-25,Demo Campaign 018,Demo Channel 002,Demo Category 011,0,,Winter,108.75476,112,7606,0.0,0.0,0.0147252169339994,0.9710246428571429,0.0,0.0,0.0,-108.75476,2026-01-01,2026-01-31
2026-01-25,Demo Campaign 019,Demo Channel 002,Demo Category 012,0,,Winter,102.834634,29,1853,0.0,0.0,0.015650296815974,3.546021862068965,0.0,0.0,0.0,-102.834634,2026-01-01,2026-01-31
2026-01-26,Demo Campaign 020,Demo Channel 003,Demo Category 010,0,,Winter,44.117496,7,2078,0.0,0.0,0.0033686236766121,6.302499428571429,0.0,0.0,0.0,-44.117496,2026-01-01,2026-01-31
2026-01-26,Demo Campaign 020,Demo Channel 003,Demo Category 012,0,,Winter,54.051803,9,1758,0.0,0.0,0.0051194539249146,6.005755888888888,0.0,0.0,0.0,-54.051803,2026-01-01,2026-01-31
2026-01-26,Demo Campaign 007,Demo Channel 001,Demo Category 004,0,,Winter,52.817225,18,58,0.0,0.0,0.3103448275862069,2.934290277777778,0.0,0.0,0.0,-52.817225,2026-01-01,2026-01-31
2026-01-26,Demo Campaign 007,Demo Channel 001,Demo Category 003,0,,Winter,129.384124,34,68,0.0,0.0,0.5,3.8054154117647054,0.0,0.0,0.0,-129.384124,2026-01-01,2026-01-31
2026-01-26,Demo Campaign 007,Demo Channel 001,Demo Category 014,0,,Winter,449.264013,129,373,1.0,1799.9,0.3458445040214477,3.4826667674418603,0.0077519379844961,449.264013,4.006330237717037,1350.635987,2026-01-01,2026-01-31
2026-01-26,Demo Campaign 007,Demo Channel 001,Demo Category 005,0,,Winter,91.47,20,60,1.889164,4118.07525376,0.3333333333333333,4.5735,0.0944582,48.41824214308551,45.021047925658685,4026.60525376,2026-01-01,2026-01-31
2026-01-26,Demo Campaign 007,Demo Channel 001,Demo Category 015,0,,Winter,105.769596,34,129,0.0,0.0,0.2635658914728682,3.1108704705882357,0.0,0.0,0.0,-105.769596,2026-01-01,2026-01-31
2026-01-26,Demo Campaign 001,Demo Channel 001,Demo Category 004,0,,Winter,4.86,2,6,0.0,0.0,0.3333333333333333,2.43,0.0,0.0,0.0,-4.86,2026-01-01,2026-01-31
2026-01-26,Demo Campaign 001,Demo Channel 001,Demo Category 003,0,,Winter,11.005229,5,7,0.0,0.0,0.7142857142857143,2.2010458,0.0,0.0,0.0,-11.005229,2026-01-01,2026-01-31
2026-01-26,Demo Campaign 001,Demo Channel 001,Demo Category 005,0,,Winter,3.04,1,3,0.0,0.0,0.3333333333333333,3.04,0.0,0.0,0.0,-3.04,2026-01-01,2026-01-31
2026-01-26,Demo Campaign 001,Demo Channel 001,Demo Category 001,0,,Winter,236.087127,106,234,0.0,0.0,0.452991452991453,2.2272370471698117,0.0,0.0,0.0,-236.087127,2026-01-01,2026-01-31
2026-01-26,Demo Campaign 014,Demo Channel 001,Demo Category 023,0,,Winter,25.74,7,85,0.0,0.0,0.0823529411764705,3.677142857142857,0.0,0.0,0.0,-25.74,2026-01-01,2026-01-31
2026-01-26,Demo Campaign 014,Demo Channel 001,Demo Category 007,0,,Winter,104.060645,25,111,0.0,0.0,0.2252252252252252,4.162425799999999,0.0,0.0,0.0,-104.060645,2026-01-01,2026-01-31
2026-01-26,Demo Campaign 012,Demo Channel 001,Demo Category 004,0,,Winter,2.69,1,8,0.0,0.0,0.125,2.69,0.0,0.0,0.0,-2.69,2026-01-01,2026-01-31
2026-01-26,Demo Campaign 012,Demo Channel 001,Demo Category 003,0,,Winter,12.014781,4,19,0.0,0.0,0.2105263157894736,3.00369525,0.0,0.0,0.0,-12.014781,2026-01-01,2026-01-31
2026-01-26,Demo Campaign 012,Demo Channel 001,Demo Category 014,0,,Winter,37.549196,10,37,0.0,0.0,0.2702702702702703,3.7549196,0.0,0.0,0.0,-37.549196,2026-01-01,2026-01-31
2026-01-26,Demo Campaign 012,Demo Channel 001,Demo Category 005,0,,Winter,5.93,2,14,0.0,0.0,0.1428571428571428,2.965,0.0,0.0,0.0,-5.93,2026-01-01,2026-01-31
2026-01-26,Demo Campaign 012,Demo Channel 001,Demo Category 015,0,,Winter,81.044315,4,19,0.0,0.0,0.2105263157894736,20.26107875,0.0,0.0,0.0,-81.044315,2026-01-01,2026-01-31
2026-01-26,Demo Campaign 009,Demo Channel 001,Demo Category 014,0,,Winter,128.6,4,53,0.0,0.0,0.0754716981132075,32.15,0.0,0.0,0.0,-128.6,2026-01-01,2026-01-31
2026-01-26,Demo Campaign 009,Demo Channel 001,Demo Category 005,0,,Winter,53.260949,3,29,0.0,0.0,0.1034482758620689,17.753649666666664,0.0,0.0,0.0,-53.260949,2026-01-01,2026-01-31
2026-01-26,Demo Campaign 009,Demo Channel 001,Demo Category 015,0,,Winter,31.097634,2,35,0.0,0.0,0.0571428571428571,15.548817,0.0,0.0,0.0,-31.097634,2026-01-01,2026-01-31
2026-01-26,Demo Campaign 006,Demo Channel 001,Demo Category 004,0,,Winter,0.0,0,6,0.0,0.0,0.0,0.0,0.0,0.0,0.0,0.0,2026-01-01,2026-01-31
2026-01-26,Demo Campaign 006,Demo Channel 001,Demo Category 003,0,,Winter,85.935067,9,65,0.0,0.0,0.1384615384615384,9.548340777777778,0.0,0.0,0.0,-85.935067,2026-01-01,2026-01-31
2026-01-26,Demo Campaign 006,Demo Channel 001,Demo Category 014,0,,Winter,83.955308,16,94,0.0,0.0,0.1702127659574468,5.24720675,0.0,0.0,0.0,-83.955308,2026-01-01,2026-01-31
2026-01-26,Demo Campaign 006,Demo Channel 001,Demo Category 005,0,,Winter,36.341938,7,33,0.0,0.0,0.2121212121212121,5.191705428571429,0.0,0.0,0.0,-36.341938,2026-01-01,2026-01-31
2026-01-26,Demo Campaign 006,Demo Channel 001,Demo Category 015,0,,Winter,4.38,1,29,0.0,0.0,0.0344827586206896,4.38,0.0,0.0,0.0,-4.38,2026-01-01,2026-01-31
2026-01-26,Demo Campaign 006,Demo Channel 001,Demo Category 001,0,,Winter,0.0,0,2,0.0,0.0,0.0,0.0,0.0,0.0,0.0,0.0,2026-01-01,2026-01-31
2026-01-26,Demo Campaign 010,Demo Channel 001,Demo Category 003,0,,Winter,9.22,2,3,0.0,0.0,0.6666666666666666,4.61,0.0,0.0,0.0,-9.22,2026-01-01,2026-01-31
2026-01-26,Demo Campaign 010,Demo Channel 001,Demo Category 014,0,,Winter,12.97,4,19,0.0,0.0,0.2105263157894736,3.2425,0.0,0.0,0.0,-12.97,2026-01-01,2026-01-31
2026-01-26,Demo Campaign 010,Demo Channel 001,Demo Category 005,0,,Winter,186.969899,39,204,0.055928,76.6101744,0.1911764705882352,4.794099974358974,0.0014340512820512,3343.046398941496,0.4097460329697242,-110.3597246,2026-01-01,2026-01-31
2026-01-26,Demo Campaign 003,Demo Channel 001,Demo Category 013,0,,Winter,1193.322815,914,2195,41.68662,81972.270000195,0.4164009111617312,1.3056048304157548,0.0456089934354485,28.626039122385077,68.69245184103431,80778.947185195,2026-01-01,2026-01-31
2026-01-26,Demo Campaign 003,Demo Channel 001,Demo Category 017,0,,Winter,13.871015,7,73,0.0,0.0,0.0958904109589041,1.9815735714285716,0.0,0.0,0.0,-13.871015,2026-01-01,2026-01-31
2026-01-26,Demo Campaign 003,Demo Channel 001,Demo Category 031,0,,Winter,5.95,3,29,0.0,0.0,0.1034482758620689,1.9833333333333332,0.0,0.0,0.0,-5.95,2026-01-01,2026-01-31
2026-01-26,Demo Campaign 003,Demo Channel 001,Demo Category 002,0,,Winter,43.290762,32,96,0.648182,1417.1851248,0.3333333333333333,1.3528363125,0.0202556875,66.78797313100333,32.73643288607394,1373.8943628,2026-01-01,2026-01-31
2026-01-26,Demo Campaign 013,Demo Channel 001,Demo Category 024,0,,Winter,0.0,0,1,0.0,0.0,0.0,0.0,0.0,0.0,0.0,0.0,2026-01-01,2026-01-31
2026-01-26,Demo Campaign 013,Demo Channel 001,Demo Category 030,0,,Winter,0.0,0,1,0.0,0.0,0.0,0.0,0.0,0.0,0.0,0.0,2026-01-01,2026-01-31
2026-01-26,Demo Campaign 008,Demo Channel 001,Demo Category 004,0,,Winter,118.878216,14,295,2.0,3269.7,0.047457627118644,8.491301142857143,0.1428571428571428,59.439108,27.50461867630988,3150.821784,2026-01-01,2026-01-31
2026-01-26,Demo Campaign 008,Demo Channel 001,Demo Category 003,0,,Winter,36.76,5,149,0.0,0.0,0.0335570469798657,7.351999999999999,0.0,0.0,0.0,-36.76,2026-01-01,2026-01-31
2026-01-26,Demo Campaign 008,Demo Channel 001,Demo Category 005,0,,Winter,49.250791,16,232,0.0,0.0,0.0689655172413793,3.0781744375,0.0,0.0,0.0,-49.250791,2026-01-01,2026-01-31
2026-01-26,Demo Campaign 008,Demo Channel 001,Demo Category 015,0,,Winter,179.251117,27,522,0.0,0.0,0.0517241379310344,6.638930259259259,0.0,0.0,0.0,-179.251117,2026-01-01,2026-01-31
2026-01-26,Demo Campaign 008,Demo Channel 001,Demo Category 001,0,,Winter,49.97,16,127,0.0,0.0,0.1259842519685039,3.123125,0.0,0.0,0.0,-49.97,2026-01-01,2026-01-31
2026-01-26,Demo Campaign 002,Demo Channel 001,Demo Category 004,0,,Winter,30.31,7,29,0.0,0.0,0.2413793103448276,4.33,0.0,0.0,0.0,-30.31,2026-01-01,2026-01-31
2026-01-26,Demo Campaign 002,Demo Channel 001,Demo Category 005,0,,Winter,6.69,3,2,0.0,0.0,1.5,2.23,0.0,0.0,0.0,-6.69,2026-01-01,2026-01-31
2026-01-26,Demo Campaign 002,Demo Channel 001,Demo Category 001,0,,Winter,154.630319,36,167,0.666666,933.2657334,0.2155688622754491,4.295286638888888,0.0185185,231.94571044571043,6.035464063163448,778.6354144000001,2026-01-01,2026-01-31
2026-01-26,Demo Campaign 015,Demo Channel 001,Demo Category 016,0,,Winter,169.107815,26,105,0.0,0.0,0.2476190476190476,6.5041467307692304,0.0,0.0,0.0,-169.107815,2026-01-01,2026-01-31
2026-01-26,Demo Campaign 015,Demo Channel 001,Demo Category 008,0,,Winter,0.0,0,22,0.0,0.0,0.0,0.0,0.0,0.0,0.0,0.0,2026-01-01,2026-01-31
2026-01-26,Demo Campaign 005,Demo Channel 001,Demo Category 004,0,,Winter,13.8,3,59,0.0,0.0,0.0508474576271186,4.6000000000000005,0.0,0.0,0.0,-13.8,2026-01-01,2026-01-31
2026-01-26,Demo Campaign 005,Demo Channel 001,Demo Category 003,0,,Winter,0.0,0,7,0.0,0.0,0.0,0.0,0.0,0.0,0.0,0.0,2026-01-01,2026-01-31
2026-01-26,Demo Campaign 005,Demo Channel 001,Demo Category 014,0,,Winter,0.0,0,31,0.0,0.0,0.0,0.0,0.0,0.0,0.0,0.0,2026-01-01,2026-01-31
2026-01-26,Demo Campaign 005,Demo Channel 001,Demo Category 005,0,,Winter,5.78,1,4,0.0,0.0,0.25,5.78,0.0,0.0,0.0,-5.78,2026-01-01,2026-01-31
2026-01-26,Demo Campaign 005,Demo Channel 001,Demo Category 015,0,,Winter,11.47,2,35,0.0,0.0,0.0571428571428571,5.735,0.0,0.0,0.0,-11.47,2026-01-01,2026-01-31
2026-01-26,Demo Campaign 004,Demo Channel 001,Demo Category 004,0,,Winter,0.0,0,52,0.0,0.0,0.0,0.0,0.0,0.0,0.0,0.0,2026-01-01,2026-01-31
2026-01-26,Demo Campaign 004,Demo Channel 001,Demo Category 003,0,,Winter,60.75,10,141,0.117886,330.06193824,0.0709219858156028,6.075,0.0117886,515.3283680844205,5.433118324938272,269.31193824,2026-01-01,2026-01-31
2026-01-26,Demo Campaign 004,Demo Channel 001,Demo Category 005,0,,Winter,62.37,13,171,0.0,0.0,0.0760233918128654,4.797692307692308,0.0,0.0,0.0,-62.37,2026-01-01,2026-01-31
2026-01-26,Demo Campaign 004,Demo Channel 001,Demo Category 015,0,,Winter,110.07,14,289,0.0,0.0,0.0484429065743944,7.862142857142857,0.0,0.0,0.0,-110.07,2026-01-01,2026-01-31
2026-01-26,Demo Campaign 004,Demo Channel 001,Demo Category 001,0,,Winter,9.13,1,6,0.0,0.0,0.1666666666666666,9.13,0.0,0.0,0.0,-9.13,2026-01-01,2026-01-31
2026-01-26,Demo Campaign 016,Demo Channel 001,Demo Category 018,0,,Winter,1.14,1,11,0.0,0.0,0.0909090909090909,1.14,0.0,0.0,0.0,-1.14,2026-01-01,2026-01-31
2026-01-26,Demo Campaign 016,Demo Channel 001,Demo Category 027,0,,Winter,0.0,0,7,0.0,0.0,0.0,0.0,0.0,0.0,0.0,0.0,2026-01-01,2026-01-31
2026-01-26,Demo Campaign 016,Demo Channel 001,Demo Category 009,0,,Winter,0.0,0,13,0.0,0.0,0.0,0.0,0.0,0.0,0.0,0.0,2026-01-01,2026-01-31
2026-01-26,Demo Campaign 017,Demo Channel 002,Demo Category 010,0,,Winter,90.241014,35,8036,0.0,0.0,0.0043554006968641,2.578314685714286,0.0,0.0,0.0,-90.241014,2026-01-01,2026-01-31
2026-01-26,Demo Campaign 018,Demo Channel 002,Demo Category 011,0,,Winter,105.819385,92,4843,0.0,0.0,0.0189964897790625,1.150210706521739,0.0,0.0,0.0,-105.819385,2026-01-01,2026-01-31
2026-01-26,Demo Campaign 019,Demo Channel 002,Demo Category 012,0,,Winter,93.754509,24,1318,0.0,0.0,0.0182094081942336,3.906437875,0.0,0.0,0.0,-93.754509,2026-01-01,2026-01-31
2026-01-27,Demo Campaign 020,Demo Channel 003,Demo Category 010,0,,Winter,41.264654,8,1951,0.0,0.0,0.0041004613018964,5.15808175,0.0,0.0,0.0,-41.264654,2026-01-01,2026-01-31
2026-01-27,Demo Campaign 020,Demo Channel 003,Demo Category 012,0,,Winter,55.829178,9,2231,0.0,0.0,0.004034065441506,6.203242,0.0,0.0,0.0,-55.829178,2026-01-01,2026-01-31
2026-01-27,Demo Campaign 007,Demo Channel 001,Demo Category 004,0,,Winter,47.527288,13,63,0.0,0.0,0.2063492063492063,3.655945230769231,0.0,0.0,0.0,-47.527288,2026-01-01,2026-01-31
2026-01-27,Demo Campaign 007,Demo Channel 001,Demo Category 003,0,,Winter,60.9,24,63,0.0,0.0,0.3809523809523809,2.5375,0.0,0.0,0.0,-60.9,2026-01-01,2026-01-31
2026-01-27,Demo Campaign 007,Demo Channel 001,Demo Category 014,0,,Winter,455.39133,151,581,4.0,10119.36,0.2598967297762478,3.0158366225165563,0.0264900662251655,113.8478325,22.22123991688643,9663.96867,2026-01-01,2026-01-31
2026-01-27,Demo Campaign 007,Demo Channel 001,Demo Category 005,0,,Winter,110.226943,33,111,0.0,0.0,0.2972972972972973,3.340210393939394,0.0,0.0,0.0,-110.226943,2026-01-01,2026-01-31
2026-01-27,Demo Campaign 007,Demo Channel 001,Demo Category 015,0,,Winter,141.576201,40,156,0.0,0.0,0.2564102564102564,3.539405025,0.0,0.0,0.0,-141.576201,2026-01-01,2026-01-31
2026-01-27,Demo Campaign 001,Demo Channel 001,Demo Category 004,0,,Winter,11.756264,6,10,0.0,0.0,0.6,1.9593773333333333,0.0,0.0,0.0,-11.756264,2026-01-01,2026-01-31
2026-01-27,Demo Campaign 001,Demo Channel 001,Demo Category 003,0,,Winter,0.0,0,3,0.0,0.0,0.0,0.0,0.0,0.0,0.0,0.0,2026-01-01,2026-01-31
2026-01-27,Demo Campaign 001,Demo Channel 001,Demo Category 005,0,,Winter,3.65,1,3,0.0,0.0,0.3333333333333333,3.65,0.0,0.0,0.0,-3.65,2026-01-01,2026-01-31
2026-01-27,Demo Campaign 001,Demo Channel 001,Demo Category 001,0,,Winter,170.996928,77,243,0.0,0.0,0.3168724279835391,2.2207393246753244,0.0,0.0,0.0,-170.996928,2026-01-01,2026-01-31
2026-01-27,Demo Campaign 014,Demo Channel 001,Demo Category 023,0,,Winter,73.019049,15,171,0.0,0.0,0.087719298245614,4.867936599999999,0.0,0.0,0.0,-73.019049,2026-01-01,2026-01-31
2026-01-27,Demo Campaign 014,Demo Channel 001,Demo Category 007,0,,Winter,66.585464,16,159,0.0,0.0,0.10062893081761,4.1615915,0.0,0.0,0.0,-66.585464,2026-01-01,2026-01-31
2026-01-27,Demo Campaign 012,Demo Channel 001,Demo Category 004,0,,Winter,66.9,2,4,0.0,0.0,0.5,33.45,0.0,0.0,0.0,-66.9,2026-01-01,2026-01-31
2026-01-27,Demo Campaign 012,Demo Channel 001,Demo Category 003,0,,Winter,0.0,0,11,0.0,0.0,0.0,0.0,0.0,0.0,0.0,0.0,2026-01-01,2026-01-31
2026-01-27,Demo Campaign 012,Demo Channel 001,Demo Category 014,0,,Winter,43.795954,4,30,0.0,0.0,0.1333333333333333,10.9489885,0.0,0.0,0.0,-43.795954,2026-01-01,2026-01-31
2026-01-27,Demo Campaign 012,Demo Channel 001,Demo Category 005,0,,Winter,0.0,0,6,0.0,0.0,0.0,0.0,0.0,0.0,0.0,0.0,2026-01-01,2026-01-31
2026-01-27,Demo Campaign 012,Demo Channel 001,Demo Category 015,0,,Winter,4.21,1,15,0.0,0.0,0.0666666666666666,4.21,0.0,0.0,0.0,-4.21,2026-01-01,2026-01-31
2026-01-27,Demo Campaign 012,Demo Channel 001,Demo Category 001,0,,Winter,0.0,0,3,0.0,0.0,0.0,0.0,0.0,0.0,0.0,0.0,2026-01-01,2026-01-31
2026-01-27,Demo Campaign 009,Demo Channel 001,Demo Category 014,0,,Winter,36.31,9,27,0.0,0.0,0.3333333333333333,4.0344444444444445,0.0,0.0,0.0,-36.31,2026-01-01,2026-01-31
2026-01-27,Demo Campaign 009,Demo Channel 001,Demo Category 005,0,,Winter,105.07,8,20,0.0,0.0,0.4,13.13375,0.0,0.0,0.0,-105.07,2026-01-01,2026-01-31
2026-01-27,Demo Campaign 009,Demo Channel 001,Demo Category 015,0,,Winter,50.85286,4,16,0.0,0.0,0.25,12.713215,0.0,0.0,0.0,-50.85286,2026-01-01,2026-01-31
2026-01-27,Demo Campaign 006,Demo Channel 001,Demo Category 004,0,,Winter,0.0,0,6,0.0,0.0,0.0,0.0,0.0,0.0,0.0,0.0,2026-01-01,2026-01-31
2026-01-27,Demo Campaign 006,Demo Channel 001,Demo Category 003,0,,Winter,36.43,5,16,0.0,0.0,0.3125,7.286,0.0,0.0,0.0,-36.43,2026-01-01,2026-01-31
2026-01-27,Demo Campaign 006,Demo Channel 001,Demo Category 014,0,,Winter,106.91,16,36,2.0,3599.8,0.4444444444444444,6.681875,0.125,53.455,33.671312318772806,3492.8900000000003,2026-01-01,2026-01-31
2026-01-27,Demo Campaign 006,Demo Channel 001,Demo Category 005,0,,Winter,36.55,4,15,0.0,0.0,0.2666666666666666,9.1375,0.0,0.0,0.0,-36.55,2026-01-01,2026-01-31
2026-01-27,Demo Campaign 006,Demo Channel 001,Demo Category 015,0,,Winter,29.77,6,24,1.79959,3897.1021245,0.25,4.961666666666667,0.2999316666666666,16.542656938524885,130.9070246724891,3867.3321245,2026-01-01,2026-01-31
2026-01-27,Demo Campaign 006,Demo Channel 001,Demo Category 001,0,,Winter,11.21,1,3,0.0,0.0,0.3333333333333333,11.21,0.0,0.0,0.0,-11.21,2026-01-01,2026-01-31
2026-01-27,Demo Campaign 010,Demo Channel 001,Demo Category 003,0,,Winter,4.05,1,2,2.0,3219.66,0.5,4.05,2.0,2.025,794.9777777777778,3215.61,2026-01-01,2026-01-31
2026-01-27,Demo Campaign 010,Demo Channel 001,Demo Category 014,0,,Winter,50.95696,10,25,0.0,0.0,0.4,5.095696,0.0,0.0,0.0,-50.95696,2026-01-01,2026-01-31
2026-01-27,Demo Campaign 010,Demo Channel 001,Demo Category 005,0,,Winter,143.759578,30,214,0.0,0.0,0.1401869158878504,4.791985933333334,0.0,0.0,0.0,-143.759578,2026-01-01,2026-01-31
2026-01-27,Demo Campaign 003,Demo Channel 001,Demo Category 013,0,,Winter,1091.69653,861,2055,34.326026,72967.754343547,0.418978102189781,1.2679402206736352,0.0398676260162601,31.8037552613868,66.83886257616574,71876.057813547,2026-01-01,2026-01-31
2026-01-27,Demo Campaign 003,Demo Channel 001,Demo Category 017,0,,Winter,9.8,5,66,0.0,0.0,0.0757575757575757,1.96,0.0,0.0,0.0,-9.8,2026-01-01,2026-01-31
2026-01-27,Demo Campaign 003,Demo Channel 001,Demo Category 031,0,,Winter,0.0,0,10,0.0,0.0,0.0,0.0,0.0,0.0,0.0,0.0,2026-01-01,2026-01-31
2026-01-27,Demo Campaign 003,Demo Channel 001,Demo Category 002,0,,Winter,46.831838,31,92,0.0,0.0,0.3369565217391304,1.5107044516129031,0.0,0.0,0.0,-46.831838,2026-01-01,2026-01-31
2026-01-27,Demo Campaign 013,Demo Channel 001,Demo Category 021,0,,Winter,1.77,1,1,0.0,0.0,1.0,1.77,0.0,0.0,0.0,-1.77,2026-01-01,2026-01-31
2026-01-27,Demo Campaign 013,Demo Channel 001,Demo Category 006,0,,Winter,0.0,0,1,0.0,0.0,0.0,0.0,0.0,0.0,0.0,0.0,2026-01-01,2026-01-31
2026-01-27,Demo Campaign 008,Demo Channel 001,Demo Category 004,0,,Winter,89.03,15,227,0.0,0.0,0.066079295154185,5.935333333333333,0.0,0.0,0.0,-89.03,2026-01-01,2026-01-31
2026-01-27,Demo Campaign 008,Demo Channel 001,Demo Category 003,0,,Winter,51.82,10,188,0.0,0.0,0.0531914893617021,5.182,0.0,0.0,0.0,-51.82,2026-01-01,2026-01-31
2026-01-27,Demo Campaign 008,Demo Channel 001,Demo Category 005,0,,Winter,65.306556,14,191,0.0,0.0,0.0732984293193717,4.664754,0.0,0.0,0.0,-65.306556,2026-01-01,2026-01-31
2026-01-27,Demo Campaign 008,Demo Channel 001,Demo Category 015,0,,Winter,72.496095,19,300,0.0,0.0,0.0633333333333333,3.8155839473684208,0.0,0.0,0.0,-72.496095,2026-01-01,2026-01-31
2026-01-27,Demo Campaign 008,Demo Channel 001,Demo Category 001,0,,Winter,55.0,13,61,0.0,0.0,0.2131147540983606,4.230769230769231,0.0,0.0,0.0,-55.0,2026-01-01,2026-01-31
2026-01-27,Demo Campaign 002,Demo Channel 001,Demo Category 004,0,,Winter,63.834813,15,117,0.0,0.0,0.1282051282051282,4.2556542,0.0,0.0,0.0,-63.834813,2026-01-01,2026-01-31
2026-01-27,Demo Campaign 002,Demo Channel 001,Demo Category 003,0,,Winter,2.9,1,5,0.0,0.0,0.2,2.9,0.0,0.0,0.0,-2.9,2026-01-01,2026-01-31
2026-01-27,Demo Campaign 002,Demo Channel 001,Demo Category 005,0,,Winter,0.0,0,8,0.0,0.0,0.0,0.0,0.0,0.0,0.0,0.0,2026-01-01,2026-01-31
2026-01-27,Demo Campaign 002,Demo Channel 001,Demo Category 001,0,,Winter,132.378804,34,189,0.0,0.0,0.1798941798941798,3.8934942352941175,0.0,0.0,0.0,-132.378804,2026-01-01,2026-01-31
2026-01-27,Demo Campaign 015,Demo Channel 001,Demo Category 016,0,,Winter,134.402209,19,95,0.0,0.0,0.2,7.07380047368421,0.0,0.0,0.0,-134.402209,2026-01-01,2026-01-31
2026-01-27,Demo Campaign 015,Demo Channel 001,Demo Category 008,0,,Winter,14.58,2,24,0.0,0.0,0.0833333333333333,7.29,0.0,0.0,0.0,-14.58,2026-01-01,2026-01-31
2026-01-27,Demo Campaign 005,Demo Channel 001,Demo Category 004,0,,Winter,3.94,1,39,0.0,0.0,0.0256410256410256,3.94,0.0,0.0,0.0,-3.94,2026-01-01,2026-01-31
2026-01-27,Demo Campaign 005,Demo Channel 001,Demo Category 003,0,,Winter,0.0,0,5,0.0,0.0,0.0,0.0,0.0,0.0,0.0,0.0,2026-01-01,2026-01-31
2026-01-27,Demo Campaign 005,Demo Channel 001,Demo Category 014,0,,Winter,6.42,1,27,0.0,0.0,0.037037037037037,6.42,0.0,0.0,0.0,-6.42,2026-01-01,2026-01-31
2026-01-27,Demo Campaign 005,Demo Channel 001,Demo Category 005,0,,Winter,0.0,0,3,0.0,0.0,0.0,0.0,0.0,0.0,0.0,0.0,2026-01-01,2026-01-31
2026-01-27,Demo Campaign 005,Demo Channel 001,Demo Category 015,0,,Winter,11.94,4,36,0.0,0.0,0.1111111111111111,2.985,0.0,0.0,0.0,-11.94,2026-01-01,2026-01-31
2026-01-27,Demo Campaign 011,Demo Channel 001,Demo Category 004,0,,Winter,0.0,0,1,0.0,0.0,0.0,0.0,0.0,0.0,0.0,0.0,2026-01-01,2026-01-31
2026-01-27,Demo Campaign 011,Demo Channel 001,Demo Category 005,0,,Winter,0.0,0,1,0.0,0.0,0.0,0.0,0.0,0.0,0.0,0.0,2026-01-01,2026-01-31
2026-01-27,Demo Campaign 004,Demo Channel 001,Demo Category 004,0,,Winter,23.28,3,53,0.0,0.0,0.0566037735849056,7.760000000000001,0.0,0.0,0.0,-23.28,2026-01-01,2026-01-31
2026-01-27,Demo Campaign 004,Demo Channel 001,Demo Category 003,0,,Winter,45.65,7,307,0.0,0.0,0.022801302931596,6.521428571428571,0.0,0.0,0.0,-45.65,2026-01-01,2026-01-31
2026-01-27,Demo Campaign 004,Demo Channel 001,Demo Category 005,0,,Winter,80.9,9,203,0.0,0.0,0.0443349753694581,8.988888888888889,0.0,0.0,0.0,-80.9,2026-01-01,2026-01-31
2026-01-27,Demo Campaign 004,Demo Channel 001,Demo Category 015,0,,Winter,91.382378,11,255,0.0,0.0,0.0431372549019607,8.307488909090909,0.0,0.0,0.0,-91.382378,2026-01-01,2026-01-31
2026-01-27,Demo Campaign 004,Demo Channel 001,Demo Category 001,0,,Winter,0.0,0,6,0.0,0.0,0.0,0.0,0.0,0.0,0.0,0.0,2026-01-01,2026-01-31
2026-01-27,Demo Campaign 016,Demo Channel 001,Demo Category 018,0,,Winter,0.0,0,26,0.0,0.0,0.0,0.0,0.0,0.0,0.0,0.0,2026-01-01,2026-01-31
2026-01-27,Demo Campaign 016,Demo Channel 001,Demo Category 019,0,,Winter,0.0,0,2,0.0,0.0,0.0,0.0,0.0,0.0,0.0,0.0,2026-01-01,2026-01-31
2026-01-27,Demo Campaign 016,Demo Channel 001,Demo Category 027,0,,Winter,0.0,0,5,0.0,0.0,0.0,0.0,0.0,0.0,0.0,0.0,2026-01-01,2026-01-31
2026-01-27,Demo Campaign 016,Demo Channel 001,Demo Category 009,0,,Winter,0.0,0,12,0.0,0.0,0.0,0.0,0.0,0.0,0.0,0.0,2026-01-01,2026-01-31
2026-01-27,Demo Campaign 017,Demo Channel 002,Demo Category 010,0,,Winter,94.086607,51,14242,0.0,0.0,0.0035809577306558,1.844835431372549,0.0,0.0,0.0,-94.086607,2026-01-01,2026-01-31
2026-01-27,Demo Campaign 018,Demo Channel 002,Demo Category 011,0,,Winter,94.004473,90,7403,0.0,0.0,0.0121572335539646,1.0444941444444444,0.0,0.0,0.0,-94.004473,2026-01-01,2026-01-31
2026-01-27,Demo Campaign 019,Demo Channel 002,Demo Category 012,0,,Winter,90.281056,27,1792,0.0,0.0,0.0150669642857142,3.343742814814815,0.0,0.0,0.0,-90.281056,2026-01-01,2026-01-31
2026-01-28,Demo Campaign 020,Demo Channel 003,Demo Category 010,0,,Winter,49.128436,11,1432,0.0,0.0,0.00768156424581,4.466221454545455,0.0,0.0,0.0,-49.128436,2026-01-01,2026-01-31
2026-01-28,Demo Campaign 020,Demo Channel 003,Demo Category 012,0,,Winter,46.576682,8,1507,0.0,0.0,0.0053085600530856,5.82208525,0.0,0.0,0.0,-46.576682,2026-01-01,2026-01-31
2026-01-28,Demo Campaign 007,Demo Channel 001,Demo Category 004,0,,Winter,58.35,15,45,0.0,0.0,0.3333333333333333,3.89,0.0,0.0,0.0,-58.35,2026-01-01,2026-01-31
2026-01-28,Demo Campaign 007,Demo Channel 001,Demo Category 003,0,,Winter,76.732138,25,64,1.0,1069.8,0.390625,3.06928552,0.04,76.732138,13.942006933261782,993.067862,2026-01-01,2026-01-31
2026-01-28,Demo Campaign 007,Demo Channel 001,Demo Category 014,0,,Winter,518.624036,151,535,0.0,0.0,0.2822429906542056,3.4345962649006627,0.0,0.0,0.0,-518.624036,2026-01-01,2026-01-31
2026-01-28,Demo Campaign 007,Demo Channel 001,Demo Category 005,0,,Winter,142.563929,35,103,0.0,0.0,0.3398058252427184,4.073255114285715,0.0,0.0,0.0,-142.563929,2026-01-01,2026-01-31
2026-01-28,Demo Campaign 007,Demo Channel 001,Demo Category 015,0,,Winter,99.012973,23,131,0.0,0.0,0.1755725190839694,4.304911869565218,0.0,0.0,0.0,-99.012973,2026-01-01,2026-01-31
2026-01-28,Demo Campaign 001,Demo Channel 001,Demo Category 004,0,,Winter,2.68,1,2,0.0,0.0,0.5,2.68,0.0,0.0,0.0,-2.68,2026-01-01,2026-01-31
2026-01-28,Demo Campaign 001,Demo Channel 001,Demo Category 003,0,,Winter,0.0,0,5,0.0,0.0,0.0,0.0,0.0,0.0,0.0,0.0,2026-01-01,2026-01-31
2026-01-28,Demo Campaign 001,Demo Channel 001,Demo Category 005,0,,Winter,2.92,1,3,0.0,0.0,0.3333333333333333,2.92,0.0,0.0,0.0,-2.92,2026-01-01,2026-01-31
2026-01-28,Demo Campaign 001,Demo Channel 001,Demo Category 001,0,,Winter,246.802256,106,316,3.0,6439.58,0.3354430379746835,2.3283231698113207,0.0283018867924528,82.26741866666667,26.092062950996688,6192.777744,2026-01-01,2026-01-31
2026-01-28,Demo Campaign 014,Demo Channel 001,Demo Category 023,0,,Winter,52.88899,11,133,0.0,0.0,0.0827067669172932,4.80809,0.0,0.0,0.0,-52.88899,2026-01-01,2026-01-31
2026-01-28,Demo Campaign 014,Demo Channel 001,Demo Category 007,0,,Winter,83.42,18,132,0.0,0.0,0.1363636363636363,4.634444444444444,0.0,0.0,0.0,-83.42,2026-01-01,2026-01-31
2026-01-28,Demo Campaign 012,Demo Channel 001,Demo Category 004,0,,Winter,0.0,0,2,0.0,0.0,0.0,0.0,0.0,0.0,0.0,0.0,2026-01-01,2026-01-31
2026-01-28,Demo Campaign 012,Demo Channel 001,Demo Category 003,0,,Winter,16.9,4,17,0.0,0.0,0.2352941176470588,4.225,0.0,0.0,0.0,-16.9,2026-01-01,2026-01-31
2026-01-28,Demo Campaign 012,Demo Channel 001,Demo Category 014,0,,Winter,44.26991,12,36,0.0,0.0,0.3333333333333333,3.6891591666666663,0.0,0.0,0.0,-44.26991,2026-01-01,2026-01-31
2026-01-28,Demo Campaign 012,Demo Channel 001,Demo Category 005,0,,Winter,23.71,5,15,0.0,0.0,0.3333333333333333,4.742,0.0,0.0,0.0,-23.71,2026-01-01,2026-01-31
2026-01-28,Demo Campaign 012,Demo Channel 001,Demo Category 015,0,,Winter,14.94,3,15,0.0,0.0,0.2,4.98,0.0,0.0,0.0,-14.94,2026-01-01,2026-01-31
2026-01-28,Demo Campaign 009,Demo Channel 001,Demo Category 014,0,,Winter,61.908368,9,54,1.0,999.9,0.1666666666666666,6.878707555555556,0.1111111111111111,61.908368,16.15128991932076,937.991632,2026-01-01,2026-01-31
2026-01-28,Demo Campaign 009,Demo Channel 001,Demo Category 005,0,,Winter,41.685818,10,31,2.83685,4706.046315,0.3225806451612903,4.1685818,0.283685,14.69440329943423,112.89322222248344,4664.360497,2026-01-01,2026-01-31
2026-01-28,Demo Campaign 009,Demo Channel 001,Demo Category 015,0,,Winter,69.68,6,31,2.0,5377.82,0.1935483870967742,11.613333333333337,0.3333333333333333,34.84,77.1788174512055,5308.139999999999,2026-01-01,2026-01-31
2026-01-28,Demo Campaign 006,Demo Channel 001,Demo Category 004,0,,Winter,44.21,3,4,0.0,0.0,0.75,14.736666666666666,0.0,0.0,0.0,-44.21,2026-01-01,2026-01-31
2026-01-28,Demo Campaign 006,Demo Channel 001,Demo Category 003,0,,Winter,109.78866,9,24,0.0,0.0,0.375,12.19874,0.0,0.0,0.0,-109.78866,2026-01-01,2026-01-31
2026-01-28,Demo Campaign 006,Demo Channel 001,Demo Category 014,0,,Winter,59.4,14,43,2.0,4359.68,0.3255813953488372,4.242857142857143,0.1428571428571428,29.7,73.3952861952862,4300.280000000001,2026-01-01,2026-01-31
2026-01-28,Demo Campaign 006,Demo Channel 001,Demo Category 005,0,,Winter,36.46,6,18,0.0,0.0,0.3333333333333333,6.076666666666667,0.0,0.0,0.0,-36.46,2026-01-01,2026-01-31
2026-01-28,Demo Campaign 006,Demo Channel 001,Demo Category 015,0,,Winter,19.0,4,44,0.0,0.0,0.0909090909090909,4.75,0.0,0.0,0.0,-19.0,2026-01-01,2026-01-31
2026-01-28,Demo Campaign 006,Demo Channel 001,Demo Category 001,0,,Winter,0.0,0,1,0.0,0.0,0.0,0.0,0.0,0.0,0.0,0.0,2026-01-01,2026-01-31
2026-01-28,Demo Campaign 010,Demo Channel 001,Demo Category 014,0,,Winter,67.96,15,37,0.0,0.0,0.4054054054054054,4.530666666666666,0.0,0.0,0.0,-67.96,2026-01-01,2026-01-31
2026-01-28,Demo Campaign 010,Demo Channel 001,Demo Category 005,0,,Winter,130.731651,36,180,0.0,0.0,0.2,3.63143475,0.0,0.0,0.0,-130.731651,2026-01-01,2026-01-31
2026-01-28,Demo Campaign 003,Demo Channel 001,Demo Category 013,0,,Winter,1168.307694,926,2045,34.566566,66242.101284231,0.4528117359413203,1.2616713758099354,0.0373289049676025,33.79877810251675,56.69919116721232,65073.793590231,2026-01-01,2026-01-31
2026-01-28,Demo Campaign 003,Demo Channel 001,Demo Category 017,0,,Winter,7.97,5,63,0.0,0.0,0.0793650793650793,1.594,0.0,0.0,0.0,-7.97,2026-01-01,2026-01-31
2026-01-28,Demo Campaign 003,Demo Channel 001,Demo Category 031,0,,Winter,3.9,2,9,0.0,0.0,0.2222222222222222,1.95,0.0,0.0,0.0,-3.9,2026-01-01,2026-01-31
2026-01-28,Demo Campaign 003,Demo Channel 001,Demo Category 002,0,,Winter,44.353049,26,78,0.037284,80.8988232,0.3333333333333333,1.7058865,0.001434,1189.600069735007,1.823974338269281,36.5457742,2026-01-01,2026-01-31
2026-01-28,Demo Campaign 013,Demo Channel 001,Demo Category 021,0,,Winter,0.0,0,2,0.0,0.0,0.0,0.0,0.0,0.0,0.0,0.0,2026-01-01,2026-01-31
2026-01-28,Demo Campaign 013,Demo Channel 001,Demo Category 006,0,,Winter,0.0,0,2,0.0,0.0,0.0,0.0,0.0,0.0,0.0,0.0,2026-01-01,2026-01-31
2026-01-28,Demo Campaign 008,Demo Channel 001,Demo Category 004,0,,Winter,119.8,21,237,0.0,0.0,0.0886075949367088,5.704761904761905,0.0,0.0,0.0,-119.8,2026-01-01,2026-01-31
2026-01-28,Demo Campaign 008,Demo Channel 001,Demo Category 003,0,,Winter,94.176575,21,297,0.0,0.0,0.0707070707070707,4.484598809523809,0.0,0.0,0.0,-94.176575,2026-01-01,2026-01-31
2026-01-28,Demo Campaign 008,Demo Channel 001,Demo Category 005,0,,Winter,121.721434,25,317,0.0,0.0,0.0788643533123028,4.86885736,0.0,0.0,0.0,-121.721434,2026-01-01,2026-01-31
2026-01-28,Demo Campaign 008,Demo Channel 001,Demo Category 015,0,,Winter,153.84651,25,446,0.0,0.0,0.0560538116591928,6.1538604,0.0,0.0,0.0,-153.84651,2026-01-01,2026-01-31
2026-01-28,Demo Campaign 008,Demo Channel 001,Demo Category 001,0,,Winter,171.76049,28,213,0.0,0.0,0.1314553990610328,6.134303214285715,0.0,0.0,0.0,-171.76049,2026-01-01,2026-01-31
2026-01-28,Demo Campaign 002,Demo Channel 001,Demo Category 023,0,,Winter,13.6,3,19,0.0,0.0,0.1578947368421052,4.533333333333333,0.0,0.0,0.0,-13.6,2026-01-01,2026-01-31
2026-01-28,Demo Campaign 002,Demo Channel 001,Demo Category 004,0,,Winter,53.024594,8,124,0.0,0.0,0.064516129032258,6.62807425,0.0,0.0,0.0,-53.024594,2026-01-01,2026-01-31
2026-01-28,Demo Campaign 002,Demo Channel 001,Demo Category 003,0,,Winter,0.0,0,7,0.0,0.0,0.0,0.0,0.0,0.0,0.0,0.0,2026-01-01,2026-01-31
2026-01-28,Demo Campaign 002,Demo Channel 001,Demo Category 005,0,,Winter,20.06,3,15,0.0,0.0,0.2,6.6866666666666665,0.0,0.0,0.0,-20.06,2026-01-01,2026-01-31
2026-01-28,Demo Campaign 002,Demo Channel 001,Demo Category 001,0,,Winter,140.555125,29,169,0.0,0.0,0.1715976331360946,4.846728448275862,0.0,0.0,0.0,-140.555125,2026-01-01,2026-01-31
2026-01-28,Demo Campaign 015,Demo Channel 001,Demo Category 016,0,,Winter,128.70777,21,110,0.0,0.0,0.1909090909090909,6.128941428571429,0.0,0.0,0.0,-128.70777,2026-01-01,2026-01-31
2026-01-28,Demo Campaign 015,Demo Channel 001,Demo Category 008,0,,Winter,18.27,3,39,0.0,0.0,0.0769230769230769,6.09,0.0,0.0,0.0,-18.27,2026-01-01,2026-01-31
2026-01-28,Demo Campaign 005,Demo Channel 001,Demo Category 004,0,,Winter,8.0,2,37,0.0,0.0,0.054054054054054,4.0,0.0,0.0,0.0,-8.0,2026-01-01,2026-01-31
2026-01-28,Demo Campaign 005,Demo Channel 001,Demo Category 003,0,,Winter,0.0,0,6,0.0,0.0,0.0,0.0,0.0,0.0,0.0,0.0,2026-01-01,2026-01-31
2026-01-28,Demo Campaign 005,Demo Channel 001,Demo Category 014,0,,Winter,2.64,1,24,0.0,0.0,0.0416666666666666,2.64,0.0,0.0,0.0,-2.64,2026-01-01,2026-01-31
2026-01-28,Demo Campaign 005,Demo Channel 001,Demo Category 005,0,,Winter,4.25,1,4,0.0,0.0,0.25,4.25,0.0,0.0,0.0,-4.25,2026-01-01,2026-01-31
2026-01-28,Demo Campaign 005,Demo Channel 001,Demo Category 015,0,,Winter,6.98,1,25,0.0,0.0,0.04,6.98,0.0,0.0,0.0,-6.98,2026-01-01,2026-01-31
2026-01-28,Demo Campaign 005,Demo Channel 001,Demo Category 001,0,,Winter,12.402606,2,17,0.0,0.0,0.1176470588235294,6.201303,0.0,0.0,0.0,-12.402606,2026-01-01,2026-01-31
2026-01-28,Demo Campaign 011,Demo Channel 001,Demo Category 004,0,,Winter,0.0,0,1,0.0,0.0,0.0,0.0,0.0,0.0,0.0,0.0,2026-01-01,2026-01-31
2026-01-28,Demo Campaign 004,Demo Channel 001,Demo Category 004,0,,Winter,19.3,4,79,0.0,0.0,0.050632911392405,4.825,0.0,0.0,0.0,-19.3,2026-01-01,2026-01-31
2026-01-28,Demo Campaign 004,Demo Channel 001,Demo Category 003,0,,Winter,87.000223,14,186,0.0,0.0,0.075268817204301,6.214301642857143,0.0,0.0,0.0,-87.000223,2026-01-01,2026-01-31
2026-01-28,Demo Campaign 004,Demo Channel 001,Demo Category 005,0,,Winter,40.347706,7,131,0.0,0.0,0.0534351145038167,5.763958000000001,0.0,0.0,0.0,-40.347706,2026-01-01,2026-01-31
2026-01-28,Demo Campaign 004,Demo Channel 001,Demo Category 015,0,,Winter,54.77,7,195,0.0,0.0,0.0358974358974358,7.824285714285715,0.0,0.0,0.0,-54.77,2026-01-01,2026-01-31
2026-01-28,Demo Campaign 004,Demo Channel 001,Demo Category 001,0,,Winter,67.550454,13,73,0.0,0.0,0.1780821917808219,5.196188769230769,0.0,0.0,0.0,-67.550454,2026-01-01,2026-01-31
2026-01-28,Demo Campaign 016,Demo Channel 001,Demo Category 018,0,,Winter,1.8,1,12,0.0,0.0,0.0833333333333333,1.8,0.0,0.0,0.0,-1.8,2026-01-01,2026-01-31
2026-01-28,Demo Campaign 016,Demo Channel 001,Demo Category 020,0,,Winter,0.0,0,1,0.0,0.0,0.0,0.0,0.0,0.0,0.0,0.0,2026-01-01,2026-01-31
2026-01-28,Demo Campaign 016,Demo Channel 001,Demo Category 019,0,,Winter,0.0,0,2,0.0,0.0,0.0,0.0,0.0,0.0,0.0,0.0,2026-01-01,2026-01-31
2026-01-28,Demo Campaign 016,Demo Channel 001,Demo Category 028,0,,Winter,0.0,0,2,0.0,0.0,0.0,0.0,0.0,0.0,0.0,0.0,2026-01-01,2026-01-31
2026-01-28,Demo Campaign 017,Demo Channel 002,Demo Category 010,0,,Winter,87.758013,57,9477,0.0,0.0,0.0060145615701171,1.5396142631578948,0.0,0.0,0.0,-87.758013,2026-01-01,2026-01-31
2026-01-28,Demo Campaign 018,Demo Channel 002,Demo Category 011,0,,Winter,79.33024,80,7048,0.0,0.0,0.0113507377979568,0.991628,0.0,0.0,0.0,-79.33024,2026-01-01,2026-01-31
2026-01-28,Demo Campaign 019,Demo Channel 002,Demo Category 012,0,,Winter,98.80214,5,77,0.0,0.0,0.0649350649350649,19.760428,0.0,0.0,0.0,-98.80214,2026-01-01,2026-01-31
2026-01-29,Demo Campaign 020,Demo Channel 003,Demo Category 010,0,,Winter,50.069462,6,2319,0.0,0.0,0.0025873221216041,8.344910333333333,0.0,0.0,0.0,-50.069462,2026-01-01,2026-01-31
2026-01-29,Demo Campaign 020,Demo Channel 003,Demo Category 012,0,,Winter,43.764088,10,1427,0.0,0.0,0.0070077084793272,4.3764088,0.0,0.0,0.0,-43.764088,2026-01-01,2026-01-31
2026-01-29,Demo Campaign 007,Demo Channel 001,Demo Category 004,0,,Winter,13.49,5,24,0.0,0.0,0.2083333333333333,2.698,0.0,0.0,0.0,-13.49,2026-01-01,2026-01-31
2026-01-29,Demo Campaign 007,Demo Channel 001,Demo Category 003,0,,Winter,76.128354,34,89,0.0,0.0,0.3820224719101123,2.2390692352941177,0.0,0.0,0.0,-76.128354,2026-01-01,2026-01-31
2026-01-29,Demo Campaign 007,Demo Channel 001,Demo Category 014,0,,Winter,427.61924,142,530,2.882114,6669.51806176,0.2679245283018868,3.011403098591549,0.0202965774647887,148.3699950800003,15.596861501741596,6241.89882176,2026-01-01,2026-01-31
2026-01-29,Demo Campaign 007,Demo Channel 001,Demo Category 005,0,,Winter,127.484493,32,96,0.0,0.0,0.3333333333333333,3.98389040625,0.0,0.0,0.0,-127.484493,2026-01-01,2026-01-31
2026-01-29,Demo Campaign 007,Demo Channel 001,Demo Category 015,0,,Winter,111.02,27,134,0.0,0.0,0.2014925373134328,4.111851851851852,0.0,0.0,0.0,-111.02,2026-01-01,2026-01-31
2026-01-29,Demo Campaign 001,Demo Channel 001,Demo Category 004,0,,Winter,10.45,2,8,0.0,0.0,0.25,5.225,0.0,0.0,0.0,-10.45,2026-01-01,2026-01-31
2026-01-29,Demo Campaign 001,Demo Channel 001,Demo Category 003,0,,Winter,10.27,3,11,0.0,0.0,0.2727272727272727,3.4233333333333333,0.0,0.0,0.0,-10.27,2026-01-01,2026-01-31
2026-01-29,Demo Campaign 001,Demo Channel 001,Demo Category 005,0,,Winter,12.58,3,6,0.0,0.0,0.5,4.193333333333333,0.0,0.0,0.0,-12.58,2026-01-01,2026-01-31
2026-01-29,Demo Campaign 001,Demo Channel 001,Demo Category 001,0,,Winter,193.829865,76,256,2.0,7639.36,0.296875,2.550392960526316,0.0263157894736842,96.9149325,39.41270866592204,7445.530135,2026-01-01,2026-01-31
2026-01-29,Demo Campaign 014,Demo Channel 001,Demo Category 023,0,,Winter,48.825862,11,159,0.0,0.0,0.0691823899371069,4.438714727272727,0.0,0.0,0.0,-48.825862,2026-01-01,2026-01-31
2026-01-29,Demo Campaign 014,Demo Channel 001,Demo Category 007,0,,Winter,131.84,29,166,0.190442,203.7348516,0.1746987951807229,4.546206896551724,0.0065669655172413,692.2842650255722,1.5453189593446603,71.89485160000001,2026-01-01,2026-01-31
2026-01-29,Demo Campaign 012,Demo Channel 001,Demo Category 004,0,,Winter,0.0,0,1,0.0,0.0,0.0,0.0,0.0,0.0,0.0,0.0,2026-01-01,2026-01-31
2026-01-29,Demo Campaign 012,Demo Channel 001,Demo Category 003,0,,Winter,31.921895,4,14,0.0,0.0,0.2857142857142857,7.98047375,0.0,0.0,0.0,-31.921895,2026-01-01,2026-01-31
2026-01-29,Demo Campaign 012,Demo Channel 001,Demo Category 014,0,,Winter,43.2708,5,21,0.0,0.0,0.238095238095238,8.654160000000001,0.0,0.0,0.0,-43.2708,2026-01-01,2026-01-31
2026-01-29,Demo Campaign 012,Demo Channel 001,Demo Category 005,0,,Winter,25.46,4,14,0.0,0.0,0.2857142857142857,6.365,0.0,0.0,0.0,-25.46,2026-01-01,2026-01-31
2026-01-29,Demo Campaign 012,Demo Channel 001,Demo Category 015,0,,Winter,0.0,0,3,0.0,0.0,0.0,0.0,0.0,0.0,0.0,0.0,2026-01-01,2026-01-31
2026-01-29,Demo Campaign 012,Demo Channel 001,Demo Category 001,0,,Winter,3.7,1,2,0.0,0.0,0.5,3.7,0.0,0.0,0.0,-3.7,2026-01-01,2026-01-31
2026-01-29,Demo Campaign 009,Demo Channel 001,Demo Category 014,0,,Winter,96.702044,7,36,0.0,0.0,0.1944444444444444,13.814577714285717,0.0,0.0,0.0,-96.702044,2026-01-01,2026-01-31
2026-01-29,Demo Campaign 009,Demo Channel 001,Demo Category 005,0,,Winter,44.853827,11,22,1.0,3519.84,0.5,4.077620636363637,0.0909090909090909,44.853827,78.4735714970319,3474.986173,2026-01-01,2026-01-31
2026-01-29,Demo Campaign 009,Demo Channel 001,Demo Category 015,0,,Winter,50.92,6,16,0.0,0.0,0.375,8.486666666666666,0.0,0.0,0.0,-50.92,2026-01-01,2026-01-31
2026-01-29,Demo Campaign 006,Demo Channel 001,Demo Category 004,0,,Winter,0.0,0,1,0.0,0.0,0.0,0.0,0.0,0.0,0.0,0.0,2026-01-01,2026-01-31
2026-01-29,Demo Campaign 006,Demo Channel 001,Demo Category 003,0,,Winter,105.980031,14,26,0.0,0.0,0.5384615384615384,7.570002214285714,0.0,0.0,0.0,-105.980031,2026-01-01,2026-01-31
2026-01-29,Demo Campaign 006,Demo Channel 001,Demo Category 014,0,,Winter,98.234469,15,42,0.0,0.0,0.3571428571428571,6.548964600000001,0.0,0.0,0.0,-98.234469,2026-01-01,2026-01-31
2026-01-29,Demo Campaign 006,Demo Channel 001,Demo Category 005,0,,Winter,15.89,5,16,0.0,0.0,0.3125,3.178,0.0,0.0,0.0,-15.89,2026-01-01,2026-01-31
2026-01-29,Demo Campaign 006,Demo Channel 001,Demo Category 015,0,,Winter,31.67,6,27,0.0,0.0,0.2222222222222222,5.278333333333333,0.0,0.0,0.0,-31.67,2026-01-01,2026-01-31
2026-01-29,Demo Campaign 006,Demo Channel 001,Demo Category 001,0,,Winter,0.0,0,1,0.0,0.0,0.0,0.0,0.0,0.0,0.0,0.0,2026-01-01,2026-01-31
2026-01-29,Demo Campaign 010,Demo Channel 001,Demo Category 003,0,,Winter,1.47,1,2,0.0,0.0,0.5,1.47,0.0,0.0,0.0,-1.47,2026-01-01,2026-01-31
2026-01-29,Demo Campaign 010,Demo Channel 001,Demo Category 014,0,,Winter,39.548956,11,37,0.0,0.0,0.2972972972972973,3.595359636363636,0.0,0.0,0.0,-39.548956,2026-01-01,2026-01-31
2026-01-29,Demo Campaign 010,Demo Channel 001,Demo Category 005,0,,Winter,74.300455,19,121,0.0,0.0,0.1570247933884297,3.910550263157895,0.0,0.0,0.0,-74.300455,2026-01-01,2026-01-31
2026-01-29,Demo Campaign 003,Demo Channel 001,Demo Category 013,0,,Winter,1044.480842,847,1919,39.068987,71150.226420842,0.4413757165190203,1.2331532963400236,0.0461263128689492,26.734269869858668,68.12018331001805,70105.74557884199,2026-01-01,2026-01-31
2026-01-29,Demo Campaign 003,Demo Channel 001,Demo Category 017,0,,Winter,11.91,6,63,0.0,0.0,0.0952380952380952,1.985,0.0,0.0,0.0,-11.91,2026-01-01,2026-01-31
2026-01-29,Demo Campaign 003,Demo Channel 001,Demo Category 031,0,,Winter,3.92,2,4,0.0,0.0,0.5,1.96,0.0,0.0,0.0,-3.92,2026-01-01,2026-01-31
2026-01-29,Demo Campaign 003,Demo Channel 001,Demo Category 002,0,,Winter,51.896088,31,82,3.0,3799.7,0.3780487804878049,1.6740673548387095,0.0967741935483871,17.298696,73.21746486941366,3747.803912,2026-01-01,2026-01-31
2026-01-29,Demo Campaign 013,Demo Channel 001,Demo Category 021,0,,Winter,0.0,0,2,0.0,0.0,0.0,0.0,0.0,0.0,0.0,0.0,2026-01-01,2026-01-31
2026-01-29,Demo Campaign 013,Demo Channel 001,Demo Category 006,0,,Winter,0.0,0,2,0.0,0.0,0.0,0.0,0.0,0.0,0.0,0.0,2026-01-01,2026-01-31
2026-01-29,Demo Campaign 008,Demo Channel 001,Demo Category 004,0,,Winter,47.98,11,146,0.0,0.0,0.0753424657534246,4.361818181818181,0.0,0.0,0.0,-47.98,2026-01-01,2026-01-31
2026-01-29,Demo Campaign 008,Demo Channel 001,Demo Category 003,0,,Winter,15.955093000000002,3,103,0.0,0.0,0.029126213592233,5.318364333333334,0.0,0.0,0.0,-15.955093000000002,2026-01-01,2026-01-31
2026-01-29,Demo Campaign 008,Demo Channel 001,Demo Category 005,0,,Winter,79.34,10,219,0.0,0.0,0.045662100456621,7.934,0.0,0.0,0.0,-79.34,2026-01-01,2026-01-31
2026-01-29,Demo Campaign 008,Demo Channel 001,Demo Category 015,0,,Winter,191.444367,27,305,0.0,0.0,0.0885245901639344,7.090532111111111,0.0,0.0,0.0,-191.444367,2026-01-01,2026-01-31
2026-01-29,Demo Campaign 008,Demo Channel 001,Demo Category 001,0,,Winter,79.944739,12,91,2.0,5599.68,0.1318681318681318,6.662061583333333,0.1666666666666666,39.9723695,70.04438403382618,5519.735261000001,2026-01-01,2026-01-31
2026-01-29,Demo Campaign 002,Demo Channel 001,Demo Category 023,0,,Winter,0.0,0,35,0.0,0.0,0.0,0.0,0.0,0.0,0.0,0.0,2026-01-01,2026-01-31
2026-01-29,Demo Campaign 002,Demo Channel 001,Demo Category 004,0,,Winter,30.525107,8,145,0.0,0.0,0.0551724137931034,3.815638375,0.0,0.0,0.0,-30.525107,2026-01-01,2026-01-31
2026-01-29,Demo Campaign 002,Demo Channel 001,Demo Category 003,0,,Winter,8.97,2,15,0.0,0.0,0.1333333333333333,4.485,0.0,0.0,0.0,-8.97,2026-01-01,2026-01-31
2026-01-29,Demo Campaign 002,Demo Channel 001,Demo Category 005,0,,Winter,0.0,0,18,0.0,0.0,0.0,0.0,0.0,0.0,0.0,0.0,2026-01-01,2026-01-31
2026-01-29,Demo Campaign 002,Demo Channel 001,Demo Category 001,0,,Winter,117.248625,25,168,0.054346,54.3405654,0.1488095238095238,4.689945,0.00217384,2157.447190225592,0.4634644150411146,-62.9080596,2026-01-01,2026-01-31
2026-01-29,Demo Campaign 015,Demo Channel 001,Demo Category 016,0,,Winter,127.665301,18,95,2.0,6399.68,0.1894736842105263,7.092516722222222,0.1111111111111111,63.8326505,50.128578007269184,6272.014699,2026-01-01,2026-01-31
2026-01-29,Demo Campaign 015,Demo Channel 001,Demo Category 008,0,,Winter,34.27,5,25,0.0,0.0,0.2,6.854000000000001,0.0,0.0,0.0,-34.27,2026-01-01,2026-01-31
2026-01-29,Demo Campaign 005,Demo Channel 001,Demo Category 004,0,,Winter,7.15,1,24,0.0,0.0,0.0416666666666666,7.15,0.0,0.0,0.0,-7.15,2026-01-01,2026-01-31
2026-01-29,Demo Campaign 005,Demo Channel 001,Demo Category 003,0,,Winter,0.0,0,1,0.0,0.0,0.0,0.0,0.0,0.0,0.0,0.0,2026-01-01,2026-01-31
2026-01-29,Demo Campaign 005,Demo Channel 001,Demo Category 014,0,,Winter,11.81,1,12,0.0,0.0,0.0833333333333333,11.81,0.0,0.0,0.0,-11.81,2026-01-01,2026-01-31
2026-01-29,Demo Campaign 005,Demo Channel 001,Demo Category 005,0,,Winter,3.2,1,4,0.0,0.0,0.25,3.2,0.0,0.0,0.0,-3.2,2026-01-01,2026-01-31
2026-01-29,Demo Campaign 005,Demo Channel 001,Demo Category 015,0,,Winter,1.06,1,12,0.0,0.0,0.0833333333333333,1.06,0.0,0.0,0.0,-1.06,2026-01-01,2026-01-31
2026-01-29,Demo Campaign 005,Demo Channel 001,Demo Category 001,0,,Winter,3.14,1,6,2.0,4879.68,0.1666666666666666,3.14,2.0,1.57,1554.0382165605097,4876.54,2026-01-01,2026-01-31
2026-01-29,Demo Campaign 004,Demo Channel 001,Demo Category 004,0,,Winter,72.050193,8,146,0.0,0.0,0.0547945205479452,9.006274125,0.0,0.0,0.0,-72.050193,2026-01-01,2026-01-31
2026-01-29,Demo Campaign 004,Demo Channel 001,Demo Category 003,0,,Winter,50.908011,10,209,0.0,0.0,0.0478468899521531,5.0908011,0.0,0.0,0.0,-50.908011,2026-01-01,2026-01-31
2026-01-29,Demo Campaign 004,Demo Channel 001,Demo Category 005,0,,Winter,63.233451,14,208,0.0,0.0,0.0673076923076923,4.516675071428572,0.0,0.0,0.0,-63.233451,2026-01-01,2026-01-31
2026-01-29,Demo Campaign 004,Demo Channel 001,Demo Category 015,0,,Winter,39.08,9,211,0.0,0.0,0.0426540284360189,4.342222222222222,0.0,0.0,0.0,-39.08,2026-01-01,2026-01-31
2026-01-29,Demo Campaign 004,Demo Channel 001,Demo Category 001,0,,Winter,35.844213,7,78,0.0,0.0,0.0897435897435897,5.120601857142858,0.0,0.0,0.0,-35.844213,2026-01-01,2026-01-31
2026-01-29,Demo Campaign 016,Demo Channel 001,Demo Category 018,0,,Winter,1.09,1,4,0.0,0.0,0.25,1.09,0.0,0.0,0.0,-1.09,2026-01-01,2026-01-31
2026-01-29,Demo Campaign 017,Demo Channel 002,Demo Category 010,0,,Winter,88.817549,70,15221,0.0,0.0,0.0045989094014847,1.2688221285714285,0.0,0.0,0.0,-88.817549,2026-01-01,2026-01-31
2026-01-29,Demo Campaign 018,Demo Channel 002,Demo Category 011,0,,Winter,79.597006,96,8381,0.0,0.0,0.0114544803722706,0.8291354791666666,0.0,0.0,0.0,-79.597006,2026-01-01,2026-01-31
2026-01-29,Demo Campaign 019,Demo Channel 002,Demo Category 012,0,,Winter,73.405638,41,3927,0.0,0.0,0.0104405398523045,1.7903814146341464,0.0,0.0,0.0,-73.405638,2026-01-01,2026-01-31
2026-01-30,Demo Campaign 020,Demo Channel 003,Demo Category 010,0,,Winter,42.068257,3,1376,0.0,0.0,0.0021802325581395,14.022752333333337,0.0,0.0,0.0,-42.068257,2026-01-01,2026-01-31
2026-01-30,Demo Campaign 020,Demo Channel 003,Demo Category 012,0,,Winter,50.126086,8,1868,0.0,0.0,0.0042826552462526,6.26576075,0.0,0.0,0.0,-50.126086,2026-01-01,2026-01-31
2026-01-30,Demo Campaign 007,Demo Channel 001,Demo Category 004,0,,Winter,58.562487,18,38,0.0,0.0,0.4736842105263157,3.2534715,0.0,0.0,0.0,-58.562487,2026-01-01,2026-01-31
2026-01-30,Demo Campaign 007,Demo Channel 001,Demo Category 003,0,,Winter,68.958158,17,41,0.0,0.0,0.4146341463414634,4.0563622352941175,0.0,0.0,0.0,-68.958158,2026-01-01,2026-01-31
2026-01-30,Demo Campaign 007,Demo Channel 001,Demo Category 014,0,,Winter,421.213517,131,410,1.1861,1506.10978,0.3195121951219512,3.215370358778626,0.0090541984732824,355.1247930191384,3.57564446347053,1084.896263,2026-01-01,2026-01-31
2026-01-30,Demo Campaign 007,Demo Channel 001,Demo Category 005,0,,Winter,109.326351,32,80,2.0,3199.8,0.4,3.41644846875,0.0625,54.6631755,29.26833257244633,3090.473649,2026-01-01,2026-01-31
2026-01-30,Demo Campaign 007,Demo Channel 001,Demo Category 015,0,,Winter,90.65,29,109,0.0,0.0,0.2660550458715596,3.125862068965517,0.0,0.0,0.0,-90.65,2026-01-01,2026-01-31
2026-01-30,Demo Campaign 001,Demo Channel 001,Demo Category 004,0,,Winter,6.11,2,10,0.0,0.0,0.2,3.055,0.0,0.0,0.0,-6.11,2026-01-01,2026-01-31
2026-01-30,Demo Campaign 001,Demo Channel 001,Demo Category 003,0,,Winter,21.62,5,14,0.0,0.0039996,0.3571428571428571,4.324,0.0,0.0,0.000184995374653,-21.6160004,2026-01-01,2026-01-31
2026-01-30,Demo Campaign 001,Demo Channel 001,Demo Category 005,0,,Winter,6.09,2,3,0.0,0.0,0.6666666666666666,3.045,0.0,0.0,0.0,-6.09,2026-01-01,2026-01-31
2026-01-30,Demo Campaign 001,Demo Channel 001,Demo Category 001,0,,Winter,257.28,83,233,1.790472,4977.22568448,0.3562231759656652,3.099759036144578,0.0215719518072289,143.69395332627371,19.34556002985075,4719.945684480001,2026-01-01,2026-01-31
2026-01-30,Demo Campaign 014,Demo Channel 001,Demo Category 023,0,,Winter,21.81,5,99,0.0,0.0,0.0505050505050505,4.362,0.0,0.0,0.0,-21.81,2026-01-01,2026-01-31
2026-01-30,Demo Campaign 014,Demo Channel 001,Demo Category 007,0,,Winter,107.22,22,113,0.0,0.0,0.1946902654867256,4.873636363636364,0.0,0.0,0.0,-107.22,2026-01-01,2026-01-31
2026-01-30,Demo Campaign 012,Demo Channel 001,Demo Category 003,0,,Winter,4.24,1,3,0.0,0.0,0.3333333333333333,4.24,0.0,0.0,0.0,-4.24,2026-01-01,2026-01-31
2026-01-30,Demo Campaign 012,Demo Channel 001,Demo Category 014,0,,Winter,113.48,4,8,0.0,0.0,0.5,28.37,0.0,0.0,0.0,-113.48,2026-01-01,2026-01-31
2026-01-30,Demo Campaign 012,Demo Channel 001,Demo Category 005,0,,Winter,0.0,0,2,0.0,0.0,0.0,0.0,0.0,0.0,0.0,0.0,2026-01-01,2026-01-31
2026-01-30,Demo Campaign 012,Demo Channel 001,Demo Category 015,0,,Winter,15.39,1,3,0.0,0.0,0.3333333333333333,15.39,0.0,0.0,0.0,-15.39,2026-01-01,2026-01-31
2026-01-30,Demo Campaign 009,Demo Channel 001,Demo Category 014,0,,Winter,44.41,7,20,2.0,1799.68,0.35,6.344285714285713,0.2857142857142857,22.205,40.52420625985139,1755.27,2026-01-01,2026-01-31
2026-01-30,Demo Campaign 009,Demo Channel 001,Demo Category 005,0,,Winter,46.45,11,30,0.0,0.0,0.3666666666666666,4.222727272727273,0.0,0.0,0.0,-46.45,2026-01-01,2026-01-31
2026-01-30,Demo Campaign 009,Demo Channel 001,Demo Category 015,0,,Winter,76.97,5,15,0.0,0.0,0.3333333333333333,15.394,0.0,0.0,0.0,-76.97,2026-01-01,2026-01-31
2026-01-30,Demo Campaign 006,Demo Channel 001,Demo Category 004,0,,Winter,7.6,2,10,0.0,0.0,0.2,3.8,0.0,0.0,0.0,-7.6,2026-01-01,2026-01-31
2026-01-30,Demo Campaign 006,Demo Channel 001,Demo Category 003,0,,Winter,20.89,7,24,0.0,0.0,0.2916666666666667,2.9842857142857144,0.0,0.0,0.0,-20.89,2026-01-01,2026-01-31
2026-01-30,Demo Campaign 006,Demo Channel 001,Demo Category 014,0,,Winter,114.448598,22,83,0.0,0.0,0.2650602409638554,5.202209,0.0,0.0,0.0,-114.448598,2026-01-01,2026-01-31
2026-01-30,Demo Campaign 006,Demo Channel 001,Demo Category 005,0,,Winter,19.296734,5,41,0.0,0.0,0.1219512195121951,3.8593468,0.0,0.0,0.0,-19.296734,2026-01-01,2026-01-31
2026-01-30,Demo Campaign 006,Demo Channel 001,Demo Category 015,0,,Winter,19.29,3,47,0.0,0.0,0.0638297872340425,6.43,0.0,0.0,0.0,-19.29,2026-01-01,2026-01-31
2026-01-30,Demo Campaign 006,Demo Channel 001,Demo Category 001,0,,Winter,11.71,1,1,0.0,0.0,1.0,11.71,0.0,0.0,0.0,-11.71,2026-01-01,2026-01-31
2026-01-30,Demo Campaign 010,Demo Channel 001,Demo Category 003,0,,Winter,2.15,1,2,0.0,0.0,0.5,2.15,0.0,0.0,0.0,-2.15,2026-01-01,2026-01-31
2026-01-30,Demo Campaign 010,Demo Channel 001,Demo Category 014,0,,Winter,32.5,8,23,0.0,0.0,0.3478260869565217,4.0625,0.0,0.0,0.0,-32.5,2026-01-01,2026-01-31
2026-01-30,Demo Campaign 010,Demo Channel 001,Demo Category 005,0,,Winter,226.523435,53,331,0.0,0.0,0.1601208459214501,4.2740270754716985,0.0,0.0,0.0,-226.523435,2026-01-01,2026-01-31
2026-01-30,Demo Campaign 003,Demo Channel 001,Demo Category 013,0,,Winter,1048.019582,774,1806,15.11093,54938.306119596,0.4285714285714285,1.3540304677002584,0.019523165374677,69.3550682850096,52.42106833037783,53890.286537596,2026-01-01,2026-01-31
2026-01-30,Demo Campaign 003,Demo Channel 001,Demo Category 017,0,,Winter,2.68,2,53,0.0,0.0,0.0377358490566037,1.34,0.0,0.0,0.0,-2.68,2026-01-01,2026-01-31
2026-01-30,Demo Campaign 003,Demo Channel 001,Demo Category 031,0,,Winter,0.0,0,7,0.0,0.0,0.0,0.0,0.0,0.0,0.0,0.0,2026-01-01,2026-01-31
2026-01-30,Demo Campaign 003,Demo Channel 001,Demo Category 002,0,,Winter,28.37,19,65,0.0,0.0,0.2923076923076923,1.4931578947368422,0.0,0.0,0.0,-28.37,2026-01-01,2026-01-31
2026-01-30,Demo Campaign 013,Demo Channel 001,Demo Category 021,0,,Winter,0.0,0,2,0.0,0.0,0.0,0.0,0.0,0.0,0.0,0.0,2026-01-01,2026-01-31
2026-01-30,Demo Campaign 008,Demo Channel 001,Demo Category 004,0,,Winter,67.2,8,142,0.0,0.0,0.056338028169014,8.4,0.0,0.0,0.0,-67.2,2026-01-01,2026-01-31
2026-01-30,Demo Campaign 008,Demo Channel 001,Demo Category 003,0,,Winter,14.84,4,139,0.0,0.0,0.0287769784172661,3.71,0.0,0.0,0.0,-14.84,2026-01-01,2026-01-31
2026-01-30,Demo Campaign 008,Demo Channel 001,Demo Category 005,0,,Winter,57.43,10,187,3.0,9599.49,0.053475935828877,5.743,0.3,19.14333333333333,167.15114051889256,9542.06,2026-01-01,2026-01-31
2026-01-30,Demo Campaign 008,Demo Channel 001,Demo Category 015,0,,Winter,190.87,25,415,0.0,0.0,0.0602409638554216,7.6348,0.0,0.0,0.0,-190.87,2026-01-01,2026-01-31
2026-01-30,Demo Campaign 008,Demo Channel 001,Demo Category 001,0,,Winter,1.98,1,49,0.0,0.0,0.0204081632653061,1.98,0.0,0.0,0.0,-1.98,2026-01-01,2026-01-31
2026-01-30,Demo Campaign 002,Demo Channel 001,Demo Category 023,0,,Winter,34.82,7,68,0.0,0.0,0.1029411764705882,4.974285714285714,0.0,0.0,0.0,-34.82,2026-01-01,2026-01-31
2026-01-30,Demo Campaign 002,Demo Channel 001,Demo Category 004,0,,Winter,45.51,14,234,0.0,0.0,0.0598290598290598,3.250714285714285,0.0,0.0,0.0,-45.51,2026-01-01,2026-01-31
2026-01-30,Demo Campaign 002,Demo Channel 001,Demo Category 003,0,,Winter,8.4,1,20,0.0,0.0,0.05,8.4,0.0,0.0,0.0,-8.4,2026-01-01,2026-01-31
2026-01-30,Demo Campaign 002,Demo Channel 001,Demo Category 005,0,,Winter,8.12,1,38,0.0,0.0,0.0263157894736842,8.12,0.0,0.0,0.0,-8.12,2026-01-01,2026-01-31
2026-01-30,Demo Campaign 002,Demo Channel 001,Demo Category 001,0,,Winter,105.52962,25,209,1.333334,1866.5342666,0.1196172248803827,4.2211848,0.05333336,79.14717542641228,17.687302073105162,1761.0046466,2026-01-01,2026-01-31
2026-01-30,Demo Campaign 015,Demo Channel 001,Demo Category 016,0,,Winter,79.28,13,105,0.0,0.0,0.1238095238095238,6.098461538461539,0.0,0.0,0.0,-79.28,2026-01-01,2026-01-31
2026-01-30,Demo Campaign 015,Demo Channel 001,Demo Category 008,0,,Winter,25.36,4,33,0.0,0.0,0.1212121212121212,6.34,0.0,0.0,0.0,-25.36,2026-01-01,2026-01-31
2026-01-30,Demo Campaign 005,Demo Channel 001,Demo Category 004,0,,Winter,5.02,1,38,0.0,0.0,0.0263157894736842,5.02,0.0,0.0,0.0,-5.02,2026-01-01,2026-01-31
2026-01-30,Demo Campaign 005,Demo Channel 001,Demo Category 003,0,,Winter,0.0,0,7,0.0,0.0,0.0,0.0,0.0,0.0,0.0,0.0,2026-01-01,2026-01-31
2026-01-30,Demo Campaign 005,Demo Channel 001,Demo Category 014,0,,Winter,8.73,1,16,0.0,0.0,0.0625,8.73,0.0,0.0,0.0,-8.73,2026-01-01,2026-01-31
2026-01-30,Demo Campaign 005,Demo Channel 001,Demo Category 005,0,,Winter,0.0,0,4,0.0,0.0,0.0,0.0,0.0,0.0,0.0,0.0,2026-01-01,2026-01-31
2026-01-30,Demo Campaign 005,Demo Channel 001,Demo Category 015,0,,Winter,9.86,2,18,0.0,0.0,0.1111111111111111,4.93,0.0,0.0,0.0,-9.86,2026-01-01,2026-01-31
2026-01-30,Demo Campaign 005,Demo Channel 001,Demo Category 001,0,,Winter,0.0,0,6,0.0,0.0,0.0,0.0,0.0,0.0,0.0,0.0,2026-01-01,2026-01-31
2026-01-30,Demo Campaign 004,Demo Channel 001,Demo Category 004,0,,Winter,43.27318,9,83,0.0,0.0,0.108433734939759,4.808131111111112,0.0,0.0,0.0,-43.27318,2026-01-01,2026-01-31
2026-01-30,Demo Campaign 004,Demo Channel 001,Demo Category 003,0,,Winter,60.33,10,178,0.0,0.0,0.0561797752808988,6.033,0.0,0.0,0.0,-60.33,2026-01-01,2026-01-31
2026-01-30,Demo Campaign 004,Demo Channel 001,Demo Category 005,0,,Winter,7.67,2,184,0.0,0.0,0.0108695652173913,3.835,0.0,0.0,0.0,-7.67,2026-01-01,2026-01-31
2026-01-30,Demo Campaign 004,Demo Channel 001,Demo Category 015,0,,Winter,79.81,5,162,2.0,3999.8,0.0308641975308641,15.962,0.4,39.905,50.1165267510337,3919.99,2026-01-01,2026-01-31
2026-01-30,Demo Campaign 004,Demo Channel 001,Demo Category 001,0,,Winter,51.81,9,97,0.0,0.0,0.0927835051546391,5.756666666666667,0.0,0.0,0.0,-51.81,2026-01-01,2026-01-31
2026-01-30,Demo Campaign 016,Demo Channel 001,Demo Category 018,0,,Winter,0.0,0,23,0.0,0.0,0.0,0.0,0.0,0.0,0.0,0.0,2026-01-01,2026-01-31
2026-01-30,Demo Campaign 016,Demo Channel 001,Demo Category 020,0,,Winter,0.0,0,14,0.0,0.0,0.0,0.0,0.0,0.0,0.0,0.0,2026-01-01,2026-01-31
2026-01-30,Demo Campaign 016,Demo Channel 001,Demo Category 019,0,,Winter,0.0,0,19,0.0,0.0,0.0,0.0,0.0,0.0,0.0,0.0,2026-01-01,2026-01-31
2026-01-30,Demo Campaign 016,Demo Channel 001,Demo Category 028,0,,Winter,0.0,0,5,0.0,0.0,0.0,0.0,0.0,0.0,0.0,0.0,2026-01-01,2026-01-31
2026-01-30,Demo Campaign 016,Demo Channel 001,Demo Category 025,0,,Winter,0.0,0,2,0.0,0.0,0.0,0.0,0.0,0.0,0.0,0.0,2026-01-01,2026-01-31
2026-01-30,Demo Campaign 016,Demo Channel 001,Demo Category 026,0,,Winter,0.0,0,5,0.0,0.0,0.0,0.0,0.0,0.0,0.0,0.0,2026-01-01,2026-01-31
2026-01-30,Demo Campaign 016,Demo Channel 001,Demo Category 027,0,,Winter,0.0,0,10,0.0,0.0,0.0,0.0,0.0,0.0,0.0,0.0,2026-01-01,2026-01-31
2026-01-30,Demo Campaign 016,Demo Channel 001,Demo Category 009,0,,Winter,0.0,0,24,0.0,0.0,0.0,0.0,0.0,0.0,0.0,0.0,2026-01-01,2026-01-31
2026-01-30,Demo Campaign 016,Demo Channel 001,Demo Category 022,0,,Winter,0.0,0,3,0.0,0.0,0.0,0.0,0.0,0.0,0.0,0.0,2026-01-01,2026-01-31
2026-01-30,Demo Campaign 017,Demo Channel 002,Demo Category 010,0,,Winter,91.259371,88,7510,0.0,0.0,0.0117177097203728,1.037038306818182,0.0,0.0,0.0,-91.259371,2026-01-01,2026-01-31
2026-01-30,Demo Campaign 018,Demo Channel 002,Demo Category 011,0,,Winter,82.56809,103,7272,0.0,0.0,0.0141639163916391,0.8016319417475728,0.0,0.0,0.0,-82.56809,2026-01-01,2026-01-31
2026-01-30,Demo Campaign 019,Demo Channel 002,Demo Category 012,0,,Winter,91.093813,66,2281,0.0,0.0,0.0289346777729066,1.380209287878788,0.0,0.0,0.0,-91.093813,2026-01-01,2026-01-31
2026-01-31,Demo Campaign 020,Demo Channel 003,Demo Category 010,0,,Winter,30.153077,4,1040,0.0,0.0,0.0038461538461538,7.53826925,0.0,0.0,0.0,-30.153077,2026-01-01,2026-01-31
2026-01-31,Demo Campaign 020,Demo Channel 003,Demo Category 012,0,,Winter,57.497228,8,2367,0.0,0.0,0.0033798056611744,7.1871535,0.0,0.0,0.0,-57.497228,2026-01-01,2026-01-31
2026-01-31,Demo Campaign 007,Demo Channel 001,Demo Category 004,0,,Winter,49.894329,15,36,0.0,0.0,0.4166666666666667,3.3262886,0.0,0.0,0.0,-49.894329,2026-01-01,2026-01-31
2026-01-31,Demo Campaign 007,Demo Channel 001,Demo Category 003,0,,Winter,92.89,25,65,0.0,0.0,0.3846153846153846,3.7156,0.0,0.0,0.0,-92.89,2026-01-01,2026-01-31
2026-01-31,Demo Campaign 007,Demo Channel 001,Demo Category 014,0,,Winter,397.309481,131,498,1.0,999.9,0.2630522088353413,3.032896801526717,0.0076335877862595,397.309481,2.516677924431408,602.590519,2026-01-01,2026-01-31
2026-01-31,Demo Campaign 007,Demo Channel 001,Demo Category 005,0,,Winter,89.328519,26,74,2.0,3799.8,0.3513513513513513,3.4357122692307693,0.0769230769230769,44.6642595,42.53736704176188,3710.471481,2026-01-01,2026-01-31
2026-01-31,Demo Campaign 007,Demo Channel 001,Demo Category 015,0,,Winter,115.86,31,92,2.0,3199.8,0.3369565217391304,3.7374193548387096,0.064516129032258,57.93,27.61781460383221,3083.94,2026-01-01,2026-01-31
2026-01-31,Demo Campaign 001,Demo Channel 001,Demo Category 004,0,,Winter,28.37,7,21,0.0,0.0,0.3333333333333333,4.052857142857143,0.0,0.0,0.0,-28.37,2026-01-01,2026-01-31
2026-01-31,Demo Campaign 001,Demo Channel 001,Demo Category 003,0,,Winter,0.0,0,9,0.0,0.0,0.0,0.0,0.0,0.0,0.0,0.0,2026-01-01,2026-01-31
2026-01-31,Demo Campaign 001,Demo Channel 001,Demo Category 001,0,,Winter,264.114031,85,300,0.0,0.0,0.2833333333333333,3.1072238941176478,0.0,0.0,0.0,-264.114031,2026-01-01,2026-01-31
2026-01-31,Demo Campaign 014,Demo Channel 001,Demo Category 023,0,,Winter,61.53,13,116,0.0,0.0,0.1120689655172413,4.733076923076923,0.0,0.0,0.0,-61.53,2026-01-01,2026-01-31
2026-01-31,Demo Campaign 014,Demo Channel 001,Demo Category 007,0,,Winter,78.613325,15,88,0.0,0.0,0.1704545454545454,5.240888333333333,0.0,0.0,0.0,-78.613325,2026-01-01,2026-01-31
2026-01-31,Demo Campaign 012,Demo Channel 001,Demo Category 014,0,,Winter,5.44,4,8,0.0,0.0,0.5,1.36,0.0,0.0,0.0,-5.44,2026-01-01,2026-01-31
2026-01-31,Demo Campaign 012,Demo Channel 001,Demo Category 005,0,,Winter,15.62,4,6,0.0,0.0,0.6666666666666666,3.905,0.0,0.0,0.0,-15.62,2026-01-01,2026-01-31
2026-01-31,Demo Campaign 012,Demo Channel 001,Demo Category 015,0,,Winter,0.69,1,2,0.0,0.0,0.5,0.69,0.0,0.0,0.0,-0.69,2026-01-01,2026-01-31
2026-01-31,Demo Campaign 009,Demo Channel 001,Demo Category 014,0,,Winter,83.98,10,66,0.0,0.0,0.1515151515151515,8.398,0.0,0.0,0.0,-83.98,2026-01-01,2026-01-31
2026-01-31,Demo Campaign 009,Demo Channel 001,Demo Category 005,0,,Winter,39.48,6,27,0.0,0.0,0.2222222222222222,6.579999999999999,0.0,0.0,0.0,-39.48,2026-01-01,2026-01-31
2026-01-31,Demo Campaign 009,Demo Channel 001,Demo Category 015,0,,Winter,44.94,6,26,0.0,0.0,0.2307692307692307,7.489999999999999,0.0,0.0,0.0,-44.94,2026-01-01,2026-01-31
2026-01-31,Demo Campaign 006,Demo Channel 001,Demo Category 004,0,,Winter,8.96,1,8,0.0,0.0,0.125,8.96,0.0,0.0,0.0,-8.96,2026-01-01,2026-01-31
2026-01-31,Demo Campaign 006,Demo Channel 001,Demo Category 003,0,,Winter,108.2,20,63,0.0,0.0,0.3174603174603174,5.41,0.0,0.0,0.0,-108.2,2026-01-01,2026-01-31
2026-01-31,Demo Campaign 006,Demo Channel 001,Demo Category 014,0,,Winter,60.62,17,91,0.0,0.0,0.1868131868131868,3.5658823529411765,0.0,0.0,0.0,-60.62,2026-01-01,2026-01-31
2026-01-31,Demo Campaign 006,Demo Channel 001,Demo Category 005,0,,Winter,28.83,11,38,0.0,0.0,0.2894736842105263,2.62090909090909,0.0,0.0,0.0,-28.83,2026-01-01,2026-01-31
2026-01-31,Demo Campaign 006,Demo Channel 001,Demo Category 015,0,,Winter,50.61,5,51,0.0,0.0,0.0980392156862745,10.122,0.0,0.0,0.0,-50.61,2026-01-01,2026-01-31
2026-01-31,Demo Campaign 006,Demo Channel 001,Demo Category 001,0,,Winter,0.0,0,2,0.0,0.0,0.0,0.0,0.0,0.0,0.0,0.0,2026-01-01,2026-01-31
2026-01-31,Demo Campaign 010,Demo Channel 001,Demo Category 014,0,,Winter,27.05,9,17,0.0,0.0,0.5294117647058824,3.0055555555555555,0.0,0.0,0.0,-27.05,2026-01-01,2026-01-31
2026-01-31,Demo Campaign 010,Demo Channel 001,Demo Category 005,0,,Winter,190.399622,45,305,0.0,0.0,0.1475409836065573,4.231102711111111,0.0,0.0,0.0,-190.399622,2026-01-01,2026-01-31
2026-01-31,Demo Campaign 003,Demo Channel 001,Demo Category 013,0,,Winter,1137.459458,865,2226,27.176681,57370.933713858,0.3885893980233603,1.3149820323699422,0.0314181283236994,41.85424474754662,50.43778335162254,56233.474255858,2026-01-01,2026-01-31
2026-01-31,Demo Campaign 003,Demo Channel 001,Demo Category 017,0,,Winter,15.71,8,96,0.0,0.0,0.0833333333333333,1.96375,0.0,0.0,0.0,-15.71,2026-01-01,2026-01-31
2026-01-31,Demo Campaign 003,Demo Channel 001,Demo Category 031,0,,Winter,1.95,1,34,0.0,0.0,0.0294117647058823,1.95,0.0,0.0,0.0,-1.95,2026-01-01,2026-01-31
2026-01-31,Demo Campaign 003,Demo Channel 001,Demo Category 002,0,,Winter,46.143472,25,76,0.0,0.0,0.3289473684210526,1.84573888,0.0,0.0,0.0,-46.143472,2026-01-01,2026-01-31
2026-01-31,Demo Campaign 013,Demo Channel 001,Demo Category 024,0,,Winter,0.0,0,1,0.0,0.0,0.0,0.0,0.0,0.0,0.0,0.0,2026-01-01,2026-01-31
2026-01-31,Demo Campaign 013,Demo Channel 001,Demo Category 021,0,,Winter,0.0,0,6,0.0,0.0,0.0,0.0,0.0,0.0,0.0,0.0,2026-01-01,2026-01-31
2026-01-31,Demo Campaign 013,Demo Channel 001,Demo Category 030,0,,Winter,0.0,0,1,0.0,0.0,0.0,0.0,0.0,0.0,0.0,0.0,2026-01-01,2026-01-31
2026-01-31,Demo Campaign 013,Demo Channel 001,Demo Category 006,0,,Winter,0.0,0,1,0.0,0.0,0.0,0.0,0.0,0.0,0.0,0.0,2026-01-01,2026-01-31
2026-01-31,Demo Campaign 008,Demo Channel 001,Demo Category 004,0,,Winter,33.08,7,149,0.0,0.0,0.046979865771812,4.725714285714285,0.0,0.0,0.0,-33.08,2026-01-01,2026-01-31
2026-01-31,Demo Campaign 008,Demo Channel 001,Demo Category 003,0,,Winter,33.54,9,143,0.0,0.0,0.0629370629370629,3.7266666666666666,0.0,0.0,0.0,-33.54,2026-01-01,2026-01-31
2026-01-31,Demo Campaign 008,Demo Channel 001,Demo Category 005,0,,Winter,58.15744,12,215,0.0,0.0,0.055813953488372,4.846453333333333,0.0,0.0,0.0,-58.15744,2026-01-01,2026-01-31
2026-01-31,Demo Campaign 008,Demo Channel 001,Demo Category 015,0,,Winter,148.78,27,458,0.0,0.0,0.0589519650655021,5.510370370370371,0.0,0.0,0.0,-148.78,2026-01-01,2026-01-31
2026-01-31,Demo Campaign 008,Demo Channel 001,Demo Category 001,0,,Winter,33.138433,8,58,0.0,0.0,0.1379310344827586,4.142304125,0.0,0.0,0.0,-33.138433,2026-01-01,2026-01-31
2026-01-31,Demo Campaign 002,Demo Channel 001,Demo Category 023,0,,Winter,25.52,5,50,0.0,0.0,0.1,5.104,0.0,0.0,0.0,-25.52,2026-01-01,2026-01-31
2026-01-31,Demo Campaign 002,Demo Channel 001,Demo Category 004,0,,Winter,71.23,15,198,0.108696,195.6419304,0.0757575757575757,4.748666666666667,0.0072464,655.3139029955105,2.746622636529552,124.4119304,2026-01-01,2026-01-31
2026-01-31,Demo Campaign 002,Demo Channel 001,Demo Category 003,0,,Winter,0.0,0,14,0.0,0.0,0.0,0.0,0.0,0.0,0.0,0.0,2026-01-01,2026-01-31
2026-01-31,Demo Campaign 002,Demo Channel 001,Demo Category 005,0,,Winter,0.0,0,26,0.0,0.0,0.0,0.0,0.0,0.0,0.0,0.0,2026-01-01,2026-01-31
2026-01-31,Demo Campaign 002,Demo Channel 001,Demo Category 001,0,,Winter,184.04,36,194,0.108696,141.2939304,0.1855670103092783,5.112222222222222,0.0030193333333333,1693.162581879738,0.7677348967615736,-42.7460696,2026-01-01,2026-01-31
2026-01-31,Demo Campaign 015,Demo Channel 001,Demo Category 016,0,,Winter,73.09,14,88,0.0,0.0,0.1590909090909091,5.220714285714286,0.0,0.0,0.0,-73.09,2026-01-01,2026-01-31
2026-01-31,Demo Campaign 015,Demo Channel 001,Demo Category 008,0,,Winter,21.39,4,63,0.0,0.0,0.0634920634920634,5.3475,0.0,0.0,0.0,-21.39,2026-01-01,2026-01-31
2026-01-31,Demo Campaign 005,Demo Channel 001,Demo Category 004,0,,Winter,0.0,0,1,0.0,0.0,0.0,0.0,0.0,0.0,0.0,0.0,2026-01-01,2026-01-31
2026-01-31,Demo Campaign 005,Demo Channel 001,Demo Category 014,0,,Winter,0.0,0,1,0.0,0.0,0.0,0.0,0.0,0.0,0.0,0.0,2026-01-01,2026-01-31
2026-01-31,Demo Campaign 005,Demo Channel 001,Demo Category 015,0,,Winter,0.0,0,3,0.0,0.0,0.0,0.0,0.0,0.0,0.0,0.0,2026-01-01,2026-01-31
2026-01-31,Demo Campaign 005,Demo Channel 001,Demo Category 001,0,,Winter,13.76,2,4,0.0,0.0,0.5,6.88,0.0,0.0,0.0,-13.76,2026-01-01,2026-01-31
2026-01-31,Demo Campaign 004,Demo Channel 001,Demo Category 004,0,,Winter,18.68,3,105,0.0,0.0,0.0285714285714285,6.226666666666667,0.0,0.0,0.0,-18.68,2026-01-01,2026-01-31
2026-01-31,Demo Campaign 004,Demo Channel 001,Demo Category 003,0,,Winter,81.10999999999999,13,255,0.0,0.0,0.0509803921568627,6.239230769230768,0.0,0.0,0.0,-81.10999999999999,2026-01-01,2026-01-31
2026-01-31,Demo Campaign 004,Demo Channel 001,Demo Category 005,0,,Winter,31.65,7,191,0.0,0.0,0.0366492146596858,4.521428571428571,0.0,0.0,0.0,-31.65,2026-01-01,2026-01-31
2026-01-31,Demo Campaign 004,Demo Channel 001,Demo Category 015,0,,Winter,27.09,7,206,0.0,0.0,0.0339805825242718,3.87,0.0,0.0,0.0,-27.09,2026-01-01,2026-01-31
2026-01-31,Demo Campaign 004,Demo Channel 001,Demo Category 001,0,,Winter,87.23,13,164,0.0,0.0,0.0792682926829268,6.71,0.0,0.0,0.0,-87.23,2026-01-01,2026-01-31
2026-01-31,Demo Campaign 016,Demo Channel 001,Demo Category 018,0,,Winter,1.11,1,21,0.0,0.0,0.0476190476190476,1.11,0.0,0.0,0.0,-1.11,2026-01-01,2026-01-31
2026-01-31,Demo Campaign 016,Demo Channel 001,Demo Category 020,0,,Winter,0.0,0,11,0.0,0.0,0.0,0.0,0.0,0.0,0.0,0.0,2026-01-01,2026-01-31
2026-01-31,Demo Campaign 016,Demo Channel 001,Demo Category 019,0,,Winter,0.0,0,4,0.0,0.0,0.0,0.0,0.0,0.0,0.0,0.0,2026-01-01,2026-01-31
2026-01-31,Demo Campaign 016,Demo Channel 001,Demo Category 028,0,,Winter,0.0,0,4,0.0,0.0,0.0,0.0,0.0,0.0,0.0,0.0,2026-01-01,2026-01-31
2026-01-31,Demo Campaign 016,Demo Channel 001,Demo Category 025,0,,Winter,0.0,0,1,0.0,0.0,0.0,0.0,0.0,0.0,0.0,0.0,2026-01-01,2026-01-31
2026-01-31,Demo Campaign 016,Demo Channel 001,Demo Category 026,0,,Winter,0.0,0,2,0.0,0.0,0.0,0.0,0.0,0.0,0.0,0.0,2026-01-01,2026-01-31
2026-01-31,Demo Campaign 016,Demo Channel 001,Demo Category 027,0,,Winter,0.0,0,2,0.0,0.0,0.0,0.0,0.0,0.0,0.0,0.0,2026-01-01,2026-01-31
2026-01-31,Demo Campaign 016,Demo Channel 001,Demo Category 009,0,,Winter,0.0,0,12,0.0,0.0,0.0,0.0,0.0,0.0,0.0,0.0,2026-01-01,2026-01-31
2026-01-31,Demo Campaign 016,Demo Channel 001,Demo Category 022,0,,Winter,0.0,0,6,0.0,0.0,0.0,0.0,0.0,0.0,0.0,0.0,2026-01-01,2026-01-31
2026-01-31,Demo Campaign 017,Demo Channel 002,Demo Category 010,0,,Winter,87.013863,84,9136,0.0,0.0,0.0091943957968476,1.0358793214285715,0.0,0.0,0.0,-87.013863,2026-01-01,2026-01-31
2026-01-31,Demo Campaign 018,Demo Channel 002,Demo Category 011,0,,Winter,73.337919,86,6042,0.0,0.0,0.0142336974511751,0.8527665,0.0,0.0,0.0,-73.337919,2026-01-01,2026-01-31
2026-01-31,Demo Campaign 019,Demo Channel 002,Demo Category 012,0,,Winter,101.667801,94,4301,0.0,0.0,0.0218553824691932,1.0815723510638298,0.0,0.0,0.0,-101.667801,2026-01-01,2026-01-31
